ST_CASE,VEH_NO,PER_NO,YEAR,P1,P2,P3,P4,P5,P6,P7,P8,P9,P10
40670,1,1,1991,0,0,0,0,0,0,0,0,0,0
40672,0,1,1991,34,0,24,9,0,0,0,0,0,0
40672,1,1,1991,0,0,0,0,0,0,0,0,0,0
40673,1,1,1991,0,0,11,20,14,0,0,0,12,0
40673,2,1,1991,20,33,26,16,3,7,13,38,13,14
40674,1,1,1991,16,16,16,16,16,16,16,16,16,16
40674,2,1,1991,11,0,8,18,0,0,18,12,21,7
40674,3,1,1991,0,0,0,0,0,0,0,0,0,0
40675,1,1,1991,0,0,0,0,0,0,0,0,0,0
40675,2,1,1991,0,0,0,0,0,0,0,0,0,0
40675,3,1,1991,0,0,0,0,0,0,0,0,0,0
40676,1,1,1991,0,15,15,21,0,0,21,25,19,19
40676,2,1,1991,0,0,0,0,10,0,0,0,0,0
40677,0,1,1991,0,0,0,0,13,0,0,0,11,22
40677,0,2,1991,6,0,0,20,15,15,12,0,0,0
40677,1,1,1991,14,27,15,24,22,20,5,26,22,0
40678,1,1,1991,22,13,25,20,9,31,18,22,38,21
40678,2,1,1991,0,0,0,0,0,29,0,0,2,0
40679,0,1,1991,16,18,8,7,14,18,19,29,36,42
40679,1,1,1991,0,0,0,0,0,0,0,0,0,0
40680,1,1,1991,15,15,15,15,15,15,15,15,15,15
40680,2,1,1991,0,0,0,0,0,0,0,0,0,0
40681,0,1,1991,0,0,0,0,0,0,0,0,0,0
40681,1,1,1991,9,12,17,9,20,13,0,0,6,3
40682,1,1,1991,0,0,0,0,0,0,0,0,0,0
40682,2,1,1991,16,16,16,16,16,16,16,16,16,16
40683,1,1,1991,20,20,20,20,20,20,20,20,20,20
40683,2,1,1991,0,0,0,0,0,0,0,0,0,0
40684,1,1,1991,11,11,11,11,11,11,11,11,11,11
40685,1,1,1991,0,0,0,0,0,0,0,10,0,0
40686,1,1,1991,33,33,33,33,33,33,33,33,33,33
40687,0,1,1991,0,0,0,0,0,0,0,0,0,0
40687,1,1,1991,0,0,0,0,0,0,0,0,0,0
40688,1,1,1991,13,26,16,23,0,0,29,0,0,36
40689,1,1,1991,0,2,0,0,0,0,0,0,0,0
40689,2,1,1991,0,0,0,0,0,0,0,0,0,0
40690,1,1,1991,11,15,7,16,18,7,23,7,13,24
40691,1,1,1991,31,22,23,0,6,16,16,19,26,6
40692,1,1,1991,0,0,0,0,0,0,0,0,0,0
40693,1,1,1991,20,20,20,20,20,20,20,20,20,20
40694,0,1,1991,22,19,19,30,21,10,16,24,12,6
40694,1,1,1991,0,13,11,0,21,0,0,9,26,0
40695,0,1,1991,33,16,19,17,17,18,17,32,0,3
40695,1,1,1991,0,0,0,0,0,0,0,0,0,0
40696,1,1,1991,19,26,13,20,9,5,14,16,15,4
40697,1,1,1991,0,0,16,0,0,0,0,0,23,0
40698,1,1,1991,0,0,0,0,0,0,0,0,0,0
40698,2,1,1991,0,0,0,0,0,0,0,0,0,0
40699,1,1,1991,0,0,0,0,0,0,0,0,0,0
40699,2,1,1991,0,0,0,0,0,0,0,0,0,0
40700,1,1,1991,0,0,14,0,0,0,0,0,0,0
40700,2,1,1991,12,19,0,0,8,18,0,0,10,0
40701,1,1,1991,0,0,0,0,0,0,0,0,11,0
40701,2,1,1991,0,0,0,0,0,0,0,0,0,0
40702,1,1,1991,24,24,24,24,24,24,24,24,24,24
40702,2,1,1991,0,0,0,0,0,0,0,0,0,0
40703,1,1,1991,28,28,28,28,28,28,28,28,28,28
40703,2,1,1991,0,0,0,0,0,0,0,2,0,24
40704,1,1,1991,0,0,0,0,0,0,0,0,0,0
40704,2,1,1991,0,0,0,0,0,0,0,0,0,0
40705,1,1,1991,24,8,30,25,0,0,23,19,18,18
40706,1,1,1991,11,18,0,0,0,0,0,0,0,0
40706,2,1,1991,0,0,0,0,0,0,0,0,0,0
40706,3,1,1991,25,25,25,25,25,25,25,25,25,25
40707,1,1,1991,0,0,0,0,0,0,0,0,0,0
40708,1,1,1991,8,13,14,0,7,0,9,18,25,25
40709,0,1,1991,5,5,5,5,5,5,5,5,5,5
40709,1,1,1991,0,0,0,0,0,0,0,0,0,0
40711,1,1,1991,5,5,5,5,5,5,5,5,5,5
40711,2,1,1991,0,0,0,0,0,0,0,0,0,0
40712,1,1,1991,0,20,11,9,15,14,7,14,10,17
40713,1,1,1991,16,16,16,16,16,16,16,16,16,16
40714,1,1,1991,0,0,0,0,0,0,0,0,0,0
40715,1,1,1991,0,0,0,0,0,0,0,12,0,0
40716,1,1,1991,5,5,5,5,5,5,5,5,5,5
40717,1,1,1991,7,7,7,7,7,7,7,7,7,7
40718,1,1,1991,0,0,0,0,0,0,0,0,0,0
40718,2,1,1991,0,0,0,0,0,0,0,0,0,0
40719,0,1,1991,0,0,0,0,0,0,0,0,0,0
40719,1,1,1991,0,0,0,0,6,0,20,0,0,0
40720,1,1,1991,0,0,0,0,0,0,0,0,0,0
40720,2,1,1991,0,0,0,0,0,0,0,0,0,0
40721,1,1,1991,0,0,0,0,0,0,0,0,0,0
40721,2,1,1991,0,0,0,0,0,0,0,0,0,0
40722,1,1,1991,18,19,5,13,12,25,23,17,18,20
40723,1,1,1991,15,14,21,21,12,6,9,15,7,0
40724,1,1,1991,0,0,0,0,20,0,0,0,0,0
40724,2,1,1991,0,0,0,0,0,0,0,0,0,0
40725,1,1,1991,0,0,0,0,0,0,0,0,0,0
40725,2,1,1991,0,0,0,0,0,0,0,0,0,0
40726,0,1,1991,0,0,0,0,0,0,0,0,0,0
40726,1,1,1991,0,0,0,0,0,0,0,0,0,0
40727,1,1,1991,12,18,30,10,15,30,13,0,13,6
40728,1,1,1991,0,0,0,0,0,0,0,0,0,0
40728,2,1,1991,0,0,0,0,0,0,0,0,0,0
40729,1,1,1991,16,0,0,0,0,0,0,0,0,0
40729,2,1,1991,22,11,0,12,0,16,11,17,0,8
40732,1,1,1991,7,12,22,6,0,6,15,22,4,30
40733,1,1,1991,6,0,0,0,0,34,0,4,0,0
40734,0,1,1991,5,0,10,23,13,6,9,0,12,13
40734,1,1,1991,27,19,15,13,9,17,6,12,6,11
40734,2,1,1991,0,0,0,0,0,0,0,0,0,0
40735,0,1,1991,26,26,26,26,26,26,26,26,26,26
40735,1,1,1991,0,0,0,0,0,0,0,0,0,0
40736,1,1,1991,19,28,20,4,24,16,33,14,9,30
40737,1,1,1991,0,0,0,0,0,0,0,0,0,0
40737,2,1,1991,0,0,0,0,0,0,0,0,0,0
40739,1,1,1991,0,0,0,0,0,0,0,0,19,0
40740,1,1,1991,0,0,0,0,0,0,0,0,0,0
40740,2,1,1991,0,0,15,0,0,0,0,0,0,0
40741,1,1,1991,0,0,0,0,0,0,0,0,0,0
40741,2,1,1991,0,0,0,0,0,0,0,0,0,0
40742,1,1,1991,0,0,0,0,0,0,0,0,0,0
40743,1,1,1991,7,16,3,5,0,22,5,16,27,17
40744,1,1,1991,11,6,14,23,23,23,25,14,10,19
40744,2,1,1991,15,5,14,10,18,0,8,4,15,12
40745,1,1,1991,23,29,20,31,13,19,40,19,26,48
40746,1,1,1991,0,0,0,0,0,0,0,14,0,0
40746,2,1,1991,0,0,0,0,0,0,0,0,0,0
40746,3,1,1991,0,0,0,0,0,0,0,0,0,0
40747,1,1,1991,6,0,0,13,0,0,0,17,0,0
40748,1,1,1991,15,0,0,0,0,0,0,0,18,0
40749,1,1,1991,0,0,0,0,0,0,4,0,0,0
40752,0,1,1991,17,17,17,17,17,17,17,17,17,17
40752,1,1,1991,0,0,0,0,0,0,19,12,0,0
40753,1,1,1991,17,0,3,0,0,18,0,11,20,8
40754,1,1,1991,0,0,0,0,0,0,0,0,0,0
40755,1,3,1991,0,0,0,0,0,0,0,0,0,0
50001,1,1,1991,4,4,4,4,4,4,4,4,4,4
50002,1,1,1991,14,14,14,14,14,14,14,14,14,14
50003,1,1,1991,3,3,3,3,3,3,3,3,3,3
50004,1,1,1991,0,0,0,0,0,0,0,0,0,0
50004,2,1,1991,0,0,0,0,0,0,0,0,0,0
50005,1,1,1991,0,0,0,0,0,0,0,0,0,0
50005,2,1,1991,6,32,11,14,23,26,12,8,7,24
50006,1,1,1991,14,14,14,14,14,14,14,14,14,14
50007,1,1,1991,18,18,18,18,18,18,18,18,18,18
50008,1,1,1991,17,17,17,17,17,17,17,17,17,17
50009,1,1,1991,14,14,14,14,14,14,14,14,14,14
50010,0,1,1991,0,0,0,0,0,0,0,0,0,0
50010,1,1,1991,0,0,0,0,0,0,0,0,0,21
50011,1,1,1991,27,0,4,21,5,13,19,11,0,0
50011,2,1,1991,0,0,0,0,0,0,0,0,0,0
50012,1,1,1991,0,0,0,0,0,0,0,0,0,0
50012,2,1,1991,8,18,25,18,8,17,9,12,10,17
50013,1,1,1991,10,5,37,7,15,14,19,16,11,10
50014,0,1,1991,30,26,0,39,15,25,36,21,20,0
50014,1,1,1991,0,0,0,0,0,0,0,0,0,0
50015,1,1,1991,0,3,0,0,0,0,0,7,10,0
50016,1,1,1991,17,0,0,0,0,0,0,0,0,0
50017,0,1,1991,0,0,0,14,0,0,0,0,0,0
50017,0,2,1991,0,26,0,0,17,22,43,0,0,0
50017,0,3,1991,0,0,0,0,0,19,0,31,0,0
50017,1,1,1991,14,14,14,14,14,14,14,14,14,14
50018,1,1,1991,0,0,0,0,0,0,0,0,0,0
50019,1,1,1991,15,15,15,15,15,15,15,15,15,15
50020,1,1,1991,13,14,28,17,23,0,21,25,23,20
50021,0,1,1991,0,0,0,0,0,0,0,0,0,0
50021,1,1,1991,0,0,0,0,0,0,0,0,0,0
50022,1,1,1991,0,0,0,0,0,0,0,0,0,0
50023,1,1,1991,29,18,22,12,12,7,11,16,18,21
50024,1,1,1991,0,0,0,6,0,0,0,0,19,18
50025,1,1,1991,19,19,19,19,19,19,19,19,19,19
50026,1,1,1991,24,24,24,24,24,24,24,24,24,24
50027,1,1,1991,0,0,0,0,0,0,0,0,0,0
50028,1,1,1991,10,13,14,9,15,11,28,5,10,6
50028,2,1,1991,10,10,10,10,10,10,10,10,10,10
50029,1,1,1991,0,0,0,0,0,0,0,0,0,0
50029,2,1,1991,0,0,0,0,0,0,0,0,0,0
50030,1,1,1991,16,0,0,0,0,0,0,0,0,0
50031,1,1,1991,9,0,0,0,0,50,0,0,0,0
50032,1,1,1991,14,0,0,0,0,15,0,0,10,0
50032,2,1,1991,18,18,18,18,18,18,18,18,18,18
50033,1,1,1991,16,16,16,16,16,16,16,16,16,16
50034,1,1,1991,0,0,17,0,0,0,0,0,0,0
50035,1,1,1991,0,0,0,0,0,0,0,0,0,0
50035,2,1,1991,0,0,0,0,0,0,0,0,0,0
50036,1,1,1991,21,10,18,23,18,0,22,31,30,15
50037,1,1,1991,12,10,6,0,9,14,11,0,6,12
50037,2,1,1991,0,0,0,0,0,0,0,11,0,0
50038,1,1,1991,0,0,0,0,0,0,0,0,0,0
50039,1,1,1991,0,0,0,0,0,0,0,0,0,0
50039,2,1,1991,0,0,0,0,0,0,0,0,0,0
50039,3,1,1991,12,24,0,5,18,24,13,23,16,29
50040,1,1,1991,0,0,0,0,0,0,0,0,0,0
50040,2,1,1991,0,21,0,5,4,6,6,5,3,24
50041,1,1,1991,19,19,19,19,19,19,19,19,19,19
50041,2,1,1991,17,19,0,4,0,15,0,12,16,9
50042,1,1,1991,10,12,15,8,9,22,17,6,8,14
50043,1,1,1991,13,13,13,13,13,13,13,13,13,13
50044,1,1,1991,0,0,0,27,0,11,0,20,0,0
50045,1,1,1991,6,6,6,6,6,6,6,6,6,6
50046,1,1,1991,22,22,22,22,22,22,22,22,22,22
50046,2,1,1991,0,0,0,0,0,0,0,0,0,0
50047,0,1,1991,0,0,0,0,0,0,0,0,0,0
50047,1,1,1991,0,0,0,0,0,0,0,0,0,0
50048,1,1,1991,0,0,0,0,0,26,16,0,0,0
50049,0,1,1991,0,0,0,0,18,0,14,0,0,0
50049,1,1,1991,0,0,0,0,0,0,0,0,0,0
50050,1,1,1991,23,44,22,29,18,11,27,24,19,21
50051,1,1,1991,15,15,15,15,15,15,15,15,15,15
50052,1,1,1991,19,19,19,19,19,19,19,19,19,19
50052,2,1,1991,0,0,0,0,0,0,0,0,0,0
50052,3,1,1991,0,0,0,0,0,0,0,0,0,0
50052,4,1,1991,0,0,0,0,0,0,0,0,0,0
50053,0,1,1991,24,32,23,26,30,16,23,9,17,22
50053,1,1,1991,0,0,0,0,0,0,0,0,0,0
50054,1,1,1991,12,0,0,0,0,0,0,0,0,0
50055,1,1,1991,0,0,0,0,0,0,0,0,0,0
50055,2,1,1991,0,0,0,0,0,0,0,0,0,0
50056,1,1,1991,0,0,0,0,0,0,0,0,0,0
50056,2,1,1991,0,0,0,0,0,0,0,0,0,0
50057,1,1,1991,0,23,0,0,0,33,20,0,13,0
50058,1,1,1991,8,8,8,8,8,8,8,8,8,8
50059,1,1,1991,0,0,0,0,0,0,0,0,0,0
50059,2,1,1991,0,0,0,0,0,0,0,0,0,0
50059,3,1,1991,0,0,0,0,0,0,0,0,0,0
50059,4,1,1991,0,0,0,0,0,0,0,0,0,0
50061,1,1,1991,2,2,2,2,2,2,2,2,2,2
50062,1,1,1991,24,19,26,11,31,11,18,7,27,12
50063,1,1,1991,0,0,0,0,0,0,0,0,0,0
50063,2,1,1991,0,0,19,0,0,0,0,0,0,0
50064,1,1,1991,0,0,0,0,0,0,0,0,0,0
50064,2,1,1991,14,11,11,7,4,0,0,12,0,0
50065,1,1,1991,20,20,20,20,20,20,20,20,20,20
50066,1,1,1991,4,4,4,4,4,4,4,4,4,4
50066,2,1,1991,0,0,0,0,0,0,0,0,0,0
50067,1,1,1991,14,14,14,14,14,14,14,14,14,14
50068,1,1,1991,12,12,12,12,12,12,12,12,12,12
50069,0,1,1991,0,0,0,0,0,0,0,0,0,0
50069,1,1,1991,0,0,0,0,0,0,0,0,0,0
50070,1,1,1991,16,21,0,3,13,14,30,24,14,11
50071,1,1,1991,2,2,2,2,2,2,2,2,2,2
50071,2,1,1991,0,0,0,0,0,0,0,0,0,0
50072,0,1,1991,18,7,47,29,10,0,25,17,9,13
50072,1,1,1991,0,0,0,0,0,0,0,0,0,0
50073,1,1,1991,0,0,0,0,0,0,0,0,0,0
50073,2,1,1991,0,0,0,6,0,0,0,0,0,0
50074,1,1,1991,19,20,7,8,5,11,7,20,25,6
50075,0,1,1991,0,0,0,0,0,0,0,0,0,0
50075,1,1,1991,0,0,0,0,0,0,0,0,0,0
50076,1,1,1991,0,0,0,0,0,0,0,0,0,0
50076,2,1,1991,16,16,16,16,16,16,16,16,16,16
50078,1,1,1991,3,3,3,3,3,3,3,3,3,3
50078,2,1,1991,0,8,0,0,0,0,0,0,0,0
50079,1,1,1991,10,10,10,10,10,10,10,10,10,10
50080,1,1,1991,9,21,20,23,16,16,25,27,50,17
50081,1,1,1991,7,7,7,7,7,7,7,7,7,7
50082,1,1,1991,19,19,19,19,19,19,19,19,19,19
50082,2,1,1991,15,15,15,15,15,15,15,15,15,15
50083,1,1,1991,1,1,1,1,1,1,1,1,1,1
50083,2,1,1991,23,0,0,0,9,7,0,0,22,2
50084,1,1,1991,10,10,10,10,10,10,10,10,10,10
50085,1,1,1991,0,0,0,0,0,0,0,0,0,0
50086,1,1,1991,0,0,0,0,0,0,0,0,0,0
50087,1,1,1991,0,0,0,0,0,0,0,0,0,0
50088,1,1,1991,0,0,0,0,0,0,0,0,0,0
50088,2,1,1991,0,0,0,21,0,0,0,0,0,0
50089,0,1,1991,0,0,0,0,0,0,0,0,0,0
50089,1,1,1991,0,0,0,0,0,0,0,0,0,0
50090,1,1,1991,0,0,0,0,0,0,0,0,0,0
50091,1,1,1991,0,0,0,0,0,0,0,0,0,0
50091,2,1,1991,10,0,0,23,20,0,15,0,0,0
50092,1,1,1991,10,10,10,10,10,10,10,10,10,10
50093,1,1,1991,12,12,12,12,12,12,12,12,12,12
50094,1,1,1991,0,16,0,0,0,0,0,0,0,0
50094,2,1,1991,0,0,0,0,0,0,0,0,0,0
50095,1,1,1991,27,27,27,27,27,27,27,27,27,27
50095,2,1,1991,0,0,0,0,0,0,0,0,0,0
50096,1,1,1991,18,18,18,18,18,18,18,18,18,18
50097,1,1,1991,0,0,0,0,0,0,0,0,0,0
50097,2,1,1991,17,0,11,18,12,24,6,35,0,21
50098,1,1,1991,0,0,0,0,0,0,0,0,0,0
50098,2,1,1991,0,0,29,8,6,15,0,0,0,0
50099,1,1,1991,13,13,13,13,13,13,13,13,13,13
50099,2,1,1991,0,16,0,0,0,0,0,0,0,0
50099,3,1,1991,0,0,0,0,0,0,0,0,0,0
50099,4,1,1991,0,0,0,0,0,0,0,0,0,0
50099,5,1,1991,0,0,0,0,0,0,0,0,0,0
50099,6,1,1991,0,0,8,0,0,0,0,0,0,0
50100,1,1,1991,9,24,14,12,11,40,10,25,8,16
50101,0,1,1991,20,20,20,20,20,20,20,20,20,20
50101,1,1,1991,0,0,0,0,0,0,0,0,0,0
50102,1,1,1991,0,0,0,0,0,0,0,0,0,0
50102,2,1,1991,0,0,0,0,0,0,0,0,0,0
50103,1,1,1991,0,0,0,0,0,0,0,0,0,0
50104,0,1,1991,7,31,20,31,23,18,17,7,34,14
50104,1,1,1991,11,0,0,0,12,0,0,0,2,0
50105,1,1,1991,0,0,0,0,16,22,0,0,0,0
50105,2,1,1991,0,0,0,0,0,9,0,0,0,0
50106,1,1,1991,0,0,0,0,0,0,0,0,0,0
50106,2,1,1991,0,0,0,0,0,0,0,0,0,0
50107,1,1,1991,0,0,0,0,0,0,0,0,0,0
50107,2,1,1991,0,0,0,0,0,0,0,0,0,0
50108,1,1,1991,0,0,0,0,0,0,0,0,0,0
50108,2,1,1991,0,0,0,0,0,0,0,10,0,0
50109,1,1,1991,0,0,0,0,0,0,0,0,0,0
50109,2,1,1991,0,0,0,0,0,0,0,0,0,0
50110,1,1,1991,0,0,0,0,0,0,0,0,0,0
50110,2,1,1991,0,0,0,0,0,0,0,0,0,0
50111,1,1,1991,0,0,0,0,0,0,0,0,0,0
50112,1,1,1991,0,0,0,0,0,0,0,0,0,0
50113,1,1,1991,0,0,0,0,0,0,0,0,0,0
50113,2,1,1991,0,0,0,0,0,0,0,0,0,0
50114,1,1,1991,0,5,0,0,0,0,0,0,4,0
50114,2,1,1991,0,28,20,6,24,2,0,10,0,0
50115,1,1,1991,0,0,0,0,0,5,0,0,0,0
50115,2,1,1991,0,0,0,0,0,4,0,0,0,0
50116,1,1,1991,21,10,9,21,18,27,6,8,10,0
50118,1,1,1991,4,4,4,4,4,4,4,4,4,4
50118,2,1,1991,0,0,0,25,0,0,0,0,0,0
50119,1,1,1991,0,0,0,0,0,0,0,0,0,0
50119,2,1,1991,0,0,0,0,0,0,0,0,0,0
50120,1,1,1991,0,0,0,0,0,0,0,0,0,0
50121,1,1,1991,0,0,0,0,0,0,0,0,0,0
50122,1,1,1991,0,0,0,29,0,32,25,0,0,0
50123,1,1,1991,23,16,8,18,14,21,17,35,30,8
50124,0,1,1991,15,15,15,15,15,15,15,15,15,15
50124,1,1,1991,0,0,0,0,0,0,0,0,0,0
50125,0,1,1991,17,23,8,37,8,27,22,30,14,21
50125,1,1,1991,15,12,8,7,6,6,5,11,9,23
50126,1,1,1991,0,0,0,0,0,0,0,22,13,11
50126,2,1,1991,0,0,0,0,0,0,0,0,0,0
50127,1,1,1991,0,0,0,0,0,0,0,0,0,0
50127,2,1,1991,0,0,0,0,0,0,0,0,0,0
50127,3,1,1991,0,0,0,0,0,0,0,0,0,0
50128,1,1,1991,11,11,11,11,11,11,11,11,11,11
50128,2,1,1991,0,0,0,0,0,0,0,0,0,0
50129,1,1,1991,4,15,3,16,25,19,24,15,0,9
50129,2,1,1991,0,0,0,0,0,0,0,0,0,0
50129,3,1,1991,0,0,0,0,0,0,0,0,0,0
50130,1,1,1991,3,3,10,27,21,13,5,0,19,10
50131,1,1,1991,11,11,11,11,11,11,11,11,11,11
50131,2,1,1991,0,0,0,0,0,0,0,0,0,0
50132,0,1,1991,8,17,6,19,67,20,24,21,25,28
50132,1,1,1991,0,0,0,0,0,0,0,0,0,0
50133,1,1,1991,12,0,0,0,0,0,0,0,0,0
50133,2,1,1991,0,0,0,0,0,0,0,0,0,0
50134,1,1,1991,0,0,0,0,0,0,0,0,0,0
50134,2,1,1991,0,0,0,0,0,0,0,0,0,0
50134,3,1,1991,0,0,0,0,0,0,0,0,0,0
50135,1,1,1991,0,22,15,28,10,15,9,24,15,20
50136,1,1,1991,7,7,7,7,7,7,7,7,7,7
50137,1,1,1991,0,0,0,0,0,0,0,34,0,18
50138,1,1,1991,5,15,18,9,17,8,5,31,26,10
50139,1,1,1991,0,0,0,0,0,0,0,0,0,0
50140,1,1,1991,0,0,0,0,0,0,0,0,0,0
50140,2,1,1991,17,17,17,17,17,17,17,17,17,17
50141,1,1,1991,0,0,0,0,0,0,0,0,0,0
50141,2,1,1991,0,0,0,0,0,0,0,0,0,0
50141,3,1,1991,0,0,0,0,0,0,0,0,0,0
50142,0,1,1991,14,7,20,0,35,30,29,16,16,0
50142,1,1,1991,11,11,12,19,34,15,11,15,8,10
50143,1,1,1991,2,2,2,2,2,2,2,2,2,2
50143,2,1,1991,0,0,0,0,0,0,0,0,0,0
50144,1,1,1991,20,20,20,20,20,20,20,20,20,20
50144,2,1,1991,23,23,23,23,23,23,23,23,23,23
50145,1,1,1991,28,28,28,28,28,28,28,28,28,28
50146,1,1,1991,0,0,0,0,0,0,0,0,0,0
50146,2,1,1991,13,10,13,17,21,13,26,18,22,3
50147,1,1,1991,0,0,0,0,0,0,0,0,0,0
50147,2,1,1991,0,0,0,0,0,0,0,0,0,5
50148,1,1,1991,0,0,0,0,0,12,0,0,0,0
50149,1,1,1991,0,0,0,20,21,14,9,0,15,32
50150,1,1,1991,14,14,14,14,14,14,14,14,14,14
50151,1,1,1991,0,0,3,0,0,0,0,0,0,0
50152,1,1,1991,26,26,26,26,26,26,26,26,26,26
50152,2,1,1991,0,0,0,0,0,0,0,0,0,0
50153,1,1,1991,17,17,17,17,17,17,17,17,17,17
50154,1,1,1991,5,5,5,5,5,5,5,5,5,5
50154,2,1,1991,0,0,0,0,0,0,0,0,0,14
50155,1,1,1991,0,0,0,0,0,0,0,0,0,0
50155,2,1,1991,0,0,0,0,0,0,0,0,0,0
50156,1,1,1991,0,0,0,0,0,0,0,0,0,0
50156,2,1,1991,0,0,0,0,0,0,0,0,0,0
50157,1,1,1991,30,21,18,17,6,24,21,21,23,16
50158,1,1,1991,0,0,0,0,0,22,0,0,16,0
50159,1,1,1991,18,0,0,0,0,0,0,0,0,0
50160,1,1,1991,0,0,0,0,0,0,0,0,0,0
50160,2,1,1991,0,0,0,0,0,0,0,5,0,0
50161,1,1,1991,0,0,0,0,0,0,0,0,0,0
50161,2,1,1991,0,0,0,0,7,0,0,0,0,0
50162,1,1,1991,0,16,13,9,6,22,15,19,7,26
50163,1,1,1991,21,9,0,27,23,19,3,8,13,4
50164,1,1,1991,0,0,0,0,0,0,0,0,0,0
50165,1,1,1991,0,0,21,0,0,0,0,0,0,0
50165,2,1,1991,24,24,24,24,24,24,24,24,24,24
50166,1,1,1991,0,0,0,0,30,0,0,0,0,0
50167,1,1,1991,25,25,25,25,25,25,25,25,25,25
50168,1,1,1991,0,0,0,0,11,0,8,0,0,0
50169,1,1,1991,0,0,0,0,0,0,0,0,0,0
50169,2,1,1991,0,0,0,0,0,0,0,0,0,0
50170,1,1,1991,0,0,0,0,0,0,0,13,0,0
50170,2,1,1991,0,0,0,0,0,0,0,0,0,0
50170,3,1,1991,0,0,0,0,0,0,0,0,0,0
50170,4,1,1991,0,0,0,0,0,0,0,0,0,0
50171,1,1,1991,0,0,0,0,0,0,0,0,0,0
50171,2,1,1991,0,0,0,0,0,0,0,0,0,0
50172,1,1,1991,16,16,16,16,16,16,16,16,16,16
50173,1,1,1991,27,4,9,10,12,30,11,8,23,4
50173,2,1,1991,3,9,8,10,11,19,18,4,21,19
50174,1,1,1991,20,20,20,20,20,20,20,20,20,20
50175,1,1,1991,28,19,23,20,18,16,10,11,8,25
50176,1,1,1991,0,0,0,0,0,0,0,0,0,0
50176,2,1,1991,5,5,5,5,5,5,5,5,5,5
50177,1,1,1991,0,0,0,0,0,13,0,0,0,0
50177,2,1,1991,0,0,0,0,0,0,0,0,0,0
50177,3,1,1991,7,16,5,7,10,0,8,15,11,4
50178,1,1,1991,14,27,20,21,15,18,16,13,14,13
50180,0,1,1991,0,0,26,16,0,0,12,0,24,36
50180,1,1,1991,2,2,2,2,2,2,2,2,2,2
50181,1,1,1991,18,18,18,18,18,18,18,18,18,18
50182,1,1,1991,0,0,0,0,0,0,0,0,10,0
50182,2,1,1991,16,16,16,16,16,16,16,16,16,16
50183,1,1,1991,14,14,14,14,14,14,14,14,14,14
50184,1,1,1991,0,0,0,0,0,0,0,0,0,0
50186,1,1,1991,0,0,0,0,0,0,0,0,0,0
50186,2,1,1991,0,0,0,0,0,0,0,0,0,0
50187,1,1,1991,11,23,13,17,14,15,18,28,10,0
50187,2,1,1991,0,0,0,0,0,0,0,0,0,0
50188,1,1,1991,32,0,19,23,21,10,18,19,0,40
50189,1,1,1991,0,8,22,27,22,8,15,17,28,10
50190,0,1,1991,0,0,0,0,0,0,0,0,0,0
50190,1,1,1991,0,0,0,0,0,0,0,0,0,0
50191,1,1,1991,17,20,26,31,18,17,38,16,26,25
50192,0,1,1991,25,18,24,5,17,22,12,13,0,16
50192,1,1,1991,15,15,15,15,15,15,15,15,15,15
50193,1,1,1991,19,19,19,19,19,19,19,19,19,19
50193,2,1,1991,0,0,0,0,0,0,0,0,0,0
50194,0,1,1991,0,0,0,0,0,0,0,0,0,0
50194,1,1,1991,0,0,0,0,0,0,0,0,0,0
50195,1,1,1991,0,0,0,0,0,0,0,0,0,0
50195,2,1,1991,0,0,0,0,0,0,0,0,0,0
50195,3,1,1991,0,0,0,0,0,10,0,0,0,0
50196,1,1,1991,0,20,0,19,11,19,24,26,35,17
50197,1,1,1991,0,0,0,0,0,0,0,0,0,0
50197,2,1,1991,15,15,15,15,15,15,15,15,15,15
50198,1,1,1991,13,13,12,8,18,26,5,9,12,26
50198,2,1,1991,25,0,9,8,20,0,19,23,17,14
50199,1,1,1991,15,15,15,15,15,15,15,15,15,15
50200,1,1,1991,17,17,17,17,17,17,17,17,17,17
50201,1,1,1991,14,14,14,14,14,14,14,14,14,14
50202,1,1,1991,0,0,0,0,0,22,0,0,0,0
50202,2,1,1991,5,5,5,5,5,5,5,5,5,5
50203,1,1,1991,0,0,16,20,0,10,0,0,25,0
50204,1,1,1991,0,0,0,0,0,0,0,0,0,0
50204,2,1,1991,4,5,0,18,0,0,18,9,0,10
50205,1,1,1991,0,0,0,0,0,0,0,0,0,0
50206,1,1,1991,0,0,0,0,0,0,0,0,0,0
50206,2,1,1991,0,0,0,0,0,0,0,0,0,0
50207,1,1,1991,0,0,0,0,0,0,0,0,0,0
50207,2,1,1991,0,0,0,0,0,0,0,0,0,0
50208,1,1,1991,0,0,0,0,0,0,0,0,0,0
50209,1,1,1991,0,0,0,0,0,0,0,0,0,0
50209,2,1,1991,0,0,0,0,0,0,0,0,0,0
50210,1,1,1991,13,13,13,13,13,13,13,13,13,13
50212,1,1,1991,25,25,25,25,25,25,25,25,25,25
50212,2,1,1991,16,16,16,16,16,16,16,16,16,16
50213,1,1,1991,0,0,0,0,0,0,0,0,0,0
50214,1,1,1991,13,12,23,22,13,13,16,13,9,8
50215,1,1,1991,5,5,5,5,5,5,5,5,5,5
50215,2,1,1991,0,0,0,0,0,0,0,0,0,0
50215,3,1,1991,20,20,20,20,20,20,20,20,20,20
50216,1,1,1991,7,7,7,7,7,7,7,7,7,7
50216,2,1,1991,10,10,10,10,10,10,10,10,10,10
50217,1,1,1991,20,20,20,20,20,20,20,20,20,20
50219,1,1,1991,5,5,5,5,5,5,5,5,5,5
50220,1,1,1991,0,0,0,0,0,0,0,0,0,0
50220,2,1,1991,0,0,0,0,0,0,0,0,0,0