ST_CASE,VEH_NO,PER_NO,YEAR,P1,P2,P3,P4,P5,P6,P7,P8,P9,P10
50221,1,1,1991,0,11,5,0,0,0,0,0,12,0
50221,2,1,1991,0,0,0,0,0,0,0,0,0,0
50222,1,1,1991,0,0,0,0,0,0,0,0,0,0
50223,1,1,1991,0,0,0,0,0,0,0,0,0,0
50224,1,1,1991,22,10,14,15,14,31,25,21,26,18
50225,1,1,1991,0,0,0,0,0,0,0,0,0,0
50225,2,1,1991,0,0,0,0,0,0,0,0,0,0
50226,1,1,1991,0,0,0,0,0,0,0,0,0,0
50226,2,1,1991,0,0,0,0,0,0,0,0,0,0
50227,1,1,1991,0,0,0,0,0,0,0,0,0,0
50227,2,1,1991,0,0,0,0,0,0,0,0,0,0
50228,1,1,1991,3,3,3,3,3,3,3,3,3,3
50229,1,1,1991,0,0,0,0,0,0,0,0,0,0
50229,2,1,1991,23,0,0,0,0,0,0,0,0,0
50230,1,1,1991,0,0,2,0,0,0,0,0,0,0
50230,2,1,1991,13,0,0,0,8,29,0,0,0,0
50231,1,1,1991,0,0,0,0,0,0,0,0,0,0
50231,2,1,1991,0,6,18,14,10,16,5,0,8,15
50232,1,1,1991,23,23,23,23,23,23,23,23,23,23
50233,1,1,1991,16,16,16,16,16,16,16,16,16,16
50234,1,1,1991,19,19,19,19,19,19,19,19,19,19
50235,1,1,1991,0,0,0,0,0,0,0,0,0,0
50235,2,1,1991,0,0,0,0,0,0,0,0,0,0
50236,1,1,1991,0,0,0,0,0,0,0,0,0,0
50236,2,1,1991,0,0,0,0,0,0,0,0,0,0
50236,3,1,1991,0,0,0,0,0,0,0,0,0,0
50237,1,1,1991,13,13,13,13,13,13,13,13,13,13
50238,1,1,1991,0,0,0,0,0,0,0,0,0,0
50239,1,1,1991,0,0,0,0,0,0,0,0,0,0
50240,1,1,1991,20,20,20,20,20,20,20,20,20,20
50240,2,1,1991,0,0,0,0,0,0,0,0,0,0
50241,0,1,1991,10,10,10,10,10,10,10,10,10,10
50241,1,1,1991,0,0,0,0,23,12,25,13,0,10
50242,1,1,1991,29,29,29,29,29,29,29,29,29,29
50243,1,1,1991,0,0,0,0,0,0,0,0,0,0
50243,2,1,1991,0,0,0,0,0,0,0,0,0,0
50244,1,1,1991,0,0,0,0,0,0,0,16,0,0
50244,2,1,1991,0,0,0,0,0,0,0,0,0,0
50245,1,1,1991,0,0,0,0,0,0,0,22,0,0
50245,2,1,1991,0,8,19,22,11,8,7,18,8,30
50246,0,1,1991,17,0,0,0,0,0,20,17,8,0
50246,1,1,1991,6,34,0,19,12,0,8,0,0,29
50247,1,1,1991,0,0,0,0,0,0,17,0,0,0
50247,2,1,1991,14,14,14,14,14,14,14,14,14,14
50248,1,1,1991,9,9,9,9,9,9,9,9,9,9
50249,1,1,1991,3,3,3,3,3,3,3,3,3,3
50250,1,1,1991,11,11,11,11,11,11,11,11,11,11
50251,1,1,1991,0,0,0,0,0,0,0,0,0,0
50251,2,1,1991,2,2,2,2,2,2,2,2,2,2
50252,1,1,1991,25,0,0,0,21,0,0,20,16,7
50253,1,1,1991,0,0,0,0,0,0,0,0,0,0
50253,2,1,1991,0,0,0,0,0,0,0,0,0,0
50254,1,1,1991,26,22,24,31,27,12,11,47,29,9
50255,1,1,1991,0,0,0,0,0,0,0,0,0,0
50255,2,1,1991,12,12,12,12,12,12,12,12,12,12
50256,0,1,1991,17,17,17,17,17,17,17,17,17,17
50256,1,1,1991,0,0,0,0,0,0,0,0,0,0
50257,0,1,1991,0,0,0,0,0,0,0,0,0,0
50257,1,1,1991,1,1,1,1,1,1,1,1,1,1
50258,1,1,1991,15,15,15,15,15,15,15,15,15,15
50259,1,1,1991,23,23,23,23,23,23,23,23,23,23
50260,1,1,1991,12,0,0,3,18,11,22,0,15,0
50260,2,1,1991,26,26,26,26,26,26,26,26,26,26
50261,1,1,1991,7,0,0,0,3,0,0,0,0,0
50261,2,1,1991,10,10,10,10,10,10,10,10,10,10
50262,1,1,1991,0,0,0,0,0,0,0,0,0,0
50263,1,1,1991,19,19,19,19,19,19,19,19,19,19
50264,1,1,1991,0,0,0,0,0,0,0,0,0,0
50264,2,1,1991,9,11,0,0,6,0,0,3,0,0
50265,1,1,1991,0,0,0,0,0,0,18,0,0,0
50265,2,1,1991,27,27,27,27,27,27,27,27,27,27
50266,1,1,1991,0,0,0,0,0,0,0,0,0,0
50266,2,1,1991,0,6,0,10,13,0,17,0,0,12
50268,0,1,1991,18,18,18,18,18,18,18,18,18,18
50268,1,1,1991,0,7,0,0,0,0,0,0,0,0
50270,1,1,1991,16,16,16,16,16,16,16,16,16,16
50271,1,1,1991,22,22,22,22,22,22,22,22,22,22
50272,1,1,1991,0,0,0,0,0,0,0,0,0,0
50273,1,1,1991,0,0,0,0,0,0,0,0,0,0
50273,2,1,1991,0,0,0,7,0,0,0,0,0,0
50274,1,1,1991,12,12,12,12,12,12,12,12,12,12
50274,2,1,1991,0,0,0,0,0,0,0,0,0,0
50275,1,1,1991,17,17,17,17,17,17,17,17,17,17
50275,2,1,1991,0,0,0,0,0,0,0,0,0,0
50275,3,1,1991,0,0,0,0,0,0,0,0,0,0
50276,1,1,1991,0,0,0,0,0,0,0,0,0,0
50276,2,1,1991,10,10,10,10,10,10,10,10,10,10
50277,1,1,1991,3,3,3,3,3,3,3,3,3,3
50278,1,1,1991,13,13,13,13,13,13,13,13,13,13
50279,1,1,1991,20,20,20,20,20,20,20,20,20,20
50280,1,1,1991,19,19,19,19,19,19,19,19,19,19
50281,1,1,1991,22,22,22,22,22,22,22,22,22,22
50282,1,1,1991,0,0,0,0,0,0,0,0,0,0
50283,1,1,1991,0,0,0,0,0,0,0,0,0,0
50283,2,1,1991,0,0,0,0,0,0,0,0,0,0
50283,3,1,1991,0,0,0,0,0,0,0,0,0,0
50284,1,1,1991,0,0,0,0,0,0,0,0,0,0
50285,1,1,1991,19,21,11,20,9,14,21,14,15,16
50286,1,1,1991,0,0,0,0,0,0,0,0,0,0
50286,2,1,1991,0,0,0,0,0,0,0,0,0,0
50287,1,1,1991,0,0,0,0,11,0,24,0,0,0
50287,2,1,1991,0,0,0,0,0,0,0,0,0,0
50288,1,1,1991,0,0,0,0,0,0,0,0,0,0
50288,2,1,1991,24,24,24,24,24,24,24,24,24,24
50289,2,1,1991,14,14,14,14,14,14,14,14,14,14
50290,1,1,1991,0,0,0,0,0,0,0,0,12,0
50291,1,1,1991,14,14,14,14,14,14,14,14,14,14
50291,2,1,1991,10,10,10,10,10,10,10,10,10,10
50292,1,1,1991,34,28,7,18,25,11,21,26,26,17
50293,1,1,1991,0,0,0,0,0,31,0,0,7,0
50293,2,1,1991,14,14,14,14,14,14,14,14,14,14
50294,1,1,1991,18,18,18,18,18,18,18,18,18,18
50294,2,1,1991,0,0,0,0,0,0,0,0,0,0
50295,1,1,1991,15,27,14,0,11,16,12,23,33,6
50295,2,1,1991,5,0,0,0,0,9,4,0,0,0
50297,1,1,1991,0,0,0,0,0,0,0,0,0,0
50297,2,1,1991,0,0,0,0,0,0,0,0,0,0
50298,1,1,1991,32,32,32,32,32,32,32,32,32,32
50298,2,1,1991,0,24,0,0,18,0,0,0,0,5
50299,1,1,1991,0,0,0,0,0,0,0,0,0,0
50300,1,1,1991,0,0,0,0,0,0,0,0,0,0
50300,2,1,1991,3,3,3,3,3,3,3,3,3,3
50300,3,1,1991,0,0,0,21,0,0,0,0,0,0
50301,1,1,1991,0,0,0,0,0,0,0,0,0,0
50302,1,1,1991,0,0,0,22,0,0,0,0,0,0
50302,2,1,1991,0,0,0,0,0,0,0,0,0,0
50303,1,1,1991,0,0,13,0,0,0,0,0,0,0
50303,2,1,1991,0,0,0,0,0,0,0,0,0,0
50304,1,1,1991,15,15,15,15,15,15,15,15,15,15
50305,1,1,1991,3,3,3,3,3,3,3,3,3,3
50305,2,1,1991,0,0,0,0,0,0,0,0,0,0
50306,1,1,1991,27,9,9,10,9,3,13,12,26,7
50306,2,1,1991,15,10,12,4,13,10,0,0,10,17
50307,1,1,1991,0,0,0,0,0,0,0,0,0,0
50308,0,1,1991,18,0,45,0,42,12,49,20,21,29
50308,1,1,1991,0,0,0,0,0,7,26,3,0,0
50309,1,1,1991,9,5,21,0,28,10,0,0,0,14
50309,2,1,1991,0,0,0,0,0,0,0,0,0,0
50310,1,1,1991,17,17,17,17,17,17,17,17,17,17
50311,0,1,1991,0,0,0,0,0,0,0,0,0,0
50311,1,1,1991,0,0,0,0,0,0,0,0,0,0
50312,1,1,1991,0,5,0,0,3,0,11,0,0,14
50313,1,1,1991,0,7,15,8,31,10,26,13,17,30
50314,1,1,1991,12,0,0,0,15,11,25,13,0,17
50315,1,1,1991,13,13,13,13,13,13,13,13,13,13
50316,1,1,1991,16,16,16,16,16,16,16,16,16,16
50317,1,1,1991,23,23,23,23,23,23,23,23,23,23
50318,1,1,1991,0,0,0,0,0,0,0,0,0,0
50319,1,1,1991,18,0,35,14,10,43,0,15,0,20
50319,2,1,1991,9,12,12,13,5,9,12,0,16,2
50320,0,1,1991,0,0,0,0,0,0,0,0,0,0
50320,1,1,1991,0,0,0,0,0,0,0,0,0,0
50321,1,1,1991,1,1,1,1,1,1,1,1,1,1
50321,2,1,1991,0,0,0,0,0,0,0,0,0,0
50322,1,1,1991,16,3,14,16,11,0,22,21,8,27
50322,2,1,1991,18,9,0,12,11,7,8,12,0,15
50323,1,1,1991,16,16,16,16,16,16,16,16,16,16
50324,1,1,1991,0,0,0,0,0,0,0,0,0,0
50325,1,1,1991,0,0,0,0,0,0,0,0,0,0
50325,2,1,1991,0,0,0,0,0,0,0,0,0,0
50326,1,1,1991,0,0,0,0,0,0,0,0,0,0
50327,0,1,1991,0,16,19,0,0,0,47,0,0,0
50327,1,1,1991,0,0,30,16,10,0,5,0,13,16
50328,1,1,1991,0,0,0,0,0,0,0,0,0,0
50328,2,1,1991,0,0,0,0,0,0,0,0,0,0
50329,1,1,1991,24,24,24,24,24,24,24,24,24,24
50330,1,1,1991,12,12,12,12,12,12,12,12,12,12
50331,1,1,1991,19,19,19,19,19,19,19,19,19,19
50331,2,1,1991,19,19,19,19,19,19,19,19,19,19
50332,1,1,1991,8,5,15,25,20,4,21,0,12,0
50333,1,1,1991,0,0,0,0,0,0,0,0,0,0
50333,2,1,1991,0,0,0,0,0,0,0,0,0,0
50334,1,1,1991,6,22,0,29,8,8,0,0,6,30
50335,1,1,1991,0,0,0,0,0,0,0,0,0,0
50335,2,1,1991,0,0,0,0,0,0,0,0,0,0
50336,1,1,1991,22,22,22,22,22,22,22,22,22,22
50337,1,1,1991,0,0,0,0,0,0,0,0,0,0
50337,2,1,1991,0,0,0,0,15,0,0,0,0,0
50338,0,1,1991,0,0,0,0,0,0,0,0,0,0
50338,1,1,1991,0,0,0,0,0,0,0,0,0,0
50339,1,1,1991,6,6,6,6,6,6,6,6,6,6
50340,1,1,1991,34,34,34,34,34,34,34,34,34,34
50341,1,1,1991,0,0,0,0,0,0,0,0,0,0
50341,2,1,1991,0,0,0,0,0,0,0,0,0,0
50341,3,1,1991,0,0,0,0,0,0,0,0,0,0
50341,4,1,1991,0,0,0,0,0,0,0,0,0,0
50342,1,1,1991,15,15,15,15,15,15,15,15,15,15
50343,1,1,1991,19,19,19,19,19,19,19,19,19,19
50343,2,1,1991,0,0,0,0,0,0,0,0,0,0
50343,3,1,1991,0,0,0,0,0,0,0,0,0,0
50344,1,1,1991,10,10,10,10,10,10,10,10,10,10
50345,1,1,1991,27,27,27,27,27,27,27,27,27,27
50346,1,1,1991,15,15,15,15,15,15,15,15,15,15
50347,1,1,1991,0,0,0,0,0,0,0,0,0,0
50348,1,1,1991,31,0,11,28,9,0,26,19,0,13
50348,2,1,1991,0,0,0,0,0,0,0,0,0,0
50348,3,1,1991,0,0,0,0,0,0,0,0,0,0
50349,1,1,1991,16,16,16,16,16,16,16,16,16,16
50349,2,1,1991,0,0,0,0,0,0,0,13,0,0
50350,0,1,1991,0,12,0,9,0,0,12,0,0,0
50350,1,1,1991,12,12,12,12,12,12,12,12,12,12
50351,1,1,1991,22,22,22,22,22,22,22,22,22,22
50352,1,1,1991,0,0,0,0,0,0,0,0,0,0
50353,1,1,1991,0,0,0,0,0,0,0,0,0,0
50354,1,1,1991,23,23,23,23,23,23,23,23,23,23
50355,1,1,1991,0,0,0,9,12,2,10,0,0,0
50356,1,1,1991,0,15,0,0,0,0,0,0,0,0
50356,2,1,1991,0,0,0,0,0,0,0,0,0,0
50357,1,1,1991,0,0,0,0,0,0,0,0,0,0
50357,2,1,1991,16,10,20,22,18,13,0,22,4,30
50358,1,1,1991,0,0,0,0,0,0,0,0,0,0
50358,2,1,1991,0,0,0,0,0,0,0,0,0,0
50359,1,1,1991,0,0,0,0,0,0,0,0,0,0
50360,1,1,1991,0,0,0,0,0,0,0,0,0,0
50362,1,1,1991,7,9,9,8,18,24,6,22,22,3
50362,2,1,1991,2,3,0,13,19,10,12,0,0,16
50363,1,1,1991,0,0,0,0,0,0,0,0,0,0
50363,2,1,1991,0,0,0,0,0,0,0,0,0,0
50364,1,1,1991,20,20,20,20,20,20,20,20,20,20
50365,0,1,1991,14,22,10,27,21,18,18,37,28,30
50365,1,1,1991,32,0,0,0,0,0,0,0,0,0
50366,1,1,1991,0,0,31,0,7,10,0,0,0,0
50367,1,1,1991,0,0,0,0,0,0,0,0,0,0
50367,2,1,1991,0,0,0,0,0,0,0,0,0,0
50368,0,1,1991,0,0,0,0,0,0,0,0,0,0
50368,1,1,1991,0,0,0,0,0,0,0,0,0,0
50369,1,1,1991,0,0,0,0,0,0,0,0,0,0
50369,2,1,1991,0,0,0,0,0,0,0,0,0,0
50370,1,1,1991,15,15,15,15,15,15,15,15,15,15
50371,1,1,1991,0,41,13,28,21,10,41,21,20,23
50371,2,1,1991,0,11,0,0,0,0,3,3,0,3
50372,0,1,1991,7,7,7,7,7,7,7,7,7,7
50372,1,1,1991,0,0,0,0,0,0,0,0,0,0
50373,1,1,1991,0,0,0,0,0,0,0,0,0,0
50373,2,1,1991,14,14,14,14,14,14,14,14,14,14
50374,1,1,1991,18,13,7,10,16,16,7,12,15,11
50375,0,1,1991,23,23,23,23,23,23,23,23,23,23
50375,1,1,1991,0,0,0,0,0,0,0,0,0,0
50376,1,1,1991,14,0,0,0,0,0,0,0,0,0
50376,2,1,1991,21,20,8,11,18,8,16,22,18,0
50377,0,1,1991,0,0,0,0,0,0,0,0,0,0
50377,1,1,1991,0,0,0,0,0,0,0,0,0,0
50378,1,1,1991,9,18,18,25,22,31,11,0,21,0
50379,1,1,1991,0,0,7,0,0,0,0,0,0,0
50379,2,1,1991,7,7,7,7,7,7,7,7,7,7
50380,1,1,1991,22,16,14,17,17,17,12,6,0,14
50380,2,1,1991,0,0,0,0,0,0,0,0,0,0
50381,1,1,1991,16,16,16,16,16,16,16,16,16,16
50382,1,1,1991,22,22,22,22,22,22,22,22,22,22
50383,1,1,1991,0,19,17,24,11,11,7,29,6,13
50384,1,1,1991,0,0,0,0,0,0,0,0,0,0
50385,1,1,1991,0,0,0,0,0,0,0,0,0,0
50385,2,1,1991,0,0,0,0,0,0,0,0,0,0
50386,1,1,1991,0,0,0,0,0,0,0,0,0,0
50387,1,1,1991,23,23,23,23,23,23,23,23,23,23
50388,1,1,1991,0,0,0,0,0,0,0,0,0,0
50388,2,1,1991,0,0,0,0,0,0,0,0,0,0
50389,1,1,1991,0,0,0,0,0,0,0,0,0,0
50389,2,1,1991,0,0,0,0,0,0,0,0,0,0
50390,1,1,1991,0,0,0,0,0,0,0,0,0,0
50391,1,1,1991,11,11,11,11,11,11,11,11,11,11
50392,0,1,1991,0,0,0,0,0,0,0,0,0,0
50392,0,2,1991,0,0,12,0,0,10,26,16,14,0
50392,1,1,1991,3,3,3,3,3,3,3,3,3,3
50393,1,1,1991,0,0,0,0,0,0,0,0,0,0
50393,2,1,1991,0,0,0,0,0,0,0,0,0,0
50394,1,1,1991,23,23,23,23,23,23,23,23,23,23
50394,2,1,1991,0,0,0,0,0,0,0,0,0,0
50395,1,1,1991,22,22,22,22,22,22,22,22,22,22
50396,1,1,1991,0,0,0,0,0,25,0,0,0,0
50397,1,1,1991,14,14,14,14,14,14,14,14,14,14
50398,1,1,1991,0,22,0,13,29,10,0,19,23,32
50398,2,1,1991,0,0,0,0,0,10,0,0,0,0
50399,1,1,1991,13,13,13,13,13,13,13,13,13,13
50400,1,1,1991,32,9,21,22,25,27,9,13,22,30
50401,1,1,1991,0,0,0,0,0,0,0,0,0,0
50401,2,1,1991,0,0,0,0,0,0,0,0,0,0
50401,3,1,1991,0,0,35,0,0,0,0,0,0,0
50402,1,1,1991,20,20,20,20,20,20,20,20,20,20
50402,2,1,1991,0,0,0,0,0,0,0,0,0,0
50403,1,1,1991,16,16,16,16,16,16,16,16,16,16
50404,0,1,1991,0,0,17,0,0,0,0,0,0,0
50404,1,1,1991,0,0,0,0,0,0,0,0,0,0
50405,1,1,1991,0,0,0,0,0,0,0,0,0,0
50405,2,1,1991,0,0,0,0,0,0,0,0,0,0
50406,1,1,1991,29,29,29,29,29,29,29,29,29,29
50407,1,1,1991,0,14,0,0,0,0,0,0,0,0
50407,2,1,1991,0,0,0,0,0,0,0,0,0,5
50408,1,1,1991,0,0,14,0,34,0,0,0,23,0
50409,0,1,1991,38,38,38,38,38,38,38,38,38,38
50409,1,1,1991,2,2,2,2,2,2,2,2,2,2
50410,1,1,1991,22,21,29,24,18,29,6,13,26,20
50411,1,1,1991,0,0,0,0,0,0,0,0,0,0
50411,2,1,1991,24,0,33,0,0,9,8,0,0,5
50411,3,1,1991,0,0,0,0,0,0,0,0,0,0
50412,1,1,1991,1,1,1,1,1,1,1,1,1,1
50413,1,1,1991,19,19,19,19,19,19,19,19,19,19
50414,1,1,1991,0,0,20,0,0,24,0,0,0,12
50415,1,1,1991,0,0,0,0,0,0,0,0,0,0
50415,2,1,1991,0,0,0,0,0,0,0,0,0,0
50416,1,1,1991,0,0,0,0,0,0,0,0,0,0
50416,2,1,1991,0,0,0,0,0,0,0,0,0,0
50417,1,1,1991,0,0,0,0,0,0,0,0,0,0
50417,2,1,1991,0,0,30,28,0,0,0,20,0,0
50418,1,1,1991,14,7,12,17,0,9,19,0,0,5
50418,2,1,1991,0,0,0,0,0,0,0,0,0,0
50419,1,1,1991,0,0,4,0,0,0,0,0,0,0
50420,1,1,1991,0,0,0,0,0,0,0,0,0,0
50420,2,1,1991,0,0,0,0,0,0,0,0,0,0
50421,1,1,1991,16,16,16,16,16,16,16,16,16,16
50421,2,1,1991,0,0,0,0,0,0,0,0,0,0
50422,1,1,1991,0,0,0,0,0,0,0,0,0,0
50422,2,1,1991,0,0,0,0,0,0,0,0,0,0
50423,1,1,1991,0,0,0,0,0,0,0,0,0,0
50423,2,1,1991,0,0,0,0,0,0,0,0,0,0
50424,1,1,1991,18,18,18,18,18,18,18,18,18,18
50425,1,1,1991,0,0,0,0,0,0,0,0,0,0
50425,2,1,1991,16,0,9,0,2,10,0,0,0,14
50426,1,1,1991,0,0,0,0,0,0,0,0,0,0
50426,2,1,1991,5,5,5,5,5,5,5,5,5,5
50427,1,1,1991,26,26,26,26,26,26,26,26,26,26
50428,1,1,1991,9,9,9,9,9,9,9,9,9,9
50428,2,1,1991,0,0,0,0,0,0,0,0,0,0
50429,1,1,1991,0,0,0,0,0,0,0,0,0,0
50429,2,1,1991,0,0,0,0,0,0,0,0,0,0
50430,1,1,1991,27,27,27,27,27,27,27,27,27,27
50431,1,1,1991,0,0,0,0,0,0,0,0,0,0
50431,2,1,1991,22,22,22,22,22,22,22,22,22,22
50432,1,1,1991,0,0,0,0,0,0,0,0,0,0
50432,2,1,1991,0,0,0,0,0,0,0,0,0,0
50433,1,1,1991,14,15,7,31,15,9,31,15,0,24
50433,2,1,1991,0,0,0,0,0,0,0,0,0,0
50434,1,1,1991,0,0,0,0,0,0,0,0,0,0
50434,2,1,1991,0,0,0,0,0,0,0,0,0,0
50435,0,1,1991,9,14,12,27,0,32,20,17,29,21
50435,1,1,1991,0,0,0,0,0,0,0,0,0,0
50436,0,1,1991,0,0,0,0,0,0,0,0,0,0
50436,1,1,1991,0,0,0,0,0,0,0,0,0,0
50437,1,1,1991,2,2,2,2,2,2,2,2,2,2
50437,2,1,1991,2,2,2,2,2,2,2,2,2,2
50438,1,1,1991,0,0,0,0,0,0,0,0,0,0
50438,2,1,1991,0,0,0,0,0,0,0,0,0,0
50439,1,1,1991,17,8,16,5,17,25,18,19,30,23
50439,2,1,1991,0,0,0,0,0,0,0,0,0,0
50440,0,1,1991,0,0,0,0,0,0,0,0,0,0
50440,1,1,1991,0,0,0,0,0,0,0,0,0,0
50441,1,1,1991,0,0,0,0,0,0,0,0,0,0
50441,2,1,1991,0,0,0,0,0,0,0,0,0,0
50442,1,1,1991,0,0,0,16,0,0,0,0,0,0
50442,2,1,1991,0,0,0,0,0,0,0,0,0,0
50442,3,1,1991,0,0,0,0,0,0,0,0,0,0
50443,1,1,1991,0,0,0,0,0,0,0,0,0,0
50443,2,1,1991,0,0,0,0,0,0,0,0,0,0
50444,1,1,1991,3,3,3,3,3,3,3,3,3,3
50445,1,1,1991,26,26,26,26,26,26,26,26,26,26
50446,1,1,1991,20,20,20,20,20,20,20,20,20,20
50447,0,1,1991,0,0,0,0,0,0,0,0,0,0
50447,1,1,1991,4,4,4,4,4,4,4,4,4,4
50448,1,1,1991,0,0,0,0,0,0,0,0,0,0
50449,1,1,1991,0,0,0,0,0,0,0,0,0,0
50449,2,1,1991,0,0,0,0,0,0,0,0,0,0
50450,1,1,1991,0,0,0,0,0,0,0,0,0,0
50450,2,1,1991,0,0,0,0,0,0,0,0,0,0
50451,1,1,1991,6,6,6,6,6,6,6,6,6,6
50452,1,1,1991,0,0,0,0,0,0,0,0,0,0
50453,1,1,1991,15,15,15,15,15,15,15,15,15,15
50454,1,1,1991,0,0,0,0,0,0,0,0,0,0
50455,0,1,1991,16,9,26,15,15,14,20,14,11,24
50455,1,1,1991,15,15,15,15,15,15,15,15,15,15
50456,1,1,1991,0,0,0,0,0,0,0,0,0,0
50457,1,1,1991,0,0,0,0,0,0,0,0,0,0
50457,2,1,1991,2,2,2,2,2,2,2,2,2,2
50458,1,1,1991,19,19,19,19,19,19,19,19,19,19
50459,1,1,1991,0,0,2,8,0,0,12,14,0,14
50460,1,1,1991,10,18,1,0,9,10,10,0,25,10
50460,2,1,1991,13,0,0,14,12,9,16,23,14,0
50461,1,1,1991,0,0,0,0,0,0,0,0,0,0
50462,1,1,1991,0,0,0,0,0,0,0,0,0,0
50462,2,1,1991,0,0,0,0,0,0,0,0,0,0
50463,1,1,1991,24,24,24,24,24,24,24,24,24,24
50464,1,1,1991,0,0,0,0,0,0,0,0,0,0
50464,2,1,1991,33,33,33,33,33,33,33,33,33,33
50465,1,1,1991,0,0,0,0,0,25,0,0,0,0
50466,1,1,1991,0,0,0,0,0,11,0,0,0,19
50467,0,1,1991,25,25,25,25,25,25,25,25,25,25
50467,1,1,1991,0,0,0,0,0,0,0,0,0,0
50468,1,1,1991,3,3,3,3,3,3,3,3,3,3
50469,1,1,1991,0,16,0,0,0,0,0,0,0,0
50470,1,1,1991,11,11,11,11,11,11,11,11,11,11
50471,1,1,1991,43,12,27,18,12,14,21,11,19,22
50472,1,1,1991,21,21,21,21,21,21,21,21,21,21
50472,2,1,1991,0,0,0,0,0,0,0,0,0,0
50473,1,1,1991,0,0,0,0,0,0,0,0,0,0
50474,0,1,1991,14,36,21,36,31,31,32,7,16,19
50474,1,1,1991,19,12,9,15,17,11,12,14,22,19
50475,1,1,1991,12,0,0,0,0,0,0,0,0,0
50475,2,1,1991,0,0,0,0,0,0,0,0,0,0
50476,1,1,1991,22,22,22,22,22,22,22,22,22,22
50477,1,1,1991,0,0,0,0,0,0,0,0,0,0
50477,2,1,1991,0,34,13,0,32,0,33,11,21,0
50478,1,1,1991,0,0,0,0,0,0,0,0,0,0
50479,0,1,1991,0,0,0,0,0,0,0,0,35,0
50479,1,1,1991,0,0,0,0,0,0,0,0,0,0
50480,1,1,1991,26,26,26,26,26,26,26,26,26,26
50481,1,1,1991,0,0,0,0,0,0,0,0,0,0
50481,2,1,1991,1,1,1,1,1,1,1,1,1,1
50482,1,1,1991,16,0,5,0,0,0,10,14,0,0
50482,2,1,1991,0,20,13,0,5,0,14,0,10,11
50483,1,1,1991,0,11,17,3,25,23,0,30,17,6
50483,2,1,1991,10,10,10,10,10,10,10,10,10,10
50484,1,1,1991,0,0,0,0,0,0,0,0,0,0
50484,2,1,1991,0,0,0,0,0,0,0,0,0,0
50485,1,1,1991,0,0,0,0,0,0,0,0,0,0
50485,2,1,1991,0,0,0,0,0,0,0,0,0,0
50486,1,1,1991,0,0,0,0,0,0,0,0,0,0
50486,2,1,1991,0,0,0,6,0,0,0,0,0,0
50487,1,1,1991,1,1,1,1,1,1,1,1,1,1
50487,2,1,1991,0,0,0,0,0,0,0,0,0,0
50488,1,1,1991,20,15,14,13,36,11,13,10,20,19
50489,1,1,1991,0,0,0,0,0,0,0,0,0,0
50490,0,1,1991,42,13,18,13,30,20,24,27,23,48
50490,1,1,1991,0,11,25,0,2,22,0,27,18,0
50491,1,1,1991,0,0,0,0,0,0,0,0,0,0
50491,2,1,1991,0,0,0,0,0,0,0,0,0,0
50492,1,1,1991,23,34,21,16,20,25,13,19,10,29
50493,1,1,1991,15,15,15,15,15,15,15,15,15,15
50494,1,1,1991,23,9,8,18,11,27,0,14,15,11
50495,1,1,1991,17,17,17,17,17,17,17,17,17,17
50496,1,1,1991,0,0,0,0,0,0,0,0,0,0
50496,2,1,1991,0,0,0,0,0,0,0,0,0,0
50497,1,1,1991,0,0,0,0,0,0,0,0,0,0
50497,2,1,1991,10,10,10,10,10,10,10,10,10,10
50497,3,1,1991,16,22,11,9,10,13,14,20,24,11
50498,1,1,1991,0,0,0,0,0,0,0,0,0,0
50499,1,1,1991,0,0,0,0,0,0,0,0,0,0
50499,2,1,1991,0,0,0,0,0,0,0,0,0,0
50500,1,1,1991,21,21,21,21,21,21,21,21,21,21
50501,1,1,1991,22,22,22,22,22,22,22,22,22,22
50502,1,1,1991,0,0,0,0,0,0,0,0,0,23
50502,2,1,1991,0,0,0,0,0,0,0,0,0,0
50503,1,1,1991,13,8,8,19,11,9,19,21,18,10
50504,1,1,1991,0,0,0,0,0,0,0,0,0,0
50504,2,1,1991,0,0,0,0,0,0,0,0,0,21
50504,3,1,1991,0,0,0,0,0,0,0,0,0,0
50505,1,1,1991,15,22,22,20,0,12,12,16,24,14
50506,1,1,1991,17,17,17,17,17,17,17,17,17,17
50507,1,1,1991,0,0,0,0,0,0,0,0,0,0
50507,2,1,1991,0,0,0,18,0,0,0,0,0,0
50508,1,1,1991,15,0,19,19,17,12,0,9,25,19
50509,1,1,1991,2,2,2,2,2,2,2,2,2,2
50509,2,1,1991,0,0,0,0,0,0,0,0,0,0
50510,0,1,1991,0,0,0,0,0,0,0,0,0,0
50510,1,1,1991,0,0,0,0,0,0,0,0,0,0
50511,1,1,1991,27,27,27,27,27,27,27,27,27,27
50511,2,1,1991,0,0,0,0,0,0,0,0,0,0
50512,1,1,1991,0,0,0,0,0,0,0,0,0,0
50512,2,1,1991,0,0,0,0,0,0,0,0,0,0
50513,1,1,1991,0,0,0,0,0,0,0,0,0,0
50515,1,1,1991,24,16,9,14,40,31,23,0,14,14
50516,1,1,1991,0,29,0,0,16,0,0,0,0,0
50517,0,1,1991,29,29,29,29,29,29,29,29,29,29
50517,1,1,1991,0,0,0,0,0,0,0,0,0,0
50518,1,1,1991,17,17,17,17,17,17,17,17,17,17
50519,1,1,1991,0,0,0,0,0,0,0,0,0,0
50520,0,1,1991,0,0,0,0,0,0,0,0,0,0
50520,1,1,1991,0,0,0,0,0,0,0,0,0,0
50521,1,1,1991,15,15,15,15,15,15,15,15,15,15
50521,2,1,1991,13,13,13,13,13,13,13,13,13,13