ST_CASE,VEH_NO,PER_NO,YEAR,P1,P2,P3,P4,P5,P6,P7,P8,P9,P10
50522,1,1,1991,0,15,4,0,0,0,21,0,17,10
50522,2,1,1991,0,0,0,0,0,0,0,0,0,13
50523,0,1,1991,0,0,0,0,0,0,0,0,0,0
50523,1,1,1991,22,22,22,22,22,22,22,22,22,22
50524,0,1,1991,0,0,0,0,0,0,0,0,0,0
50524,1,1,1991,0,0,0,0,0,0,0,0,0,0
50525,1,1,1991,0,0,0,0,0,0,0,0,0,0
50525,2,1,1991,17,17,17,17,17,17,17,17,17,17
50526,1,1,1991,12,25,14,11,9,34,7,23,6,5
50527,1,1,1991,27,0,16,11,16,0,21,13,22,21
50528,1,1,1991,8,5,7,0,21,17,8,33,8,9
50529,0,1,1991,0,0,0,0,0,0,16,0,0,0
50529,1,1,1991,0,0,0,0,0,0,0,0,0,0
50530,1,1,1991,8,10,0,0,0,0,0,0,0,0
50530,2,1,1991,0,0,0,0,12,7,0,8,0,0
50530,3,1,1991,0,0,0,0,0,0,0,0,0,0
50531,1,1,1991,12,29,23,25,20,20,26,19,13,24
50532,0,1,1991,0,0,0,0,0,0,0,0,0,19
50532,1,1,1991,0,0,0,0,0,0,0,0,0,0
50533,1,1,1991,18,0,12,0,0,0,0,0,0,0
50534,1,1,1991,9,9,9,9,9,9,9,9,9,9
50535,1,1,1991,0,0,0,0,0,0,0,0,0,0
50535,2,1,1991,0,6,0,0,0,0,0,0,0,0
50536,1,1,1991,13,16,19,15,17,28,11,0,18,13
50536,2,1,1991,17,11,26,6,15,15,12,12,8,2
50536,3,1,1991,0,0,0,0,0,18,0,0,0,0
50537,0,1,1991,0,20,0,0,0,0,0,14,0,0
50537,1,1,1991,0,0,0,0,0,0,0,0,0,0
50538,1,1,1991,0,0,0,0,0,0,0,0,0,0
50539,1,1,1991,24,5,27,20,11,15,21,13,24,14
50540,1,1,1991,22,0,14,32,19,17,32,17,3,31
50541,0,1,1991,0,19,0,0,0,0,0,0,0,0
50541,1,1,1991,0,0,0,0,0,0,0,0,0,0
50542,1,1,1991,0,0,0,0,0,0,0,0,0,0
80001,0,1,1991,0,0,0,0,0,0,0,0,0,0
80001,0,2,1991,0,0,0,0,0,0,0,0,0,0
80001,1,1,1991,0,0,0,0,0,0,0,0,0,0
80002,1,1,1991,33,33,33,33,33,33,33,33,33,33
80003,1,1,1991,0,0,0,0,0,0,0,0,0,0
80003,2,1,1991,0,0,0,0,0,0,0,0,0,0
80004,1,1,1991,0,0,0,0,0,0,0,0,0,0
80005,1,1,1991,25,25,25,25,25,25,25,25,25,25
80005,2,1,1991,0,0,0,0,0,0,0,0,0,0
80006,1,1,1991,10,10,10,10,10,10,10,10,10,10
80006,2,1,1991,4,27,18,22,13,8,9,9,13,5
80007,1,1,1991,11,11,11,11,11,11,11,11,11,11
80007,2,1,1991,0,0,0,0,0,0,0,0,0,0
80007,3,1,1991,3,3,3,3,3,3,3,3,3,3
80008,1,1,1991,33,33,33,33,33,33,33,33,33,33
80009,1,1,1991,18,18,18,18,18,18,18,18,18,18
80009,2,1,1991,0,0,0,0,0,0,0,0,0,0
80010,1,1,1991,26,26,26,26,26,26,26,26,26,26
80010,2,1,1991,0,0,0,0,0,0,0,0,0,0
80011,0,1,1991,1,1,1,1,1,1,1,1,1,1
80011,1,1,1991,0,0,0,0,0,0,0,0,0,0
80012,1,1,1991,3,3,3,3,3,3,3,3,3,3
80013,1,1,1991,21,21,21,21,21,21,21,21,21,21
80014,1,1,1991,0,0,0,0,0,0,0,0,0,0
80014,2,1,1991,0,0,0,0,0,0,0,0,0,0
80015,1,1,1991,19,19,19,19,19,19,19,19,19,19
80016,1,1,1991,0,0,0,0,0,0,0,0,0,0
80016,2,1,1991,0,0,0,0,0,0,0,0,0,0
80017,1,1,1991,20,20,20,20,20,20,20,20,20,20
80018,1,1,1991,11,11,11,11,11,11,11,11,11,11
80018,2,1,1991,0,0,0,0,0,0,0,0,0,0
80019,1,1,1991,0,0,0,0,0,0,0,0,0,0
80020,1,1,1991,0,0,0,0,0,0,0,0,0,0
80021,1,1,1991,29,29,29,29,29,29,29,29,29,29
80022,1,1,1991,31,31,31,31,31,31,31,31,31,31
80023,1,1,1991,0,0,0,0,0,0,0,0,0,0
80023,2,1,1991,0,0,0,0,0,0,13,0,0,0
80024,1,1,1991,0,0,0,0,0,0,0,0,0,0
80024,2,1,1991,0,0,0,0,0,0,0,0,0,0
80025,1,1,1991,13,13,13,13,13,13,13,13,13,13
80025,2,1,1991,4,5,6,0,0,0,8,30,13,0
80025,3,1,1991,0,17,15,0,0,17,4,13,0,0
80026,1,1,1991,17,17,17,17,17,17,17,17,17,17
80027,1,1,1991,0,0,0,0,0,0,0,0,0,0
80028,1,1,1991,0,0,0,0,0,0,0,0,0,0
80028,2,1,1991,0,0,0,0,0,0,0,0,0,0
80029,1,1,1991,21,21,21,21,21,21,21,21,21,21
80029,2,1,1991,0,0,0,0,0,0,0,0,0,0
80030,1,1,1991,11,11,11,11,11,11,11,11,11,11
80031,1,1,1991,34,18,21,23,0,27,0,29,23,17
80032,1,1,1991,18,18,18,18,18,18,18,18,18,18
80033,1,1,1991,0,0,0,0,0,0,0,0,0,0
80033,2,1,1991,0,0,0,0,0,0,0,0,0,0
80034,1,1,1991,0,0,0,0,0,0,0,0,0,0
80034,2,1,1991,0,0,0,0,0,0,0,0,0,0
80035,0,1,1991,0,0,0,0,0,0,0,0,0,0
80035,1,1,1991,0,0,0,0,0,0,0,0,0,0
80036,1,1,1991,0,0,0,0,0,0,0,0,0,0
80036,2,1,1991,0,0,0,0,0,0,0,0,0,0
80037,1,1,1991,28,28,28,28,28,28,28,28,28,28
80038,1,1,1991,0,0,0,0,0,0,0,0,0,0
80038,2,1,1991,0,0,0,0,0,0,0,0,0,0
80039,1,1,1991,0,0,0,0,0,0,0,0,0,0
80040,1,1,1991,10,10,10,10,10,10,10,10,10,10
80041,1,1,1991,9,9,9,9,9,9,9,9,9,9
80042,1,1,1991,0,0,0,0,0,0,0,0,0,0
80043,1,1,1991,0,0,0,0,0,0,0,0,0,0
80043,2,1,1991,0,0,0,0,0,0,0,0,0,0
80044,1,1,1991,0,0,0,0,0,0,0,0,0,0
80044,2,1,1991,0,0,0,0,0,0,0,0,0,0
80045,1,1,1991,0,0,0,0,0,0,0,0,0,0
80045,2,1,1991,0,0,0,0,0,0,0,0,0,0
80045,3,1,1991,0,0,0,0,0,0,0,0,0,0
80045,4,1,1991,0,0,0,0,0,0,0,0,0,0
80045,5,1,1991,0,0,0,0,0,0,0,0,0,0
80046,0,1,1991,24,24,24,24,24,24,24,24,24,24
80046,1,1,1991,12,12,12,12,12,12,12,12,12,12
80047,1,1,1991,18,18,18,18,18,18,18,18,18,18
80048,1,1,1991,0,0,0,0,0,0,0,0,0,0
80049,0,1,1991,0,0,0,0,0,0,0,0,0,0
80049,1,1,1991,0,0,0,0,0,0,0,0,0,0
80050,1,1,1991,0,0,0,0,0,0,0,0,0,0
80051,1,1,1991,3,3,3,3,3,3,3,3,3,3
80052,1,1,1991,0,0,0,0,0,0,0,0,0,0
80052,2,1,1991,0,0,0,0,0,0,0,0,0,0
80053,1,1,1991,18,18,18,18,18,18,18,18,18,18
80054,1,1,1991,18,18,18,18,18,18,18,18,18,18
80055,1,1,1991,0,0,0,0,0,0,0,0,0,0
80056,1,1,1991,0,0,0,0,0,0,0,0,0,0
80057,0,1,1991,0,23,0,0,0,0,0,0,0,0
80057,1,1,1991,0,0,0,0,0,0,0,0,0,0
80058,1,1,1991,19,19,19,19,19,19,19,19,19,19
80059,1,1,1991,19,0,0,0,0,0,0,0,0,0
80060,1,1,1991,0,0,0,0,0,0,0,0,0,0
80061,1,1,1991,0,0,0,0,0,0,0,0,0,0
80062,0,1,1991,0,0,0,0,0,0,0,0,0,0
80062,1,1,1991,0,0,0,0,0,0,0,0,0,0
80063,1,1,1991,0,0,0,0,0,0,0,0,0,0
80063,2,1,1991,0,0,0,0,0,0,0,0,0,0
80064,1,1,1991,0,0,0,0,0,0,0,0,0,0
80064,2,1,1991,0,0,0,0,0,0,0,0,0,0
80065,1,1,1991,22,22,22,22,22,22,22,22,22,22
80065,2,1,1991,0,0,0,0,0,0,0,0,0,0
80066,1,1,1991,29,29,29,29,29,29,29,29,29,29
80067,0,1,1991,27,27,27,27,27,27,27,27,27,27
80067,1,1,1991,0,0,0,0,0,0,0,0,0,0
80067,2,1,1991,21,0,13,15,0,27,12,0,0,0
80067,3,1,1991,0,0,0,0,0,0,0,0,8,11
80067,4,1,1991,0,0,0,0,0,0,0,0,14,0
80068,1,1,1991,0,0,0,0,0,0,0,0,0,0
80069,1,1,1991,0,0,0,0,0,0,0,0,0,0
80069,2,1,1991,0,0,0,0,0,0,15,0,0,0
80070,0,1,1991,0,0,0,0,0,0,0,0,0,0
80070,0,2,1991,0,0,0,0,0,0,0,0,0,0
80070,1,1,1991,0,0,0,0,0,0,0,0,0,0
80071,1,1,1991,0,0,0,0,0,0,0,0,0,0
80071,2,1,1991,0,0,0,0,0,0,0,0,0,0
80071,3,1,1991,0,0,0,0,0,0,0,0,0,0
80072,1,1,1991,12,12,12,12,12,12,12,12,12,12
80073,1,1,1991,0,0,0,0,0,0,0,0,0,0
80074,1,1,1991,15,15,15,15,15,15,15,15,15,15
80075,1,1,1991,17,17,17,17,17,17,17,17,17,17
80076,1,1,1991,0,0,0,0,0,0,0,0,0,0
80077,1,1,1991,0,0,0,0,0,0,0,0,0,0
80077,2,1,1991,0,0,0,0,0,0,0,0,0,0
80078,1,1,1991,14,14,14,14,14,14,14,14,14,14
80078,2,1,1991,0,0,0,0,0,0,0,0,0,0
80078,3,1,1991,0,0,0,0,0,0,0,0,0,0
80078,4,1,1991,0,0,0,7,0,0,0,5,9,0
80079,1,1,1991,23,23,23,23,23,23,23,23,23,23
80080,1,1,1991,0,0,0,0,0,0,0,0,0,0
80080,2,1,1991,0,0,0,0,0,0,0,0,0,8
80081,1,1,1991,0,0,0,0,0,0,0,0,0,0
80081,2,1,1991,0,0,0,0,0,0,0,0,0,0
80082,1,1,1991,0,0,0,0,0,0,0,0,0,0
80083,0,1,1991,16,16,16,16,16,16,16,16,16,16
80083,1,1,1991,0,0,0,0,0,0,0,0,0,0
80084,1,1,1991,0,0,0,0,0,0,0,0,0,0
80084,2,1,1991,0,0,0,0,0,0,0,0,0,0
80084,3,1,1991,0,0,0,0,0,0,0,0,0,0
80085,0,1,1991,0,0,0,0,0,0,0,0,0,0
80085,1,1,1991,0,0,0,0,19,0,0,0,0,0
80086,1,1,1991,0,0,0,0,0,0,0,0,0,0
80086,2,1,1991,0,0,0,0,0,0,0,0,0,0
80087,1,1,1991,26,26,26,26,26,26,26,26,26,26
80088,1,1,1991,27,27,27,27,27,27,27,27,27,27
80089,1,1,1991,0,12,0,0,0,0,29,17,0,0
80090,0,1,1991,0,0,0,0,0,0,0,0,0,0
80090,1,1,1991,0,9,0,0,0,0,0,0,0,0
80091,1,1,1991,0,0,0,0,0,0,0,0,0,0
80091,2,1,1991,0,0,0,0,0,0,0,0,0,0
80091,3,1,1991,0,0,0,17,0,0,0,0,0,19
80092,1,1,1991,15,15,15,15,15,15,15,15,15,15
80093,1,1,1991,0,0,0,0,0,0,0,0,0,0
80093,2,1,1991,0,0,0,20,0,0,0,0,0,0
80095,1,1,1991,21,21,21,21,21,21,21,21,21,21
80096,1,1,1991,0,0,0,0,0,0,0,0,0,0
80097,1,1,1991,30,30,30,30,30,30,30,30,30,30
80098,1,1,1991,0,0,0,0,0,0,0,0,0,0
80099,1,1,1991,24,24,24,24,24,24,24,24,24,24
80100,1,1,1991,28,28,28,28,28,28,28,28,28,28
80101,1,1,1991,12,12,12,12,12,12,12,12,12,12
80102,1,1,1991,0,0,0,0,0,0,0,0,0,0
80102,2,1,1991,0,0,0,0,0,0,0,0,0,0
80103,1,1,1991,7,0,0,0,0,0,0,0,0,0
80104,1,1,1991,0,0,0,0,0,0,0,0,0,0
80104,2,1,1991,29,20,17,35,17,20,0,17,21,6
80105,1,1,1991,0,0,0,0,0,0,0,0,0,0
80106,1,1,1991,30,30,30,30,30,30,30,30,30,30
80106,2,1,1991,8,6,0,21,23,20,12,23,4,0
80107,1,1,1991,20,20,20,20,20,20,20,20,20,20
80107,2,1,1991,0,0,0,0,0,0,0,0,0,0
80108,1,1,1991,11,11,11,11,11,11,11,11,11,11
80108,2,1,1991,0,0,0,0,0,0,0,0,0,0
80109,1,1,1991,24,24,24,24,24,24,24,24,24,24
80109,2,1,1991,1,1,1,1,1,1,1,1,1,1
80110,1,1,1991,0,0,0,0,0,0,0,0,0,0
80110,2,1,1991,0,0,0,0,0,0,0,0,0,0
80110,3,1,1991,0,0,0,0,0,0,0,0,0,0
80110,4,1,1991,0,0,0,0,0,0,0,0,0,0
80111,1,1,1991,26,26,26,26,26,26,26,26,26,26
80112,1,1,1991,19,19,19,19,19,19,19,19,19,19
80113,1,1,1991,16,16,16,16,16,16,16,16,16,16
80114,1,1,1991,0,0,0,0,0,0,0,0,0,0
80115,1,1,1991,31,31,31,31,31,31,31,31,31,31
80116,0,1,1991,16,16,16,16,16,16,16,16,16,16
80116,1,1,1991,8,8,8,8,8,8,8,8,8,8
80117,1,1,1991,17,17,17,17,17,17,17,17,17,17
80117,2,1,1991,0,0,0,0,0,0,0,0,0,0
80118,1,1,1991,14,14,14,14,14,14,14,14,14,14
80118,2,1,1991,0,0,0,0,0,0,0,0,0,0
80121,0,1,1991,0,0,0,0,0,0,0,0,0,0
80121,1,1,1991,0,0,0,0,0,0,0,0,0,0
80122,1,1,1991,17,17,17,17,17,17,17,17,17,17
80123,1,1,1991,0,0,0,0,0,0,0,0,0,0
80124,0,1,1991,23,23,23,23,23,23,23,23,23,23
80124,1,1,1991,30,16,0,10,0,16,12,0,6,0
80125,1,1,1991,0,0,0,0,0,0,0,0,0,0
80126,1,1,1991,22,22,22,22,22,22,22,22,22,22
80126,2,1,1991,0,0,0,0,0,0,0,0,0,0
80127,1,1,1991,0,0,0,0,0,0,0,0,0,0
80128,1,1,1991,19,19,19,19,19,19,19,19,19,19
80129,1,1,1991,14,14,14,14,14,14,14,14,14,14
80130,1,1,1991,23,23,23,23,23,23,23,23,23,23
80130,2,1,1991,19,19,19,19,19,19,19,19,19,19
80131,1,1,1991,17,17,17,17,17,17,17,17,17,17
80132,1,1,1991,17,17,17,17,17,17,17,17,17,17
80133,1,1,1991,0,0,0,0,0,0,0,0,0,0
80133,2,1,1991,0,0,0,0,0,0,0,0,0,0
80134,1,1,1991,0,0,0,0,0,0,0,0,0,0
80134,2,1,1991,0,0,0,0,0,0,0,0,0,0
80135,1,1,1991,0,0,0,0,0,0,0,0,0,0
80136,1,1,1991,4,4,4,4,4,4,4,4,4,4
80136,2,1,1991,2,2,2,2,2,2,2,2,2,2
80137,1,1,1991,0,0,0,0,0,0,0,0,0,0
80137,2,1,1991,0,0,0,0,0,0,0,0,0,0
80137,3,1,1991,0,0,8,0,0,0,0,0,0,0
80137,4,1,1991,0,0,0,0,0,0,0,0,0,0
80138,1,1,1991,17,17,17,17,17,17,17,17,17,17
80139,1,1,1991,8,8,8,8,8,8,8,8,8,8
80140,1,1,1991,0,0,0,0,0,0,0,0,0,0
80141,0,1,1991,0,0,0,0,0,0,0,0,0,0
80141,2,1,1991,0,0,0,0,0,0,0,0,0,0
80142,1,1,1991,0,0,0,0,0,0,0,0,0,0
80143,1,1,1991,0,0,0,0,0,0,0,0,0,0
80144,1,1,1991,14,14,14,14,14,14,14,14,14,14
80145,1,1,1991,15,16,29,31,19,31,23,9,22,12
80146,1,1,1991,0,0,0,0,0,0,0,0,0,0
80146,2,1,1991,0,0,0,0,0,0,0,0,0,0
80147,1,1,1991,28,28,28,28,28,28,28,28,28,28
80147,2,1,1991,0,0,0,0,0,0,0,0,0,0
80148,1,1,1991,13,13,13,13,13,13,13,13,13,13
80148,2,1,1991,0,0,0,0,0,0,0,0,13,0
80149,1,1,1991,0,4,7,19,16,0,14,38,13,0
80150,1,1,1991,3,3,3,3,3,3,3,3,3,3
80151,1,1,1991,20,20,20,20,20,20,20,20,20,20
80152,1,1,1991,0,0,0,0,17,0,0,0,0,0
80153,0,1,1991,3,3,3,3,3,3,3,3,3,3
80153,1,1,1991,0,0,0,0,0,0,0,0,0,0
80154,1,1,1991,15,15,15,15,15,15,15,15,15,15
80155,1,1,1991,22,22,22,22,22,22,22,22,22,22
80156,1,1,1991,0,0,0,0,0,0,0,0,0,0
80157,1,1,1991,18,21,8,0,0,19,3,10,0,0
80158,0,1,1991,0,0,16,0,0,0,0,0,0,34
80158,1,1,1991,0,0,0,0,0,0,0,0,0,0
80159,1,1,1991,0,0,0,0,0,0,0,0,0,0
80160,1,1,1991,4,4,4,4,4,4,4,4,4,4
80160,2,1,1991,9,9,9,9,9,9,9,9,9,9
80161,1,1,1991,0,0,0,0,0,0,0,0,0,0
80161,2,1,1991,0,0,0,0,0,0,0,0,0,0
80162,0,1,1991,0,0,0,0,0,0,0,0,0,0
80162,1,1,1991,8,11,0,0,16,0,0,8,0,9
80163,0,1,1991,0,0,0,0,0,0,0,0,0,0
80163,1,1,1991,0,0,0,0,0,0,0,0,0,0
80164,1,1,1991,0,0,0,0,0,0,0,0,0,0
80165,1,1,1991,0,0,0,0,0,0,0,0,0,0
80165,2,1,1991,0,0,0,0,0,0,0,0,0,0
80166,1,1,1991,0,0,0,0,0,0,0,0,0,0
80166,2,1,1991,0,0,0,0,0,0,0,0,0,0
80167,1,1,1991,0,0,0,0,0,0,0,0,0,0
80167,2,1,1991,0,0,0,0,0,0,0,0,0,0
80168,1,1,1991,8,8,8,8,8,8,8,8,8,8
80168,2,1,1991,0,0,0,0,0,0,0,0,0,0
80169,1,1,1991,11,11,11,11,11,11,11,11,11,11
80169,2,1,1991,0,0,0,0,0,0,0,0,0,0
80170,1,1,1991,0,0,0,0,0,0,0,0,0,0
80170,2,1,1991,18,18,18,18,18,18,18,18,18,18
80171,0,1,1991,0,0,0,0,0,0,0,0,0,0
80171,0,2,1991,0,0,0,0,0,0,0,0,0,0
80171,1,1,1991,10,10,10,10,10,10,10,10,10,10
80172,1,1,1991,8,8,8,8,8,8,8,8,8,8
80173,1,1,1991,16,16,16,16,16,16,16,16,16,16
80174,1,1,1991,0,0,0,0,0,0,0,0,0,0
80174,2,1,1991,0,0,0,0,0,0,0,0,0,0
80175,1,1,1991,0,0,0,0,0,0,0,0,0,0
80175,2,1,1991,0,0,0,0,0,0,0,0,0,0
80176,1,1,1991,0,0,0,0,0,0,0,0,0,0
80176,2,1,1991,0,0,0,0,0,0,0,0,0,0
80177,1,1,1991,15,15,15,15,15,15,15,15,15,15
80178,0,1,1991,0,0,0,0,0,0,0,0,0,0
80178,1,1,1991,0,0,0,0,0,0,0,0,0,0
80179,1,1,1991,0,0,0,0,0,0,0,0,0,0
80180,1,1,1991,0,0,0,0,0,0,0,0,0,0
80180,2,1,1991,0,0,0,0,0,0,0,0,0,0
80181,1,1,1991,0,0,0,0,0,0,0,8,0,0
80182,1,1,1991,0,0,0,0,0,0,0,0,0,0
80182,2,1,1991,0,0,0,0,0,0,0,0,0,0
80183,1,1,1991,0,0,0,0,0,0,0,0,0,0
80183,2,1,1991,0,0,0,0,0,0,0,0,0,0
80184,1,1,1991,17,17,17,17,17,17,17,17,17,17
80184,2,1,1991,23,23,23,23,23,23,23,23,23,23
80185,1,1,1991,0,0,0,0,0,0,0,0,0,0
80185,2,1,1991,0,0,0,0,0,0,0,0,0,0
80186,1,1,1991,0,0,0,0,0,0,0,0,0,0
80186,2,1,1991,0,0,0,0,0,0,0,0,0,0
80187,1,1,1991,0,0,0,0,0,0,0,0,0,0
80188,0,1,1991,13,13,13,13,13,13,13,13,13,13
80188,1,1,1991,0,0,0,15,14,16,0,10,6,28
80189,0,1,1991,18,18,18,18,18,18,18,18,18,18
80189,1,1,1991,15,15,15,15,15,15,15,15,15,15
80190,1,1,1991,0,0,0,0,0,12,14,0,0,0
80190,2,1,1991,0,0,0,0,0,0,0,0,0,0
80191,1,1,1991,0,0,0,0,0,0,0,0,0,0
80192,1,1,1991,0,0,0,0,9,0,0,0,0,44
80193,1,1,1991,23,23,23,23,23,23,23,23,23,23
80194,1,1,1991,20,20,20,20,20,20,20,20,20,20
80195,1,1,1991,26,26,26,26,26,26,26,26,26,26
80196,1,1,1991,10,10,10,10,10,10,10,10,10,10
80197,1,1,1991,19,19,19,19,19,19,19,19,19,19
80198,1,1,1991,9,22,14,0,0,0,15,13,0,18
80199,1,1,1991,0,0,0,0,0,0,0,0,0,0
80199,2,1,1991,0,0,0,0,0,0,0,0,0,0
80200,1,1,1991,0,0,0,0,0,0,0,0,0,0
80201,1,1,1991,23,23,23,23,23,23,23,23,23,23
80202,1,1,1991,23,23,23,23,23,23,23,23,23,23
80203,1,1,1991,0,0,0,0,0,0,0,0,0,0
80204,1,1,1991,0,0,0,0,0,0,0,0,0,0
80205,1,1,1991,0,0,0,0,0,0,0,0,0,0
80206,1,1,1991,11,11,11,11,11,11,11,11,11,11
80207,1,1,1991,22,22,22,22,22,22,22,22,22,22
80208,1,1,1991,0,0,0,0,0,0,0,0,0,0
80209,1,1,1991,0,0,0,0,0,0,0,0,0,0
80209,2,1,1991,0,0,0,0,0,0,0,0,0,0
80210,1,1,1991,0,0,13,0,0,0,7,0,0,0
80211,1,1,1991,7,7,7,7,7,7,7,7,7,7
80212,1,1,1991,0,0,0,0,0,0,0,0,0,0
80213,0,1,1991,0,0,0,0,0,0,0,0,0,0
80213,1,1,1991,0,0,0,0,0,0,0,0,0,0
80214,0,1,1991,0,0,0,0,0,0,0,0,0,0
80214,1,1,1991,0,0,0,0,0,0,0,0,0,0
80215,0,1,1991,0,10,19,0,0,0,0,0,0,0
80215,1,1,1991,0,0,0,0,0,0,0,0,0,0
80216,0,1,1991,0,0,0,0,0,0,0,0,0,0
80216,1,1,1991,0,0,0,0,0,0,0,3,0,0
80217,1,1,1991,0,0,0,0,0,0,0,0,0,0
80218,1,1,1991,0,0,0,0,0,0,0,0,0,0
80219,1,1,1991,14,0,0,0,0,0,0,0,0,0
80220,1,1,1991,9,9,9,9,9,9,9,9,9,9
80220,2,1,1991,0,0,0,0,0,0,0,0,0,0
80221,1,1,1991,2,2,2,2,2,2,2,2,2,2
80222,1,1,1991,26,26,26,26,26,26,26,26,26,26
80222,2,1,1991,8,8,8,8,8,8,8,8,8,8
80223,1,1,1991,25,25,25,25,25,25,25,25,25,25
80224,1,1,1991,0,0,0,0,0,0,0,0,0,0
80224,2,1,1991,0,0,0,0,0,0,0,0,0,0
80225,0,1,1991,20,20,20,20,20,20,20,20,20,20
80225,1,1,1991,0,0,0,0,0,0,0,0,0,0
80226,0,1,1991,22,22,22,22,22,22,22,22,22,22
80226,1,1,1991,0,0,0,0,0,0,0,0,13,0
80227,0,1,1991,0,0,0,0,0,0,0,0,0,0
80227,1,1,1991,0,0,0,0,0,0,0,0,0,0
80228,1,1,1991,1,1,1,1,1,1,1,1,1,1
80228,2,1,1991,0,0,0,0,0,0,0,0,0,0
80229,1,1,1991,0,0,0,0,0,0,0,0,0,0
80230,1,2,1991,23,22,13,0,0,22,29,0,15,14
80231,1,1,1991,0,0,0,0,0,0,0,0,0,0
80232,1,1,1991,17,17,17,17,17,17,17,17,17,17
80234,1,1,1991,25,25,25,25,25,25,25,25,25,25
80235,1,1,1991,0,0,0,0,0,0,0,0,0,0
80236,1,1,1991,15,15,15,15,15,15,15,15,15,15
80237,1,1,1991,0,0,0,0,0,0,0,0,0,0
80237,2,1,1991,0,0,0,0,0,0,0,0,0,0
80238,1,1,1991,0,0,0,0,0,0,0,0,0,0
80239,1,1,1991,0,0,0,0,0,0,0,0,0,0
80240,1,1,1991,0,0,0,0,0,0,0,0,0,0
80241,1,1,1991,0,0,0,0,0,0,0,0,0,0
80242,1,1,1991,0,0,0,0,0,0,0,0,0,0
80243,1,1,1991,16,16,16,16,16,16,16,16,16,16
80243,2,1,1991,0,0,8,8,0,0,0,0,0,0
80244,1,1,1991,23,23,23,23,23,23,23,23,23,23
80245,1,1,1991,16,16,16,16,16,16,16,16,16,16
80246,1,1,1991,45,45,45,45,45,45,45,45,45,45
80247,1,1,1991,0,0,0,0,0,0,0,0,0,0
80247,2,1,1991,0,0,0,0,0,0,0,0,0,0
80247,3,1,1991,0,0,0,0,0,0,0,0,0,0
80248,1,1,1991,23,23,23,23,23,23,23,23,23,23
80248,2,1,1991,23,0,0,0,0,0,0,0,0,0
80249,1,1,1991,0,0,0,0,0,0,0,0,0,0
80249,2,1,1991,0,0,0,0,0,0,0,0,0,0
80250,1,1,1991,37,37,37,37,37,37,37,37,37,37
80251,1,1,1991,0,0,0,0,0,0,0,0,0,0
80251,2,1,1991,0,2,0,0,0,0,0,0,0,0
80252,1,1,1991,0,0,0,0,0,0,0,0,0,0
80252,2,1,1991,0,0,0,0,0,0,0,0,0,0
80253,0,1,1991,20,20,20,20,20,20,20,20,20,20
80253,1,1,1991,0,0,0,0,0,0,0,0,0,0
80254,1,1,1991,0,0,0,0,0,0,0,0,0,0
80255,1,1,1991,0,0,0,0,0,0,0,0,0,0
80256,1,1,1991,1,1,1,1,1,1,1,1,1,1
80256,2,1,1991,0,0,0,0,0,0,0,0,0,0
80256,3,1,1991,0,0,0,0,0,0,0,0,0,0
80257,1,1,1991,0,11,0,0,0,0,0,0,0,0
80258,1,1,1991,0,11,0,0,0,0,0,0,0,0
80258,2,1,1991,0,0,0,0,0,0,0,0,0,0
80258,3,1,1991,0,0,0,0,0,0,0,0,0,0
80259,1,1,1991,0,0,0,0,0,0,0,0,0,0
80259,2,1,1991,0,0,0,0,0,0,0,0,0,0
80260,1,1,1991,0,0,0,0,0,0,0,0,0,0
80260,2,1,1991,0,0,0,0,0,0,0,0,0,0
80261,0,1,1991,16,16,16,16,16,16,16,16,16,16
80261,1,1,1991,0,0,0,0,0,0,0,0,0,0
80261,2,1,1991,0,0,0,0,0,0,0,0,0,0
80262,1,1,1991,0,0,0,0,0,0,0,0,0,0
80262,2,1,1991,4,4,4,4,4,4,4,4,4,4
80262,3,1,1991,0,0,0,0,0,0,0,0,0,0
80263,1,1,1991,0,0,0,0,0,0,0,0,0,0
80263,2,1,1991,0,0,0,0,0,0,0,0,0,0
80264,0,1,1991,0,0,0,0,0,0,0,0,0,0
80264,1,1,1991,0,0,0,0,0,0,0,0,0,0
80265,0,1,1991,0,0,0,0,0,0,0,0,0,0
80265,1,1,1991,0,0,0,0,0,0,0,0,0,0
80266,1,1,1991,18,18,18,18,18,18,18,18,18,18
80267,1,1,1991,0,0,0,0,0,0,0,0,0,0
80268,1,1,1991,8,8,8,8,8,8,8,8,8,8
80269,1,1,1991,7,7,7,7,7,7,7,7,7,7
80270,1,1,1991,9,0,19,0,0,0,9,32,0,0
80271,1,1,1991,11,11,11,11,11,11,11,11,11,11
80272,1,1,1991,26,26,26,26,26,26,26,26,26,26
80273,1,1,1991,0,0,0,0,0,0,0,0,0,0
80274,1,1,1991,0,0,0,0,0,0,0,0,0,0
80275,0,1,1991,0,0,0,0,0,0,0,0,0,0
80275,1,1,1991,0,16,13,0,4,27,0,35,0,12
80276,1,1,1991,0,0,0,0,0,0,0,0,0,0
80276,2,1,1991,0,0,0,0,0,0,0,0,11,0
80277,1,1,1991,22,22,22,22,22,22,22,22,22,22
80278,1,1,1991,0,0,0,0,0,0,0,0,0,0
80279,1,1,1991,38,38,38,38,38,38,38,38,38,38
80280,1,1,1991,36,36,36,36,36,36,36,36,36,36
80281,1,1,1991,15,15,15,15,15,15,15,15,15,15
80282,1,1,1991,0,0,0,0,0,0,0,0,0,0
80282,2,1,1991,0,0,0,0,0,0,0,0,0,0
80283,1,1,1991,0,0,0,0,0,0,0,17,0,12
80283,2,1,1991,0,0,0,0,0,0,0,0,0,0
80284,1,1,1991,0,0,0,0,0,0,0,0,0,0
80285,1,1,1991,16,16,16,16,16,16,16,16,16,16
80286,1,1,1991,0,0,0,0,0,0,0,0,0,0
80287,1,1,1991,0,0,0,0,0,0,0,0,0,0
80288,1,1,1991,34,34,34,34,34,34,34,34,34,34
80288,2,1,1991,0,0,0,0,0,0,0,0,0,0