ST_CASE,VEH_NO,PER_NO,YEAR,P1,P2,P3,P4,P5,P6,P7,P8,P9,P10
121024,1,1,1991,0,0,0,0,9,0,0,0,0,0
121025,0,1,1991,28,28,28,28,28,28,28,28,28,28
121025,1,1,1991,6,6,6,6,6,6,6,6,6,6
121026,1,1,1991,0,0,0,0,0,0,0,0,0,0
121026,2,1,1991,0,0,0,0,0,0,0,0,0,0
121027,1,1,1991,0,0,0,0,0,0,0,0,0,0
121028,1,1,1991,17,17,17,17,17,17,17,17,17,17
121028,2,1,1991,0,0,0,0,0,0,0,0,0,0
121029,1,1,1991,3,3,3,3,3,3,3,3,3,3
121029,2,1,1991,16,16,16,16,16,16,16,16,16,16
121030,1,1,1991,18,17,0,15,18,0,14,14,0,16
121031,1,1,1991,5,5,5,5,5,5,5,5,5,5
121032,1,1,1991,0,0,0,0,0,0,0,0,0,0
121032,2,1,1991,0,0,0,20,0,0,36,0,0,0
121033,1,1,1991,0,0,0,0,0,0,0,0,0,0
121033,2,1,1991,0,0,0,0,0,0,0,0,0,0
121034,1,1,1991,11,11,11,11,11,11,11,11,11,11
121034,2,1,1991,6,6,6,6,6,6,6,6,6,6
121034,3,1,1991,0,0,6,0,0,0,0,18,0,0
121035,1,1,1991,0,0,0,0,0,0,0,0,0,0
121035,2,1,1991,0,0,0,0,0,0,0,0,10,0
121036,1,1,1991,0,0,0,0,0,0,0,0,0,0
121036,2,1,1991,0,0,0,0,0,0,0,0,0,0
121037,1,1,1991,9,9,9,9,9,9,9,9,9,9
121038,1,1,1991,15,24,19,24,18,4,16,10,0,19
121038,2,1,1991,0,0,0,0,0,0,0,0,0,0
121039,1,1,1991,14,14,14,14,14,14,14,14,14,14
121039,2,1,1991,0,18,16,0,0,11,0,0,0,0
121040,1,1,1991,10,10,10,10,10,10,10,10,10,10
121041,1,1,1991,0,0,0,0,0,0,0,0,0,0
121041,2,1,1991,0,0,0,0,0,0,0,0,0,0
121042,0,1,1991,0,0,0,0,0,0,0,0,0,0
121042,1,1,1991,0,0,0,23,0,0,0,0,0,0
121043,1,1,1991,0,0,0,0,0,0,0,0,0,0
121044,1,1,1991,0,0,15,0,0,0,0,0,0,0
121045,1,1,1991,0,0,0,0,0,0,0,0,0,0
121045,2,1,1991,0,0,0,0,0,0,0,3,0,0
121046,1,1,1991,11,11,11,11,11,11,11,11,11,11
121046,2,1,1991,0,0,0,0,0,0,0,0,0,0
121047,1,1,1991,9,9,9,9,9,9,9,9,9,9
121048,1,1,1991,0,0,0,0,0,0,0,0,0,0
121048,2,1,1991,0,0,0,8,0,0,0,0,0,0
121049,0,1,1991,16,16,16,16,16,16,16,16,16,16
121049,1,1,1991,0,0,0,0,0,0,0,0,0,0
121050,1,1,1991,0,0,0,0,0,0,0,0,0,0
121050,2,1,1991,0,0,0,0,0,0,0,0,0,0
121051,1,1,1991,0,0,0,0,0,0,0,0,27,0
121051,2,1,1991,0,0,0,0,0,0,0,0,0,0
121052,1,1,1991,0,0,0,26,0,0,18,0,0,12
121052,2,1,1991,0,0,0,0,0,0,0,0,9,0
121053,1,1,1991,26,26,26,26,26,26,26,26,26,26
121054,1,1,1991,0,0,0,0,0,0,0,0,0,0
121054,2,1,1991,13,0,0,0,0,0,0,0,0,0
121055,0,1,1991,0,20,0,31,0,0,0,0,36,0
121055,1,1,1991,0,0,7,0,0,0,0,0,0,0
121056,1,1,1991,0,0,0,0,0,0,0,0,0,0
121057,1,1,1991,0,0,0,0,0,0,0,0,0,0
121058,1,1,1991,0,0,0,0,0,0,0,0,0,0
121059,1,1,1991,0,0,0,0,0,0,0,0,0,0
121059,2,1,1991,0,0,0,0,0,0,0,0,0,0
121060,1,1,1991,6,6,6,6,6,6,6,6,6,6
121061,1,1,1991,6,6,6,6,6,6,6,6,6,6
121061,2,1,1991,0,0,0,0,0,0,0,0,0,0
121061,3,1,1991,0,0,0,0,0,0,0,0,0,0
121062,1,1,1991,0,0,0,0,0,0,0,0,0,0
121062,2,1,1991,0,0,0,0,0,0,0,0,0,0
121063,1,1,1991,15,15,15,15,15,15,15,15,15,15
121064,1,1,1991,0,0,0,0,0,0,0,0,0,0
121065,1,1,1991,28,28,28,28,28,28,28,28,28,28
121066,0,1,1991,26,26,26,26,26,26,26,26,26,26
121066,1,1,1991,0,0,0,0,0,0,0,0,0,0
121067,0,1,1991,0,0,0,0,0,0,0,0,0,0
121067,1,1,1991,0,16,0,21,14,17,0,0,0,0
121068,0,1,1991,0,0,0,0,0,0,0,0,0,0
121068,1,1,1991,0,0,0,0,0,0,0,0,22,0
121069,1,1,1991,0,0,0,0,0,0,0,0,0,0
121069,2,1,1991,0,0,14,0,11,13,18,0,0,0
121069,3,1,1991,0,0,0,0,0,0,9,0,0,0
121069,4,1,1991,0,0,0,0,0,0,0,0,0,0
121070,0,1,1991,0,0,0,0,0,0,0,0,0,0
121070,1,1,1991,0,0,0,0,27,0,0,0,0,0
121071,0,1,1991,29,0,0,22,19,0,0,31,19,20
121071,1,1,1991,0,0,0,0,0,0,0,0,0,0
121071,2,1,1991,0,0,0,0,0,0,0,0,0,0
121072,1,1,1991,3,3,3,3,3,3,3,3,3,3
121072,2,1,1991,0,0,0,0,0,0,0,0,0,0
121073,0,1,1991,0,0,0,0,0,0,0,0,0,0
121073,1,1,1991,0,12,0,0,0,0,10,0,9,0
121074,1,1,1991,17,17,17,17,17,17,17,17,17,17
121074,2,1,1991,0,0,0,0,0,0,0,0,0,0
121075,1,1,1991,26,26,26,26,26,26,26,26,26,26
121075,2,1,1991,13,13,13,13,13,13,13,13,13,13
121076,1,1,1991,11,11,11,11,11,11,11,11,11,11
121077,1,1,1991,12,27,0,0,16,0,0,0,0,0
121077,2,1,1991,20,0,0,17,15,14,31,0,0,9
121078,1,1,1991,26,26,26,26,26,26,26,26,26,26
121078,2,1,1991,0,0,0,0,21,0,0,0,0,0
121079,1,1,1991,0,0,0,0,0,0,0,0,0,18
121080,1,1,1991,0,0,0,0,0,0,0,0,0,0
121080,2,1,1991,0,0,0,0,0,23,0,0,0,0
121081,1,1,1991,0,0,0,0,0,0,0,0,0,0
121082,0,1,1991,0,0,0,0,0,0,0,0,0,0
121082,1,1,1991,0,0,0,0,0,0,0,0,0,0
121083,1,1,1991,0,0,0,0,0,0,0,0,34,0
121083,2,1,1991,0,0,15,0,4,19,0,8,0,0
121084,1,1,1991,20,20,20,20,20,20,20,20,20,20
121084,2,1,1991,0,0,0,0,0,0,0,0,0,0
121085,1,1,1991,0,0,0,0,0,0,0,0,0,0
121085,2,1,1991,0,0,0,0,0,0,0,0,0,0
121086,1,1,1991,0,0,0,0,0,0,0,0,20,0
121086,2,1,1991,0,0,0,0,0,0,0,0,0,0
121087,1,1,1991,0,0,0,0,0,0,0,0,0,0
121087,2,1,1991,0,0,0,0,0,0,0,0,0,0
121088,0,1,1991,0,0,0,0,0,0,0,0,0,0
121088,1,1,1991,0,0,0,0,0,10,0,0,0,0
121089,0,1,1991,0,0,0,0,0,0,0,0,0,0
121089,1,1,1991,0,0,0,0,0,0,0,0,0,0
121090,0,1,1991,0,0,0,0,0,0,0,0,0,0
121090,1,1,1991,9,0,0,17,17,0,11,0,19,0
121091,0,1,1991,21,21,21,21,21,21,21,21,21,21
121091,1,1,1991,0,0,14,9,14,16,15,53,17,6
121092,1,1,1991,0,0,0,0,0,0,0,0,0,0
121093,1,1,1991,20,20,20,20,20,20,20,20,20,20
121093,2,1,1991,0,0,0,0,0,0,0,0,0,0
121094,0,1,1991,26,18,16,18,0,0,0,10,0,23
121094,1,1,1991,0,0,0,0,0,0,21,0,0,0
121095,1,1,1991,0,0,0,0,0,0,0,0,0,0
121095,2,1,1991,0,0,0,0,0,0,0,0,0,0
121096,1,1,1991,10,19,30,12,0,0,12,0,13,17
121096,2,1,1991,0,0,29,0,0,0,0,0,16,0
121097,1,1,1991,17,17,17,17,17,17,17,17,17,17
121098,1,1,1991,9,0,0,0,10,8,0,25,0,27
121099,0,1,1991,25,0,0,0,0,0,0,0,0,0
121099,1,1,1991,0,0,0,0,0,0,0,0,0,0
121100,1,1,1991,0,0,0,0,0,0,0,0,0,0
121100,2,1,1991,0,0,0,0,0,0,0,0,0,0
121101,1,1,1991,13,13,13,13,13,13,13,13,13,13
121101,2,1,1991,0,0,0,0,0,0,0,0,0,0
121102,1,1,1991,0,0,0,0,0,0,0,0,0,0
121102,2,1,1991,0,0,0,0,0,0,13,0,0,0
121103,1,1,1991,0,0,0,0,0,0,6,0,0,0
121103,2,1,1991,0,0,0,0,0,0,0,0,0,0
121104,1,1,1991,12,34,18,0,0,13,8,19,0,24
121104,2,1,1991,4,0,0,0,0,23,0,6,23,0
121105,1,1,1991,35,35,35,35,35,35,35,35,35,35
121105,2,1,1991,0,0,0,0,0,0,0,0,0,0
121106,1,1,1991,16,16,16,16,16,16,16,16,16,16
121107,1,1,1991,0,0,0,0,0,0,0,0,0,0
121107,2,1,1991,0,0,0,0,0,0,0,0,0,0
121108,0,1,1991,0,0,0,0,0,37,0,0,0,0
121108,1,1,1991,0,0,0,0,0,0,0,0,0,0
121109,1,1,1991,19,19,19,19,19,19,19,19,19,19
121109,2,1,1991,5,5,5,5,5,5,5,5,5,5
121110,1,1,1991,15,15,15,15,15,15,15,15,15,15
121111,1,1,1991,0,0,0,0,0,0,0,0,0,0
121111,2,1,1991,0,0,0,0,0,0,0,0,0,0
121112,1,1,1991,24,24,24,24,24,24,24,24,24,24
121113,1,1,1991,13,13,13,13,13,13,13,13,13,13
121113,2,1,1991,29,29,29,29,29,29,29,29,29,29
121114,0,1,1991,15,15,15,15,15,15,15,15,15,15
121114,1,1,1991,0,0,0,0,0,0,0,0,0,0
121115,0,1,1991,0,0,0,0,0,0,0,0,0,0
121115,1,1,1991,0,0,0,0,4,0,0,0,0,10
121116,1,1,1991,0,0,0,0,0,0,0,0,0,0
121117,1,1,1991,10,10,10,10,10,10,10,10,10,10
121118,1,1,1991,0,0,12,0,0,0,0,0,0,0
121118,2,1,1991,0,0,0,0,0,0,0,0,0,0
121119,0,1,1991,0,0,0,0,0,0,0,0,0,0
121119,0,2,1991,0,0,0,0,0,0,0,0,0,0
121119,0,3,1991,18,19,0,12,0,18,0,17,0,17
121119,1,1,1991,0,0,0,0,0,0,0,0,0,0
121120,1,1,1991,0,0,0,0,0,0,0,0,0,0
121121,0,1,1991,19,0,0,0,0,0,0,0,0,0
121121,1,1,1991,0,0,0,0,0,0,0,16,0,0
121122,0,1,1991,0,0,0,0,0,4,0,0,0,0
121122,1,1,1991,0,0,0,0,0,0,0,0,0,0
121123,1,1,1991,0,0,0,0,0,0,0,0,0,0
121124,0,1,1991,33,33,33,33,33,33,33,33,33,33
121124,1,1,1991,0,0,0,16,17,0,0,0,0,22
121125,1,1,1991,0,0,0,0,0,0,0,0,0,0
121125,2,1,1991,0,0,0,0,0,0,0,0,0,0
121126,1,1,1991,0,0,0,0,0,0,0,0,0,0
121126,2,1,1991,0,0,0,0,0,0,0,0,0,0
121127,1,1,1991,10,10,10,10,10,10,10,10,10,10
121128,1,1,1991,17,17,10,19,18,10,21,21,20,16
121128,2,1,1991,0,0,0,27,0,0,15,28,20,13
121129,1,1,1991,13,0,0,0,26,0,29,0,0,12
121129,2,1,1991,0,0,0,0,0,30,24,0,0,0
121130,1,1,1991,0,0,0,0,0,0,0,0,0,0
121130,2,1,1991,0,0,0,0,0,0,0,0,0,0
121131,1,1,1991,1,1,1,1,1,1,1,1,1,1
121132,1,1,1991,17,17,17,17,17,17,17,17,17,17
121133,1,1,1991,0,0,0,0,0,0,0,0,0,0
121133,2,1,1991,17,17,17,17,17,17,17,17,17,17
121134,1,1,1991,19,19,19,19,19,19,19,19,19,19
121135,0,1,1991,0,0,0,0,0,0,0,0,0,0
121135,1,1,1991,0,0,0,0,0,0,0,0,0,0
121136,0,1,1991,34,0,0,31,20,0,41,20,28,17
121136,1,1,1991,0,3,0,0,0,0,0,0,0,0
121136,2,1,1991,0,0,0,0,0,0,0,0,0,0
121137,1,1,1991,0,0,0,0,0,0,0,0,0,0
121138,1,1,1991,10,10,10,10,10,10,10,10,10,10
121138,2,1,1991,0,0,0,0,0,0,0,0,0,0
121139,1,1,1991,0,0,0,0,0,0,0,0,0,0
121139,2,1,1991,0,0,0,0,0,0,0,0,0,0
121140,1,1,1991,10,10,10,10,10,10,10,10,10,10
121140,2,1,1991,0,0,0,0,0,0,0,0,0,0
121141,1,1,1991,0,0,0,0,0,0,0,0,0,0
121141,2,1,1991,0,0,0,0,0,0,0,0,0,0
121142,1,1,1991,14,21,9,25,25,21,23,13,23,30
121143,1,1,1991,0,0,0,0,0,0,0,0,0,0
121143,2,1,1991,0,0,0,0,0,0,0,0,0,0
121144,0,1,1991,16,16,16,16,16,16,16,16,16,16
121144,1,1,1991,13,0,0,0,16,0,0,12,0,0
121145,1,1,1991,0,0,0,0,0,0,0,0,0,0
121145,2,1,1991,0,0,0,0,14,0,0,0,0,0
121146,1,1,1991,0,0,22,0,0,0,23,0,0,0
121147,0,1,1991,0,0,14,0,0,20,0,0,0,0
121147,1,1,1991,0,0,0,0,0,0,0,0,0,0
121148,1,1,1991,0,0,18,11,0,11,22,8,0,0
121149,1,1,1991,0,0,0,0,0,0,0,0,0,0
121149,2,1,1991,0,0,0,0,0,0,0,0,0,0
121150,1,1,1991,0,0,0,0,0,0,0,0,0,0
121150,2,1,1991,0,0,0,0,0,0,5,0,0,0
121151,0,1,1991,28,28,28,28,28,28,28,28,28,28
121151,1,1,1991,0,16,6,12,14,21,12,18,6,5
121152,1,1,1991,20,20,20,20,20,20,20,20,20,20
121152,2,1,1991,0,0,0,0,0,0,0,0,0,0
121153,1,1,1991,12,12,12,12,12,12,12,12,12,12
121154,1,1,1991,0,0,0,0,14,0,0,0,0,0
121154,2,1,1991,0,0,0,0,0,0,0,0,0,0
121155,0,1,1991,0,0,0,0,0,0,0,0,0,0
121155,1,1,1991,0,0,0,0,0,0,0,0,0,0
121156,0,1,1991,0,0,0,0,0,0,0,0,0,0
121156,1,1,1991,0,0,0,0,15,0,0,0,0,0
121157,1,1,1991,10,10,10,10,10,10,10,10,10,10
121157,2,1,1991,0,0,0,0,0,0,0,0,0,0
121158,0,1,1991,25,25,25,25,25,25,25,25,25,25
121158,1,1,1991,0,0,0,0,0,0,0,0,0,5
121159,1,1,1991,10,10,10,10,10,10,10,10,10,10
121159,2,1,1991,0,0,0,0,0,0,0,0,0,0
121160,1,1,1991,3,3,3,3,3,3,3,3,3,3
121161,1,1,1991,0,0,0,0,0,0,0,0,0,0
121161,2,1,1991,0,0,0,0,0,0,22,0,0,0
121162,1,1,1991,0,0,0,0,0,0,0,0,0,0
121162,2,1,1991,0,0,0,0,0,0,0,0,0,0
121163,0,1,1991,0,0,0,0,0,0,0,0,0,0
121163,1,1,1991,0,0,0,0,0,0,0,0,0,0
121164,0,1,1991,0,24,3,10,26,17,3,37,13,30
121164,1,1,1991,15,13,13,22,0,0,0,16,20,0
121165,1,1,1991,13,13,13,13,13,13,13,13,13,13
121165,2,1,1991,0,0,0,0,0,0,0,0,0,0
121166,1,1,1991,1,1,1,1,1,1,1,1,1,1
121167,1,1,1991,0,0,0,0,0,0,0,0,0,0
121168,0,1,1991,0,0,34,23,19,0,0,0,0,0
121168,1,1,1991,18,26,35,0,27,18,23,0,0,15
121169,0,1,1991,0,0,11,0,0,0,0,0,0,0
121169,1,1,1991,15,15,15,15,15,15,15,15,15,15
121170,0,1,1991,0,0,0,0,0,0,0,0,0,0
121170,1,1,1991,13,0,0,0,0,0,0,0,0,0
121171,1,1,1991,0,0,0,0,0,0,0,0,0,0
121171,2,1,1991,0,0,0,0,0,0,0,0,0,0
121172,1,1,1991,19,0,0,18,11,0,0,0,0,15
121172,2,1,1991,0,0,0,0,0,0,0,0,0,0
121173,0,1,1991,0,0,0,0,0,0,0,0,0,0
121173,2,1,1991,0,0,0,0,0,0,0,0,0,0
121174,1,1,1991,26,26,26,26,26,26,26,26,26,26
121175,1,1,1991,15,15,15,15,15,15,15,15,15,15
121175,2,1,1991,15,15,15,15,15,15,15,15,15,15
121176,1,1,1991,13,13,13,13,13,13,13,13,13,13
121176,2,1,1991,18,18,18,18,18,18,18,18,18,18
121177,1,1,1991,0,0,0,0,0,0,0,0,0,0
121177,2,1,1991,0,0,0,0,0,0,0,0,0,21
121178,0,1,1991,0,0,0,0,0,0,0,0,0,0
121178,1,1,1991,0,0,0,0,0,0,0,0,0,0
121179,1,1,1991,21,0,0,0,0,12,0,0,0,0
121179,2,1,1991,0,19,15,0,0,0,0,0,0,0
121180,1,1,1991,0,0,0,0,12,0,2,0,39,0
121181,1,1,1991,9,9,9,9,9,9,9,9,9,9
121181,2,1,1991,0,0,0,0,0,0,0,0,0,0
121182,1,1,1991,15,15,15,15,15,15,15,15,15,15
121183,0,1,1991,0,0,0,0,0,0,0,0,0,0
121183,1,1,1991,0,0,0,0,0,0,0,0,0,0
121184,1,1,1991,21,21,21,21,21,21,21,21,21,21
121184,2,1,1991,16,16,16,16,16,16,16,16,16,16
121185,0,1,1991,26,26,26,26,26,26,26,26,26,26
121185,1,1,1991,7,7,7,7,7,7,7,7,7,7
121186,1,1,1991,7,7,7,7,7,7,7,7,7,7
121186,2,1,1991,0,24,0,22,0,0,0,0,17,2
121187,1,1,1991,0,0,0,0,0,0,0,0,0,0
121187,2,1,1991,0,0,0,0,0,0,0,0,0,0
121187,3,1,1991,0,0,0,0,0,14,0,0,4,0
121188,0,1,1991,26,26,26,26,26,26,26,26,26,26
121188,1,1,1991,10,10,10,10,10,10,10,10,10,10
121189,1,1,1991,22,26,24,40,11,18,33,36,19,15
121190,1,1,1991,13,13,13,13,13,13,13,13,13,13
121191,1,1,1991,0,0,0,0,0,0,0,0,0,0
121192,1,1,1991,0,0,0,0,0,0,0,0,0,0
121192,2,1,1991,0,0,0,0,0,0,0,0,0,0
121192,3,1,1991,0,0,0,0,0,0,0,0,0,0
121193,0,1,1991,0,0,0,0,0,0,0,0,0,0
121193,1,1,1991,0,0,0,0,0,0,0,0,6,0
121193,2,1,1991,0,0,0,0,0,0,0,14,21,0
121194,1,1,1991,0,0,0,0,0,0,0,0,0,0
121194,2,1,1991,0,0,0,0,0,0,0,0,0,0
121195,0,1,1991,0,0,0,0,0,0,0,0,0,33
121195,1,1,1991,0,0,0,0,0,0,0,0,0,0
121196,1,1,1991,0,0,0,0,0,0,0,0,0,0
121197,1,1,1991,0,0,0,0,0,0,0,0,11,0
121197,2,1,1991,0,0,9,0,0,0,0,0,0,0
121198,1,1,1991,0,0,0,0,0,0,0,0,0,0
121198,2,1,1991,0,13,0,0,0,0,20,0,0,14
121199,0,1,1991,0,0,0,0,0,0,0,0,0,0
121199,1,1,1991,0,8,17,25,4,20,12,0,0,0
121200,1,1,1991,8,8,8,8,8,8,8,8,8,8
121201,0,1,1991,3,3,3,3,3,3,3,3,3,3
121201,1,1,1991,25,0,0,0,0,10,7,0,0,0
121202,1,1,1991,0,0,0,0,0,0,0,0,8,0
121202,2,1,1991,0,0,0,0,19,0,0,0,0,0
121203,0,1,1991,48,48,48,48,48,48,48,48,48,48
121203,1,1,1991,17,8,0,30,0,31,7,4,0,9
121204,1,1,1991,0,0,12,0,0,0,0,0,0,0
121204,2,1,1991,0,0,0,0,0,0,0,0,0,0
121205,1,1,1991,8,8,8,8,8,8,8,8,8,8
121206,1,1,1991,0,0,0,0,0,0,0,0,0,0
121206,2,1,1991,0,5,0,0,0,0,0,0,0,3
121206,3,1,1991,0,0,0,0,0,0,0,0,0,0
121207,1,1,1991,21,21,21,21,21,21,21,21,21,21
121208,1,1,1991,0,0,0,0,0,0,0,0,0,0
121208,2,1,1991,0,0,0,0,0,0,0,0,0,0
121209,1,1,1991,17,17,17,17,17,17,17,17,17,17
121210,1,1,1991,0,0,0,0,0,0,0,0,0,25
121211,1,1,1991,0,0,0,0,0,0,0,0,0,0
121211,2,1,1991,0,0,0,0,0,2,0,0,0,0
121212,1,1,1991,0,0,0,0,0,0,0,0,0,0
121212,2,1,1991,0,0,0,0,0,0,0,0,18,0
121213,1,1,1991,0,0,0,0,0,0,0,0,0,0
121213,2,1,1991,0,26,0,0,0,0,0,0,0,19
121213,3,1,1991,0,0,0,0,0,0,0,0,0,0
121214,0,1,1991,2,2,2,2,2,2,2,2,2,2
121214,1,1,1991,9,39,0,0,0,0,9,0,0,0
121216,1,1,1991,0,0,0,0,0,0,0,0,6,5
121216,2,1,1991,0,0,0,0,0,0,0,0,0,15
121216,3,1,1991,0,0,0,0,0,0,0,0,0,0
121216,4,1,1991,0,0,0,0,0,0,0,0,0,0
121217,1,1,1991,0,0,0,0,0,0,0,0,0,0
121217,2,1,1991,0,0,0,0,0,0,0,0,0,0
121218,0,1,1991,0,0,0,0,11,0,0,0,0,0
121218,1,1,1991,0,13,0,0,0,0,7,0,0,0
121219,1,1,1991,20,20,20,20,20,20,20,20,20,20
121220,1,1,1991,4,7,16,0,0,13,0,0,30,0
121222,1,1,1991,20,20,20,20,20,20,20,20,20,20
121222,2,1,1991,16,0,0,0,0,7,0,10,0,36
121223,0,1,1991,0,0,0,0,0,0,0,0,0,0
121223,1,1,1991,0,0,0,0,0,0,0,0,0,0
121224,1,1,1991,0,0,0,0,0,0,0,0,0,0
121224,2,1,1991,0,0,0,0,3,0,0,0,0,0
121225,1,1,1991,0,0,0,0,0,0,0,0,0,0
121225,2,1,1991,0,0,0,0,0,0,0,0,0,0
121226,1,1,1991,0,0,0,0,0,0,0,0,0,0
121226,2,1,1991,0,0,0,0,0,0,3,0,0,0
121227,1,1,1991,16,16,16,16,16,16,16,16,16,16
121228,1,1,1991,0,18,0,0,16,9,11,9,17,27
121228,2,1,1991,0,0,0,0,0,0,0,0,0,0
121229,1,1,1991,14,36,17,0,12,17,9,22,22,9
121231,0,1,1991,0,15,0,28,0,0,13,23,22,0
121231,1,1,1991,0,6,0,11,21,0,0,0,0,0
121232,1,1,1991,19,19,19,19,19,19,19,19,19,19
121233,1,1,1991,0,0,0,0,17,0,0,0,0,0
121233,2,1,1991,0,0,0,0,0,0,0,0,0,24
121234,1,1,1991,16,16,16,16,16,16,16,16,16,16
121235,1,1,1991,16,16,16,16,16,16,16,16,16,16
121236,1,1,1991,0,0,0,32,0,0,0,0,19,0
121237,0,1,1991,15,15,15,15,15,15,15,15,15,15
121237,1,1,1991,1,0,0,0,0,11,0,0,10,0
121239,0,1,1991,0,0,0,0,0,0,0,0,0,0
121239,1,1,1991,0,0,0,0,0,0,0,0,0,0
121240,0,1,1991,26,26,26,26,26,26,26,26,26,26
121240,1,1,1991,12,17,0,19,38,22,18,17,24,22
121241,1,1,1991,0,0,0,0,0,6,0,0,0,0
121241,2,1,1991,0,0,0,0,0,0,0,0,10,0
121241,3,1,1991,0,0,0,0,0,0,0,0,0,0
121241,4,1,1991,0,0,0,0,0,0,0,0,0,0
121242,1,1,1991,0,0,0,0,0,0,0,0,0,0
121242,2,1,1991,25,25,25,25,25,25,25,25,25,25
121243,1,1,1991,17,5,0,5,16,14,0,0,0,4
121245,1,1,1991,0,0,0,0,0,0,0,0,0,0
121245,2,1,1991,0,0,0,0,0,0,0,0,0,0
121246,0,1,1991,4,4,4,4,4,4,4,4,4,4
121246,1,1,1991,0,0,0,0,0,0,0,0,0,0
121247,1,1,1991,13,13,13,13,13,13,13,13,13,13
121248,1,1,1991,17,17,17,17,17,17,17,17,17,17
121249,1,1,1991,0,0,0,0,0,0,0,0,0,0
121249,2,1,1991,14,14,14,14,14,14,14,14,14,14
121250,1,1,1991,0,0,0,0,0,0,0,0,0,0
121250,2,1,1991,16,0,0,9,0,0,0,0,0,0
121251,1,1,1991,23,23,23,23,23,23,23,23,23,23
121252,0,1,1991,25,25,25,25,25,25,25,25,25,25
121252,1,1,1991,13,0,4,16,18,11,11,0,26,8
121253,0,1,1991,0,0,0,0,0,0,0,0,0,0
121253,1,1,1991,0,0,0,0,0,0,0,0,0,0
121254,0,1,1991,14,46,0,14,0,0,38,22,13,9
121254,1,1,1991,20,20,20,20,20,20,20,20,20,20
121255,1,1,1991,0,9,22,20,0,16,7,0,28,0
121255,2,1,1991,5,0,12,2,0,0,0,9,0,0
121256,1,1,1991,0,0,0,0,0,0,0,0,0,0
121257,0,1,1991,0,0,0,0,15,0,0,0,0,0
121257,1,1,1991,0,0,0,10,0,0,16,0,0,0
121258,1,1,1991,0,0,0,0,0,0,0,0,0,0
121258,2,1,1991,0,0,0,0,0,0,0,0,0,0
121258,3,1,1991,0,0,0,0,0,0,0,0,0,0
121259,1,1,1991,0,0,0,0,0,0,0,0,0,0
121259,2,1,1991,0,0,0,0,0,0,0,0,0,0
121260,1,1,1991,18,0,17,33,26,14,18,7,22,22
121260,2,1,1991,0,0,0,0,0,0,0,0,0,0
121261,1,1,1991,10,10,10,10,10,10,10,10,10,10
121261,2,1,1991,0,5,0,0,0,0,4,0,0,0
121262,0,1,1991,0,0,0,0,0,14,9,28,0,0
121262,1,1,1991,0,0,0,0,0,0,0,0,0,0
121263,1,1,1991,0,0,0,0,0,0,0,0,0,0
121263,2,1,1991,0,0,0,0,0,0,0,0,0,0
121264,0,1,1991,0,0,0,0,0,0,0,0,0,0
121264,1,1,1991,0,0,0,0,0,0,0,0,0,0
121265,1,1,1991,14,14,14,14,14,14,14,14,14,14
121265,2,1,1991,0,0,0,17,0,8,15,0,2,0
121265,3,1,1991,0,0,0,0,0,0,0,0,0,0
121266,1,1,1991,19,17,15,0,27,25,14,0,23,19
121266,2,1,1991,0,0,29,6,0,5,17,22,12,0
121267,0,1,1991,16,12,29,21,9,28,29,17,21,5
121267,1,1,1991,4,0,0,17,0,13,34,0,27,45
121268,1,1,1991,16,14,0,17,14,15,22,38,20,12
121269,0,1,1991,0,0,0,0,0,0,0,0,0,0
121269,1,1,1991,0,0,0,0,0,0,0,0,0,0
121270,0,1,1991,20,20,20,20,20,20,20,20,20,20
121270,1,1,1991,14,14,14,14,14,14,14,14,14,14
121271,0,1,1991,4,4,4,4,4,4,4,4,4,4
121271,1,1,1991,0,0,0,0,0,0,0,0,14,0
121272,1,1,1991,0,0,0,0,0,0,0,0,0,0
121273,1,1,1991,0,0,0,0,0,0,0,0,0,0
121273,2,1,1991,0,0,0,0,0,0,0,0,0,0
121273,3,1,1991,2,2,2,2,2,2,2,2,2,2
121274,1,1,1991,0,0,0,0,0,0,0,0,0,0
121275,0,1,1991,0,0,0,0,0,0,0,0,0,0
121275,1,1,1991,0,0,0,0,0,0,0,0,0,0
121276,0,1,1991,18,18,18,18,18,18,18,18,18,18
121276,1,1,1991,15,18,22,26,16,16,19,18,11,11
121276,2,1,1991,12,0,0,0,16,17,14,0,26,0
121277,1,1,1991,23,23,23,23,23,23,23,23,23,23
121277,2,1,1991,16,0,14,8,0,0,0,0,0,0
121278,0,1,1991,0,0,0,0,0,0,0,0,0,0
121278,1,1,1991,0,0,0,0,0,0,0,0,0,0
121279,1,1,1991,0,0,0,0,0,0,0,0,0,0
121279,2,1,1991,0,0,0,0,0,0,0,0,0,0
121280,0,1,1991,23,23,23,23,23,23,23,23,23,23
121280,1,1,1991,0,12,18,22,14,14,0,10,0,14
121281,1,1,1991,7,7,7,7,7,7,7,7,7,7
121281,2,1,1991,0,0,0,0,0,0,0,0,0,0
121282,0,1,1991,0,0,23,0,27,0,0,0,0,45
121282,0,2,1991,0,0,0,0,0,0,0,0,0,0
121282,1,1,1991,0,0,0,0,0,0,0,0,0,0
121282,2,1,1991,0,0,0,0,0,0,0,0,0,0
121283,0,1,1991,20,20,20,20,20,20,20,20,20,20