ST_CASE,VEH_NO,PER_NO,YEAR,P1,P2,P3,P4,P5,P6,P7,P8,P9,P10
130039,1,1,1991,31,0,0,0,0,0,0,0,0,0
130039,2,1,1991,0,0,0,0,0,0,0,0,0,0
130040,1,1,1991,0,0,0,0,0,0,0,0,0,0
130040,2,1,1991,0,0,0,0,0,0,0,0,0,0
130041,1,1,1991,0,0,0,0,0,0,0,0,0,0
130041,2,1,1991,0,0,0,0,0,0,0,0,0,0
130042,1,1,1991,2,2,2,2,2,2,2,2,2,2
130043,1,1,1991,16,16,16,16,16,16,16,16,16,16
130043,2,1,1991,0,0,0,0,0,0,0,0,12,0
130044,1,1,1991,0,0,0,0,0,0,0,0,0,0
130045,1,1,1991,0,0,0,0,0,0,0,0,0,0
130045,2,1,1991,0,0,0,0,0,0,0,0,0,0
130046,1,1,1991,0,0,0,0,0,0,0,0,0,0
130047,1,1,1991,41,41,41,41,41,41,41,41,41,41
130048,1,1,1991,22,22,22,22,22,22,22,22,22,22
130049,1,1,1991,0,0,0,0,0,0,0,0,0,0
130050,0,1,1991,0,0,0,0,0,0,0,0,0,0
130050,0,2,1991,11,0,0,0,0,17,50,0,0,24
130050,1,1,1991,0,0,0,0,0,0,0,0,0,0
130050,3,1,1991,0,0,0,0,0,0,0,0,0,0
130051,0,1,1991,0,0,0,18,0,30,0,0,0,0
130051,1,1,1991,0,0,0,0,0,0,0,0,0,0
130052,1,1,1991,0,0,0,0,0,0,0,0,0,0
130052,2,1,1991,0,0,0,0,0,0,0,0,0,0
130052,3,1,1991,0,0,0,0,0,0,0,0,0,0
130052,4,1,1991,0,0,0,0,0,0,0,0,0,0
130053,0,1,1991,21,21,21,21,21,21,21,21,21,21
130053,1,1,1991,0,0,0,0,0,0,0,0,0,0
130054,1,1,1991,0,0,0,0,0,0,0,0,0,0
130055,1,1,1991,0,0,0,0,0,0,0,0,0,0
130055,2,1,1991,0,0,0,0,0,0,0,0,0,0
130056,1,1,1991,28,28,28,28,28,28,28,28,28,28
130056,2,1,1991,0,0,0,0,0,0,0,0,0,0
130057,0,1,1991,0,0,0,0,0,0,0,0,0,0
130057,1,1,1991,0,0,0,0,0,0,0,0,0,0
130058,1,1,1991,17,0,14,4,0,0,16,24,14,15
130058,2,1,1991,0,0,0,0,0,0,0,0,0,0
130059,1,1,1991,27,27,27,27,27,27,27,27,27,27
130060,1,1,1991,16,16,16,16,16,16,16,16,16,16
130061,1,1,1991,0,0,0,0,0,0,0,0,0,16
130061,2,1,1991,0,0,0,0,0,0,0,0,0,0
130062,1,1,1991,11,0,16,12,20,6,17,16,19,6
130062,2,1,1991,0,0,0,0,0,0,0,0,0,0
130063,1,1,1991,0,0,0,0,0,0,0,0,0,0
130064,1,1,1991,0,0,0,0,0,0,0,0,0,0
130064,2,1,1991,0,0,0,0,0,0,0,0,0,0
130065,1,1,1991,0,0,0,0,0,0,0,0,0,0
130066,1,1,1991,0,0,0,0,0,0,0,0,0,0
130066,2,1,1991,0,0,0,0,0,0,0,0,0,0
130066,3,1,1991,0,0,0,0,0,0,0,0,0,0
130067,1,1,1991,0,0,0,0,0,0,0,0,0,0
130067,2,1,1991,0,0,0,0,0,0,0,0,0,0
130068,1,1,1991,13,13,13,13,13,13,13,13,13,13
130068,2,1,1991,0,0,0,0,0,0,0,0,0,0
130069,1,1,1991,0,0,0,0,0,0,0,0,0,0
130069,2,1,1991,0,0,0,0,0,0,0,0,0,0
130070,0,1,1991,17,17,17,17,17,17,17,17,17,17
130070,1,1,1991,0,0,0,0,0,0,0,0,0,0
130071,1,1,1991,0,0,0,0,0,0,0,0,0,0
130071,2,1,1991,0,0,0,0,0,0,0,0,0,0
130071,3,1,1991,0,0,0,18,0,0,0,0,0,0
130071,4,1,1991,0,0,0,0,0,0,0,0,0,0
130071,5,1,1991,0,0,0,0,0,0,0,0,0,0
130071,6,1,1991,0,0,0,0,0,0,0,0,0,0
130072,1,1,1991,0,0,0,0,0,0,0,0,0,0
130072,2,1,1991,0,0,0,0,0,0,0,0,0,0
130073,1,1,1991,0,0,0,0,0,0,0,0,0,0
130073,2,1,1991,0,0,0,0,0,0,0,0,0,0
130074,1,1,1991,0,0,0,0,0,0,0,0,0,0
130075,1,1,1991,0,0,0,0,0,0,0,0,0,0
130076,1,1,1991,0,0,0,0,0,0,0,0,0,0
130077,1,1,1991,0,0,0,0,0,0,0,0,0,0
130077,2,1,1991,2,2,2,2,2,2,2,2,2,2
130078,1,1,1991,5,0,18,0,0,25,31,18,0,0
130079,1,1,1991,0,0,0,0,0,0,0,0,0,0
130079,2,1,1991,0,0,0,0,0,0,0,0,0,0
130079,3,1,1991,0,0,0,0,0,0,0,0,0,0
130079,4,1,1991,0,0,0,0,0,0,0,0,0,0
130079,5,1,1991,0,0,0,0,0,0,0,0,0,0
130080,1,1,1991,0,0,0,0,0,0,0,0,0,0
130081,1,1,1991,20,20,20,20,20,20,20,20,20,20
130082,0,1,1991,0,0,0,0,0,0,0,0,0,0
130082,1,1,1991,0,54,11,0,9,0,14,9,6,0
130083,0,1,1991,0,0,0,0,0,0,0,0,0,0
130083,1,1,1991,0,0,0,0,0,0,0,0,0,0
130084,1,1,1991,0,0,0,0,0,0,0,0,0,0
130085,0,1,1991,0,0,0,0,0,0,0,0,0,0
130085,1,1,1991,0,0,0,0,0,0,0,0,0,0
130086,1,1,1991,0,0,0,0,0,0,0,0,0,0
130086,2,1,1991,0,0,0,0,0,19,0,0,0,0
130087,1,1,1991,0,0,0,0,0,0,0,0,0,0
130088,1,1,1991,0,0,30,0,15,16,0,0,0,0
130088,2,1,1991,21,21,21,21,21,21,21,21,21,21
130089,0,1,1991,0,0,0,0,0,3,0,0,0,15
130090,0,1,1991,0,0,0,0,0,0,0,0,0,0
130090,1,1,1991,0,12,0,0,0,0,0,0,21,0
130091,1,1,1991,28,28,28,28,28,28,28,28,28,28
130092,1,1,1991,12,11,10,12,12,8,27,15,21,26
130093,1,1,1991,0,0,0,0,0,0,0,0,0,0
130093,2,1,1991,0,0,0,0,0,0,0,0,0,0
130094,1,1,1991,0,0,0,0,0,0,0,0,0,0
130096,0,1,1991,0,0,0,0,0,0,0,0,0,0
130096,1,1,1991,0,0,0,0,0,0,10,0,0,0
130097,1,1,1991,0,0,0,0,0,0,0,0,0,0
130097,2,1,1991,0,0,0,0,0,0,0,0,0,0
130098,0,1,1991,0,0,0,0,0,0,0,0,0,0
130098,1,1,1991,0,0,0,0,0,0,0,0,0,0
130099,1,1,1991,17,17,17,17,17,17,17,17,17,17
130100,0,1,1991,24,24,24,24,24,24,24,24,24,24
130100,1,1,1991,11,11,11,11,11,11,11,11,11,11
130101,1,1,1991,0,0,0,0,0,0,0,0,0,0
130101,2,1,1991,0,0,0,0,0,0,0,0,0,13
130101,3,1,1991,0,0,0,0,15,0,0,0,0,0
130102,1,1,1991,0,0,0,0,0,0,0,0,0,0
130102,2,1,1991,3,3,3,3,3,3,3,3,3,3
130104,1,1,1991,8,8,8,8,8,8,8,8,8,8
130105,1,1,1991,0,0,0,0,0,0,0,0,0,0
130105,2,1,1991,11,0,0,0,34,0,0,26,0,12
130106,1,1,1991,8,8,8,8,8,8,8,8,8,8
130106,2,1,1991,0,0,0,0,0,0,0,0,0,0
130107,1,1,1991,0,0,0,0,0,0,0,0,0,0
130107,2,1,1991,0,0,0,0,0,0,0,0,0,0
130108,0,1,1991,0,0,0,0,0,0,0,0,0,0
130108,0,2,1991,0,0,0,0,0,0,0,0,0,0
130108,1,1,1991,0,0,0,0,0,24,0,0,0,0
130109,1,1,1991,22,22,22,22,22,22,22,22,22,22
130110,1,1,1991,9,9,9,9,9,9,9,9,9,9
130111,1,1,1991,0,0,0,0,0,0,0,0,0,0
130112,1,1,1991,16,16,16,16,16,16,16,16,16,16
130112,2,1,1991,0,0,0,0,0,0,0,0,0,0
130113,1,1,1991,0,0,0,0,0,0,0,0,0,0
130113,2,1,1991,0,0,0,0,0,0,0,0,0,0
130114,1,1,1991,0,0,0,0,0,0,0,0,0,0
130114,2,1,1991,0,0,0,0,0,0,0,0,0,0
130115,1,1,1991,6,6,6,6,6,6,6,6,6,6
130116,1,1,1991,0,0,0,0,0,0,0,0,0,0
130117,0,1,1991,0,0,0,0,0,0,0,0,0,18
130117,1,1,1991,0,0,0,0,0,0,0,0,0,0
130118,1,1,1991,5,5,5,5,5,5,5,5,5,5
130118,2,1,1991,16,16,16,16,16,16,16,16,16,16
130119,1,1,1991,25,25,25,25,25,25,25,25,25,25
130119,2,1,1991,0,0,0,0,0,0,0,0,0,0
130119,3,1,1991,0,0,0,0,0,0,0,0,0,0
130120,1,1,1991,0,0,0,0,0,0,9,0,0,0
130120,2,1,1991,3,3,3,3,3,3,3,3,3,3
130121,1,1,1991,19,19,19,19,19,19,19,19,19,19
130122,1,1,1991,0,0,0,0,0,0,0,0,0,0
130122,2,1,1991,0,0,0,0,0,0,0,0,0,0
130123,0,1,1991,0,0,0,0,0,0,0,0,0,0
130123,1,1,1991,0,0,0,0,0,0,0,0,0,0
130124,0,1,1991,0,0,0,0,0,0,0,0,0,0
130124,1,1,1991,0,0,0,0,0,0,0,0,0,0
130125,1,1,1991,15,15,15,15,15,15,15,15,15,15
130126,1,1,1991,0,0,0,0,0,0,0,0,0,0
130126,2,1,1991,0,0,0,20,0,0,0,0,0,0
130127,1,1,1991,26,26,26,26,26,26,26,26,26,26
130128,1,1,1991,0,0,0,0,17,0,0,0,0,0
130128,2,1,1991,0,0,0,0,0,0,0,0,0,0
130129,1,1,1991,0,0,0,0,0,0,0,0,0,0
130129,2,1,1991,0,0,0,0,0,0,0,0,0,0
130130,1,1,1991,0,0,0,0,0,0,0,0,0,0
130131,1,1,1991,22,22,22,22,22,22,22,22,22,22
130132,1,1,1991,19,19,19,19,19,19,19,19,19,19
130132,2,1,1991,7,0,0,0,0,0,0,0,20,0
130133,1,1,1991,0,0,0,0,0,0,0,0,0,0
130133,2,1,1991,0,0,0,0,0,0,0,0,0,0
130134,1,1,1991,12,0,0,0,0,13,10,0,14,0
130134,2,1,1991,0,0,0,0,0,0,0,0,0,0
130135,1,1,1991,17,17,17,17,17,17,17,17,17,17
130136,1,1,1991,0,0,0,0,0,0,0,0,0,0
130138,1,1,1991,0,0,0,0,0,0,0,0,0,0
130139,1,1,1991,0,0,0,0,0,0,0,0,0,0
130139,2,1,1991,16,16,16,16,16,16,16,16,16,16
130140,1,1,1991,17,17,17,17,17,17,17,17,17,17
130141,1,1,1991,0,0,0,0,0,0,0,0,0,0
130141,2,1,1991,0,0,0,0,0,0,0,0,0,0
130141,3,1,1991,0,9,16,0,0,0,0,0,0,0
130142,1,1,1991,26,26,26,26,26,26,26,26,26,26
130142,2,1,1991,0,0,0,0,0,0,0,0,0,0
130143,1,1,1991,7,7,7,7,7,7,7,7,7,7
130144,0,1,1991,0,0,0,0,22,15,0,0,0,0
130144,1,1,1991,0,0,0,0,0,0,0,0,0,0
130145,1,1,1991,0,0,0,0,0,0,0,0,0,0
130145,2,1,1991,0,0,0,0,0,0,0,0,0,0
130146,1,1,1991,14,14,14,14,14,14,14,14,14,14
130147,1,1,1991,3,3,3,3,3,3,3,3,3,3
130147,2,1,1991,0,0,0,0,0,0,0,0,0,0
130148,1,1,1991,35,0,6,0,25,17,15,23,18,12
130148,2,1,1991,0,0,0,0,0,0,0,0,0,0
130149,1,1,1991,0,0,0,0,0,0,0,0,0,0
130149,2,1,1991,0,0,0,0,0,0,0,0,0,0
130150,1,1,1991,0,0,0,0,0,0,0,0,0,0
130150,2,1,1991,0,0,0,0,0,0,0,0,0,0
130151,1,1,1991,7,7,7,7,7,7,7,7,7,7
130152,1,1,1991,0,0,0,0,0,0,0,0,0,0
130152,2,1,1991,0,23,0,0,0,0,0,0,0,0
130153,1,1,1991,0,0,0,0,0,0,0,13,0,0
130154,1,1,1991,11,11,11,11,11,11,11,11,11,11
130154,2,1,1991,0,0,0,0,0,0,0,0,0,0
130155,1,1,1991,0,0,0,0,0,0,0,0,0,0
130156,1,1,1991,0,0,14,0,0,0,0,0,0,0
130157,1,1,1991,4,4,4,4,4,4,4,4,4,4
130158,1,1,1991,28,28,28,28,28,28,28,28,28,28
130158,2,1,1991,0,0,24,0,0,0,0,9,0,17
130159,1,1,1991,0,0,0,0,0,0,0,0,0,0
130159,2,1,1991,0,0,0,0,0,0,0,0,0,0
130159,3,1,1991,0,0,0,0,0,0,0,0,0,0
130159,4,1,1991,0,0,0,0,0,0,0,0,0,0
130159,5,1,1991,7,7,7,7,7,7,7,7,7,7
130160,1,1,1991,0,0,0,0,0,0,0,0,0,0
130160,2,1,1991,0,0,0,0,0,0,0,0,0,0
130161,1,1,1991,0,0,0,0,0,0,0,0,0,0
130161,2,1,1991,0,0,0,0,0,0,0,0,0,0
130162,1,1,1991,0,0,0,0,0,0,0,0,0,0
130162,2,1,1991,0,0,0,0,0,0,0,0,0,0
130163,1,1,1991,0,23,20,11,30,0,12,18,24,0
130164,0,1,1991,0,0,0,0,0,0,0,0,0,0
130164,1,1,1991,0,0,0,0,0,0,0,0,0,0
130165,1,1,1991,0,0,0,0,0,0,0,0,0,0
130165,2,1,1991,0,0,0,0,0,0,0,0,0,0
130166,0,1,1991,25,25,25,25,25,25,25,25,25,25
130166,1,1,1991,23,23,23,23,23,23,23,23,23,23
130167,1,1,1991,37,37,37,37,37,37,37,37,37,37
130168,1,1,1991,0,33,0,25,0,19,35,11,19,0
130169,1,1,1991,28,28,28,28,28,28,28,28,28,28
130169,2,1,1991,0,0,0,0,0,0,0,0,0,0
130170,1,1,1991,11,13,0,10,14,0,0,22,6,13
130170,2,1,1991,0,0,0,0,0,0,0,0,0,0
130171,1,1,1991,5,5,5,5,5,5,5,5,5,5
130172,1,1,1991,18,18,18,18,18,18,18,18,18,18
130173,1,1,1991,0,0,0,0,0,0,0,0,0,0
130173,2,1,1991,0,0,0,0,0,0,0,0,0,0
130174,1,1,1991,0,0,0,0,0,0,0,0,0,0
130175,1,1,1991,0,0,0,0,0,0,0,0,0,0
130176,1,1,1991,0,0,0,0,0,0,0,0,0,0
130176,2,1,1991,0,0,0,0,0,0,0,0,0,0
130177,0,1,1991,0,0,0,0,0,0,0,0,0,0
130177,1,1,1991,0,0,0,0,0,0,0,0,0,0
130178,0,1,1991,0,0,0,0,0,0,0,0,0,0
130178,1,1,1991,0,0,0,11,0,0,0,0,0,12
130179,1,1,1991,0,0,0,0,0,0,0,0,0,0
130180,0,1,1991,0,0,0,0,0,0,0,0,0,0
130180,1,1,1991,26,26,26,26,26,26,26,26,26,26
130181,1,1,1991,0,0,0,0,0,0,0,0,0,0
130181,2,1,1991,0,0,0,0,0,0,0,0,0,0
130182,1,1,1991,0,0,0,0,0,0,0,0,0,0
130183,1,1,1991,0,0,0,0,0,0,0,0,0,0
130183,2,1,1991,0,0,0,0,0,0,0,0,0,0
130184,1,1,1991,22,22,22,22,22,22,22,22,22,22
130185,0,1,1991,0,0,0,0,0,0,0,0,0,0
130185,1,1,1991,0,0,0,0,0,0,8,0,0,0
130186,1,1,1991,0,0,0,0,0,0,0,0,0,9
130187,0,1,1991,0,0,0,0,0,0,0,0,0,0
130187,1,1,1991,0,0,0,0,0,0,0,0,0,0
130188,1,1,1991,0,0,0,0,0,0,0,0,0,0
130189,1,1,1991,21,21,21,21,21,21,21,21,21,21
130190,1,1,1991,18,21,24,30,7,9,23,10,24,14
130191,1,1,1991,17,0,0,0,0,0,0,0,0,0
130192,1,1,1991,0,0,0,0,0,0,0,0,0,22
130192,2,1,1991,0,0,0,0,0,14,0,0,0,0
130193,1,1,1991,0,0,0,0,0,0,0,0,0,0
130193,2,1,1991,0,0,0,0,0,0,0,0,0,0
130194,1,1,1991,0,0,0,0,0,0,0,0,0,0
130194,2,1,1991,0,0,0,0,0,0,0,0,0,0
130195,1,1,1991,22,22,22,22,22,22,22,22,22,22
130196,0,1,1991,25,25,25,25,25,25,25,25,25,25
130196,1,1,1991,0,0,0,0,0,0,0,0,0,0
130197,0,1,1991,21,21,21,21,21,21,21,21,21,21
130197,1,1,1991,0,0,0,4,0,0,10,0,0,0
130198,1,1,1991,3,3,3,3,3,3,3,3,3,3
130199,1,1,1991,9,9,9,9,9,9,9,9,9,9
130200,0,1,1991,0,0,0,0,0,0,0,0,0,0
130200,1,1,1991,0,0,0,0,0,0,0,0,0,0
130201,1,1,1991,12,38,0,8,5,14,7,18,17,0
130202,1,1,1991,0,0,0,0,0,0,0,0,0,0
130202,2,1,1991,7,7,7,7,7,7,7,7,7,7
130202,3,1,1991,0,0,0,0,0,0,22,0,0,0
130203,0,1,1991,0,0,0,0,0,0,0,0,0,0
130203,1,1,1991,0,0,0,0,0,0,0,0,0,0
130204,1,1,1991,2,2,2,2,2,2,2,2,2,2
130204,2,1,1991,0,0,0,0,0,0,0,0,0,0
130205,1,1,1991,8,8,8,8,8,8,8,8,8,8
130206,1,1,1991,0,0,0,0,0,0,0,0,0,0
130206,2,1,1991,19,19,19,19,19,19,19,19,19,19
130207,0,1,1991,14,14,14,14,14,14,14,14,14,14
130207,1,1,1991,0,0,17,0,22,21,6,0,0,0
130208,1,1,1991,21,21,21,21,21,21,21,21,21,21
130209,1,1,1991,23,23,23,23,23,23,23,23,23,23
130210,1,1,1991,24,24,24,24,24,24,24,24,24,24
130211,1,1,1991,18,23,19,16,31,0,12,17,21,13
130212,1,1,1991,0,0,0,0,0,0,0,0,0,0
130212,2,1,1991,0,0,0,0,0,0,0,0,0,0
130213,1,1,1991,0,0,0,0,0,0,0,0,0,0
130213,2,1,1991,0,0,0,0,0,0,0,0,0,0
130214,1,1,1991,0,0,0,0,0,0,0,0,0,0
130215,1,1,1991,15,15,15,15,15,15,15,15,15,15
130216,1,1,1991,35,35,35,35,35,35,35,35,35,35
130217,1,1,1991,17,17,17,17,17,17,17,17,17,17
130217,2,1,1991,0,0,0,0,0,0,0,0,0,0
130218,1,1,1991,22,22,22,22,22,22,22,22,22,22
130219,1,1,1991,0,0,0,0,0,0,0,0,0,0
130219,2,1,1991,0,0,0,0,0,0,0,0,0,0
130220,1,1,1991,19,19,19,19,19,19,19,19,19,19
130221,1,1,1991,15,15,15,15,15,15,15,15,15,15
130221,2,1,1991,0,0,0,0,0,0,0,0,0,0
130222,1,1,1991,0,0,0,0,0,0,0,0,0,0
130223,0,1,1991,0,0,0,0,0,0,0,0,0,0
130223,1,1,1991,0,0,0,0,0,0,0,0,0,0
130224,1,1,1991,0,0,0,0,0,0,0,0,0,0
130225,1,1,1991,17,17,17,17,17,17,17,17,17,17
130226,1,1,1991,21,21,21,21,21,21,21,21,21,21
130227,1,1,1991,0,0,0,0,0,0,0,0,0,0
130227,2,1,1991,0,0,0,0,0,0,0,0,0,0
130228,0,1,1991,30,30,30,30,30,30,30,30,30,30
130228,1,1,1991,0,0,0,0,0,0,0,0,0,0
130229,1,1,1991,18,18,18,18,18,18,18,18,18,18
130229,2,1,1991,19,19,19,19,19,19,19,19,19,19
130230,1,1,1991,3,3,3,3,3,3,3,3,3,3
130230,2,1,1991,18,0,0,0,0,0,0,0,0,0
130231,0,1,1991,0,0,0,0,0,0,0,0,0,0
130231,1,1,1991,0,0,0,0,0,0,0,0,0,0
130232,1,1,1991,0,0,0,14,0,0,0,0,0,0
130232,2,1,1991,0,0,0,0,0,0,0,0,0,0
130233,1,1,1991,0,0,0,0,0,0,0,21,18,0
130234,1,1,1991,0,0,0,0,0,0,0,0,0,0
130234,2,1,1991,0,0,0,0,0,0,0,0,0,0
130235,1,1,1991,14,14,14,14,14,14,14,14,14,14
130235,2,1,1991,0,0,0,0,0,0,0,0,0,0
130236,1,1,1991,13,13,13,13,13,13,13,13,13,13
130237,1,1,1991,18,18,18,18,18,18,18,18,18,18
130238,1,1,1991,0,0,0,0,0,19,0,0,0,0
130238,2,1,1991,0,0,0,0,0,0,0,0,0,0
130239,1,1,1991,19,19,19,19,19,19,19,19,19,19
130240,1,1,1991,20,20,0,15,9,0,0,20,27,29
130241,1,1,1991,0,0,21,0,0,0,29,0,0,9
130241,2,1,1991,0,0,0,0,0,0,0,0,0,0
130242,1,1,1991,0,0,0,0,0,0,0,0,0,0
130242,2,1,1991,0,0,0,0,0,0,0,0,0,0
130243,1,1,1991,0,0,0,0,0,0,0,0,0,0
130243,2,1,1991,26,26,26,26,26,26,26,26,26,26
130244,1,1,1991,0,0,0,0,0,0,0,35,0,0
130244,2,1,1991,0,8,0,14,0,0,0,0,0,10
130245,1,1,1991,28,28,28,28,28,28,28,28,28,28
130245,2,1,1991,0,0,2,0,0,0,0,0,0,0
130246,1,1,1991,25,25,25,25,25,25,25,25,25,25
130246,2,1,1991,0,0,0,0,0,0,0,0,0,0
130247,1,1,1991,0,0,0,0,0,0,0,0,0,0
130247,2,1,1991,0,0,0,0,0,0,0,0,0,0
130247,3,1,1991,0,0,0,0,0,0,0,0,0,0
130248,0,1,1991,22,22,22,22,22,22,22,22,22,22
130248,1,1,1991,0,0,0,0,0,0,0,0,0,0
130249,1,1,1991,8,8,8,8,8,8,8,8,8,8
130250,1,1,1991,0,0,0,0,0,0,0,0,0,0
130250,2,1,1991,0,0,0,0,0,0,0,0,0,0
130251,1,1,1991,0,0,0,0,0,0,0,0,0,0
130252,1,1,1991,22,22,22,22,22,22,22,22,22,22
130253,1,1,1991,23,23,23,23,23,23,23,23,23,23
130254,1,1,1991,37,37,37,37,37,37,37,37,37,37
130255,1,1,1991,43,43,43,43,43,43,43,43,43,43
130255,2,1,1991,0,0,0,0,0,0,0,0,0,0
130256,1,1,1991,15,15,15,15,15,15,15,15,15,15
130257,1,1,1991,20,20,20,20,20,20,20,20,20,20
130257,2,1,1991,0,0,0,0,0,0,0,0,0,0
130258,1,1,1991,0,0,0,0,0,0,0,0,0,0
130259,1,1,1991,18,18,18,18,18,18,18,18,18,18
130259,2,1,1991,0,0,0,0,0,0,0,0,0,0
130260,1,1,1991,16,8,8,23,27,18,21,18,16,19
130260,2,1,1991,0,0,0,0,0,0,0,0,0,0
130260,3,1,1991,0,0,0,0,0,0,0,0,0,0
130261,1,1,1991,0,0,0,0,0,0,0,0,0,0
130261,2,1,1991,0,0,0,0,0,0,0,0,0,0
130262,1,1,1991,0,0,0,0,0,0,0,0,0,0
130263,1,1,1991,18,18,18,18,18,18,18,18,18,18
130263,2,1,1991,0,0,0,0,0,0,0,0,0,0
130264,1,1,1991,0,0,0,0,0,0,0,0,0,0
130264,2,1,1991,0,0,0,0,0,0,0,0,0,0
130265,1,1,1991,31,31,31,31,31,31,31,31,31,31
130266,0,1,1991,20,20,20,20,20,20,20,20,20,20
130266,1,1,1991,0,0,0,0,0,0,0,0,0,0
130267,1,1,1991,15,15,15,15,15,15,15,15,15,15
130269,1,1,1991,5,0,0,0,0,0,28,0,0,0
130270,1,1,1991,13,13,13,13,13,13,13,13,13,13
130272,1,1,1991,0,0,0,0,0,0,0,0,0,0
130272,2,1,1991,0,0,0,0,0,0,0,0,0,0
130273,1,1,1991,21,7,17,11,11,5,25,5,4,14
130275,0,1,1991,0,0,0,0,0,0,0,0,0,0
130275,1,1,1991,16,14,19,0,8,15,11,7,0,0
130276,1,1,1991,15,15,15,15,15,15,15,15,15,15
130277,1,1,1991,0,0,0,0,0,0,0,0,0,0
130278,1,1,1991,0,0,0,0,0,0,0,0,0,0
130278,2,1,1991,0,0,0,0,0,0,0,0,0,0
130279,1,1,1991,11,13,10,15,0,12,0,0,0,9
130280,1,1,1991,0,0,0,0,0,0,0,31,0,0
130281,1,1,1991,0,0,0,0,0,0,0,0,0,0
130281,2,1,1991,0,0,0,0,0,0,0,0,0,0
130282,1,1,1991,0,0,0,0,0,0,0,0,0,21
130282,2,1,1991,0,0,0,0,0,0,0,0,0,0
130283,1,1,1991,14,14,14,14,14,14,14,14,14,14
130283,2,1,1991,0,0,0,0,0,0,0,0,0,0
130283,3,1,1991,0,0,0,0,0,0,0,0,0,0
130284,1,1,1991,0,0,0,0,0,0,0,0,0,0
130285,0,1,1991,20,20,20,20,20,20,20,20,20,20
130285,1,1,1991,0,0,21,17,10,0,0,0,28,20
130286,1,1,1991,0,0,0,0,0,0,0,0,0,0
130287,1,1,1991,0,0,0,0,0,0,0,0,0,0
130288,1,1,1991,0,0,0,0,0,0,0,0,0,0
130288,2,1,1991,0,0,0,0,0,0,0,0,0,0
130289,1,1,1991,26,26,26,26,26,26,26,26,26,26
130289,2,1,1991,0,0,0,0,0,0,0,0,0,0
130290,1,1,1991,0,0,0,0,0,0,0,0,0,0
130290,2,1,1991,12,12,12,12,12,12,12,12,12,12
130291,1,1,1991,0,0,0,0,0,0,0,0,0,0
130291,2,1,1991,0,0,0,0,0,0,0,0,0,0
130292,1,1,1991,24,24,24,24,24,24,24,24,24,24
130293,1,1,1991,0,0,0,0,0,0,0,0,0,0
130293,2,1,1991,0,0,0,0,0,0,0,0,0,0
130294,1,1,1991,0,0,0,0,0,0,0,0,0,0
130295,1,1,1991,0,0,0,0,0,0,0,0,0,0
130296,1,1,1991,20,20,20,20,20,20,20,20,20,20
130296,2,1,1991,0,0,0,0,0,0,0,0,0,0
130297,0,1,1991,0,0,0,0,0,0,0,0,0,0
130297,1,1,1991,0,0,0,0,0,0,0,0,0,0
130298,1,1,1991,0,0,0,0,0,0,0,0,0,0
130298,2,1,1991,14,14,14,14,14,14,14,14,14,14
130299,1,1,1991,0,0,0,0,0,0,0,0,0,0
130299,2,1,1991,0,0,0,0,0,0,0,0,0,0
130300,1,1,1991,0,0,0,0,0,0,0,0,0,0
130301,1,1,1991,0,0,0,0,0,0,0,0,0,0
130301,2,1,1991,0,0,17,0,0,0,0,0,0,0
130302,1,1,1991,0,0,0,0,0,0,0,0,0,0
130303,1,1,1991,22,22,22,22,22,22,22,22,22,22
130303,2,1,1991,0,0,0,0,0,0,0,0,0,0
130304,1,1,1991,0,0,0,0,0,0,0,0,0,0
130305,1,1,1991,11,11,11,11,11,11,11,11,11,11
130306,1,1,1991,6,12,6,0,0,0,12,0,12,11
130307,1,1,1991,0,0,0,0,0,0,0,0,0,0
130307,2,1,1991,0,0,0,0,0,0,0,0,0,0
130308,1,1,1991,25,25,25,25,25,25,25,25,25,25
130309,1,1,1991,0,0,0,13,0,0,0,0,0,0
130310,1,1,1991,0,0,0,0,0,0,0,0,0,0
130311,1,1,1991,0,0,0,0,0,0,0,0,0,0
130311,2,1,1991,0,0,0,0,0,0,0,0,0,0
130312,1,1,1991,24,4,0,5,11,17,15,18,21,7
130313,1,1,1991,0,0,0,0,0,0,0,0,0,0
130313,2,1,1991,8,24,15,0,0,0,5,0,0,4
130314,1,1,1991,29,29,29,29,29,29,29,29,29,29
130315,1,1,1991,5,5,5,5,5,5,5,5,5,5
130316,1,1,1991,0,0,0,0,0,0,0,0,0,0
130316,2,1,1991,0,0,0,0,0,0,0,0,0,0
130317,0,1,1991,7,0,38,0,26,15,0,29,20,0
130317,1,1,1991,0,0,0,0,0,0,0,0,0,0
130318,1,5,1991,16,10,8,6,0,10,0,21,0,17
130319,1,1,1991,0,0,0,0,0,0,0,0,0,0
130319,2,1,1991,0,0,0,0,0,0,0,0,0,0
130320,1,1,1991,0,0,0,0,0,0,0,0,0,0
130321,1,1,1991,0,0,0,0,0,0,0,0,0,0
130322,0,1,1991,27,27,27,27,27,27,27,27,27,27
130322,1,1,1991,15,15,15,15,15,15,15,15,15,15
130323,1,1,1991,9,18,16,13,5,0,0,19,0,0
130323,2,1,1991,0,0,0,0,0,0,0,0,0,0
130323,3,1,1991,0,0,0,0,0,0,0,0,0,0
130324,1,1,1991,5,5,5,5,5,5,5,5,5,5
130325,1,1,1991,28,28,28,28,28,28,28,28,28,28
130325,2,1,1991,0,0,0,0,0,0,0,0,0,0
130326,1,1,1991,0,0,0,12,0,0,0,0,0,29