ST_CASE,VEH_NO,PER_NO,YEAR,P1,P2,P3,P4,P5,P6,P7,P8,P9,P10
160102,2,1,1991,0,0,0,0,0,0,26,16,20,15
160103,1,1,1991,0,0,0,0,0,0,0,0,0,0
160103,2,1,1991,0,0,0,0,0,0,0,0,0,0
160104,1,1,1991,0,0,0,0,0,0,0,0,0,0
160105,1,1,1991,0,8,10,9,0,0,0,0,11,0
160106,1,1,1991,12,12,12,12,12,12,12,12,12,12
160107,1,1,1991,25,25,25,25,25,25,25,25,25,25
160108,1,1,1991,0,0,11,0,0,0,0,0,0,0
160109,1,1,1991,0,0,0,0,12,0,0,0,0,0
160109,2,1,1991,0,0,0,0,0,0,0,0,0,0
160110,1,1,1991,12,12,12,12,12,12,12,12,12,12
160111,1,1,1991,0,0,0,0,0,0,0,0,0,0
160111,2,1,1991,0,0,0,0,0,0,0,0,0,0
160112,1,1,1991,0,0,0,0,0,0,0,0,0,0
160112,2,1,1991,0,0,0,0,0,0,0,0,0,0
160113,1,1,1991,0,0,11,0,0,0,15,16,0,0
160114,1,1,1991,0,0,0,0,0,0,0,0,0,0
160115,1,1,1991,21,21,21,21,21,21,21,21,21,21
160116,1,1,1991,0,0,0,0,0,0,0,0,0,0
160116,2,1,1991,0,0,0,0,0,0,0,0,25,0
160117,0,1,1991,0,0,0,0,0,0,0,0,0,0
160117,1,1,1991,0,0,0,0,0,8,0,0,0,0
160119,0,1,1991,24,24,24,24,24,24,24,24,24,24
160119,1,1,1991,0,0,0,0,0,0,0,0,0,0
160120,1,1,1991,0,4,0,4,0,23,5,12,7,0
160121,0,1,1991,40,40,40,40,40,40,40,40,40,40
160121,1,1,1991,16,16,18,0,9,0,7,23,0,0
160122,1,1,1991,0,0,0,6,0,0,0,0,8,9
160123,1,1,1991,24,24,24,24,24,24,24,24,24,24
160124,1,1,1991,0,0,0,0,0,0,0,0,0,0
160125,1,1,1991,0,0,0,0,0,0,10,0,0,18
160126,1,1,1991,18,18,18,18,18,18,18,18,18,18
160127,1,1,1991,0,0,0,0,0,0,0,0,0,0
160128,1,1,1991,0,0,0,0,15,0,27,20,0,0
160129,1,1,1991,0,0,0,0,0,0,0,0,0,0
160129,2,1,1991,0,0,0,0,0,0,0,0,0,0
160129,3,1,1991,0,0,0,0,0,4,0,0,0,0
160130,1,1,1991,14,16,16,14,12,14,20,21,10,22
160131,1,1,1991,0,0,0,10,0,0,0,0,8,0
160132,1,1,1991,0,0,0,0,0,0,0,0,0,0
160132,2,1,1991,0,0,0,0,0,0,3,0,8,0
160133,1,1,1991,21,21,21,21,21,21,21,21,21,21
160135,0,1,1991,37,37,37,37,37,37,37,37,37,37
160135,1,1,1991,20,6,0,0,8,0,0,0,0,0
160136,1,1,1991,0,0,0,0,0,0,0,0,0,0
160136,2,1,1991,0,17,0,0,3,15,0,0,17,0
160137,1,1,1991,24,24,24,24,24,24,24,24,24,24
160138,0,1,1991,0,0,0,0,0,0,0,0,0,0
160138,1,1,1991,0,0,0,0,7,10,0,0,27,0
160139,1,1,1991,22,22,22,22,22,22,22,22,22,22
160140,1,1,1991,0,0,0,0,0,0,0,0,0,0
160140,2,1,1991,0,0,0,0,0,0,0,0,0,0
160140,3,1,1991,0,0,0,0,0,0,0,0,0,0
160141,1,1,1991,29,29,29,29,29,29,29,29,29,29
160142,1,1,1991,6,6,6,6,6,6,6,6,6,6
160142,2,1,1991,0,0,0,0,0,0,0,0,0,0
160143,1,1,1991,0,0,0,0,0,0,0,0,0,19
160143,2,1,1991,0,0,0,0,0,0,0,0,0,0
160144,0,1,1991,0,0,0,0,0,0,0,0,0,0
160144,1,1,1991,0,0,9,19,21,18,0,13,0,0
160145,1,1,1991,0,0,0,0,0,0,0,0,0,0
160146,1,1,1991,26,26,26,26,26,26,26,26,26,26
160147,1,1,1991,22,22,22,22,22,22,22,22,22,22
160148,1,1,1991,18,0,0,0,0,0,20,0,0,13
160149,1,1,1991,0,0,0,0,0,0,0,0,0,0
160149,2,1,1991,0,0,0,0,0,0,0,0,0,0
160150,1,1,1991,0,0,0,0,0,12,0,18,0,0
160150,2,1,1991,0,0,0,0,0,0,0,0,0,0
160150,3,1,1991,18,12,13,20,0,14,7,21,0,25
160151,1,1,1991,0,0,0,0,0,0,0,0,0,0
160151,2,1,1991,15,15,15,15,15,15,15,15,15,15
160152,1,1,1991,0,0,0,0,0,0,0,0,0,0
160152,2,1,1991,0,5,8,0,0,0,0,19,0,0
160153,1,1,1991,0,0,0,0,0,0,0,0,0,0
160154,1,1,1991,23,23,23,23,23,23,23,23,23,23
160155,1,1,1991,0,0,0,0,0,0,0,0,0,0
160156,1,1,1991,0,0,0,0,0,0,0,0,0,0
160157,1,1,1991,20,20,20,20,20,20,20,20,20,20
160158,1,1,1991,0,0,0,0,0,0,0,0,0,0
160158,2,1,1991,2,2,2,2,2,2,2,2,2,2
160159,1,1,1991,0,0,0,0,0,0,0,0,0,0
160159,2,1,1991,0,0,0,0,0,0,10,0,0,0
160160,1,1,1991,44,23,20,32,26,19,14,18,20,26
160161,1,1,1991,36,36,36,36,36,36,36,36,36,36
160162,1,1,1991,0,0,0,0,0,0,0,0,0,0
160163,1,1,1991,25,25,25,25,25,25,25,25,25,25
160164,1,1,1991,26,26,26,26,26,26,26,26,26,26
160165,1,1,1991,0,0,0,15,16,0,0,0,0,0
160166,1,1,1991,25,25,25,25,25,25,25,25,25,25
160169,0,1,1991,0,0,0,0,0,0,0,0,0,0
160169,1,1,1991,0,12,0,9,0,0,0,0,0,0
160170,1,1,1991,0,0,0,0,0,0,0,0,0,0
160171,1,1,1991,0,0,0,0,0,0,0,0,0,0
160171,2,1,1991,0,0,0,0,0,0,0,0,0,0
160172,1,1,1991,0,0,0,0,0,0,0,12,0,0
160172,2,1,1991,0,0,0,0,0,0,0,0,0,0
160173,1,1,1991,23,23,23,23,23,23,23,23,23,23
160173,2,1,1991,0,0,0,0,0,7,0,14,0,0
160174,1,1,1991,18,18,18,18,18,18,18,18,18,18
160175,0,1,1991,0,0,0,0,0,0,0,0,0,0
160175,1,1,1991,0,0,0,0,0,0,0,0,0,0
160176,1,1,1991,11,11,11,11,11,11,11,11,11,11
160177,1,1,1991,0,0,0,0,0,0,0,0,0,0
160178,1,1,1991,18,18,18,18,18,18,18,18,18,18
160179,1,1,1991,8,0,0,0,23,0,0,0,0,0
160180,1,1,1991,0,0,0,0,0,0,0,0,0,0
160180,2,1,1991,0,0,0,0,0,0,0,0,0,0
160181,1,1,1991,0,0,0,0,0,0,0,0,0,0
160181,2,1,1991,0,0,0,0,0,0,0,0,0,0
160182,1,1,1991,0,0,14,0,0,13,4,0,0,0
160183,1,1,1991,12,16,13,9,9,14,13,8,11,12
160184,1,1,1991,18,18,18,18,18,18,18,18,18,18
160185,1,1,1991,13,13,13,13,13,13,13,13,13,13
160186,1,1,1991,17,17,17,17,17,17,17,17,17,17
160187,1,1,1991,9,0,0,0,14,0,14,0,0,0
160188,1,1,1991,0,0,0,0,14,0,0,0,0,0
160188,2,1,1991,0,0,0,0,0,0,0,0,0,0
160189,1,1,1991,24,24,24,24,24,24,24,24,24,24
160190,1,1,1991,4,4,4,4,4,4,4,4,4,4
160191,1,1,1991,22,22,22,22,22,22,22,22,22,22
160192,1,1,1991,2,2,2,2,2,2,2,2,2,2
160193,1,1,1991,25,18,21,0,0,13,0,0,16,0
160194,1,1,1991,0,0,0,0,0,0,0,0,0,0
160194,2,1,1991,0,0,0,0,0,0,0,0,0,0
160195,1,1,1991,0,0,0,0,0,0,24,0,0,0
160195,2,1,1991,0,0,0,0,0,0,0,0,0,0
160196,0,1,1991,0,0,0,0,0,0,0,0,0,0
160196,1,1,1991,0,0,0,0,3,0,0,0,0,0
160197,1,1,1991,0,0,0,0,0,0,0,0,0,0
160197,2,1,1991,23,23,23,23,23,23,23,23,23,23
160198,1,1,1991,17,17,17,17,17,17,17,17,17,17
160199,1,1,1991,23,23,23,23,23,23,23,23,23,23
160200,1,1,1991,0,0,0,0,0,0,0,0,0,0
160201,0,1,1991,0,0,0,0,0,0,0,0,0,0
160201,1,1,1991,0,26,0,0,0,0,0,0,0,0
160202,1,1,1991,0,7,0,0,8,17,0,12,0,25
160202,2,1,1991,0,0,0,0,0,0,0,0,0,0
160203,1,1,1991,0,0,0,0,0,0,0,0,0,0
160204,1,1,1991,0,0,0,0,0,0,0,0,0,0
160204,2,1,1991,0,0,0,0,0,0,0,0,0,0
160205,1,1,1991,2,2,2,2,2,2,2,2,2,2
160206,1,1,1991,0,0,0,14,0,0,0,25,0,20
160207,1,1,1991,0,0,0,0,12,14,6,0,13,0
160207,2,1,1991,0,0,0,0,0,0,0,0,0,0
160208,1,1,1991,1,1,1,1,1,1,1,1,1,1
160209,1,1,1991,0,24,0,0,10,15,22,0,0,0
160209,2,1,1991,0,0,0,0,0,0,0,0,0,0
160209,3,1,1991,0,0,0,4,0,2,0,0,0,0
160210,1,1,1991,0,0,0,0,0,24,0,0,0,0
160211,1,1,1991,0,0,0,0,0,0,0,0,0,0
160212,1,1,1991,0,0,0,0,0,0,11,0,0,0
160212,2,1,1991,0,0,0,0,0,0,0,0,0,0
160213,1,1,1991,0,0,0,0,0,0,0,0,0,0
160215,0,1,1991,0,0,0,0,0,0,0,0,0,0
160215,1,1,1991,0,0,0,0,0,12,0,0,0,0
160216,0,1,1991,41,0,0,16,0,36,0,0,24,0
160216,2,1,1991,0,17,0,0,0,0,0,0,0,7
160217,1,1,1991,24,0,0,20,24,28,9,26,16,19
160218,1,1,1991,0,0,0,0,24,0,0,0,0,0
160218,2,1,1991,0,11,21,0,2,0,16,0,0,0
160219,1,1,1991,31,31,31,31,31,31,31,31,31,31
160219,2,1,1991,0,0,0,0,0,0,0,0,0,0
160220,0,1,1991,0,0,0,0,0,0,0,0,0,0
160220,1,1,1991,0,0,0,0,10,0,0,0,0,0
160221,0,1,1991,25,25,25,25,25,25,25,25,25,25
160221,1,1,1991,0,0,8,24,0,0,20,0,0,0
160222,1,1,1991,0,0,0,0,0,0,0,0,0,0
160223,1,1,1991,17,17,17,17,17,17,17,17,17,17
160223,2,1,1991,0,0,0,0,0,0,0,0,0,0
160224,1,1,1991,0,0,0,0,0,0,0,0,0,23
160225,1,1,1991,22,22,22,22,22,22,22,22,22,22
160225,2,1,1991,0,0,0,0,0,0,0,0,0,0
160226,1,1,1991,0,0,0,0,0,0,16,0,0,17
160227,1,1,1991,0,0,0,0,0,23,0,0,0,0
160227,2,1,1991,0,0,0,0,0,0,0,0,0,0
160228,1,1,1991,0,0,0,0,0,6,0,0,0,0
160228,2,1,1991,0,0,0,0,0,0,0,0,0,5
160229,1,1,1991,0,0,0,0,0,0,0,0,0,0
160230,1,1,1991,3,0,16,0,6,0,20,7,7,0
170001,1,1,1991,15,15,15,15,15,15,15,15,15,15
170001,2,1,1991,5,5,5,5,5,5,5,5,5,5
170002,1,1,1991,22,22,22,22,22,22,22,22,22,22
170002,2,1,1991,15,15,15,15,15,15,15,15,15,15
170002,3,1,1991,0,0,15,0,18,17,19,16,0,2
170003,1,1,1991,14,0,0,17,0,21,20,0,7,30
170003,2,1,1991,19,0,0,0,0,0,0,0,0,0
170004,0,1,1991,0,0,0,0,0,15,0,0,0,0
170004,1,1,1991,0,0,0,0,0,0,10,0,0,0
170005,1,1,1991,0,0,0,0,0,0,0,0,0,0
170005,2,1,1991,0,0,0,0,0,0,0,0,0,0
170006,0,1,1991,0,0,0,0,0,0,0,0,0,0
170006,1,1,1991,0,0,0,0,0,0,0,0,0,0
170007,1,1,1991,0,0,0,0,0,0,0,0,0,0
170007,2,1,1991,0,0,0,0,0,0,0,0,0,0
170008,1,1,1991,0,0,0,0,0,0,0,0,0,0
170008,2,1,1991,0,0,0,0,0,0,0,0,0,0
170009,0,1,1991,0,0,0,0,0,0,0,0,0,0
170009,1,1,1991,0,0,0,0,0,0,0,0,0,0
170010,1,1,1991,6,6,6,6,6,6,6,6,6,6
170011,0,1,1991,0,0,0,0,0,0,0,0,0,0
170011,1,1,1991,0,0,0,0,0,0,0,0,0,0
170012,0,1,1991,0,0,0,0,0,0,0,0,0,0
170012,1,1,1991,0,0,0,0,0,0,0,0,0,0
170013,1,1,1991,0,0,0,0,0,0,0,0,0,0
170014,1,1,1991,15,15,15,15,15,15,15,15,15,15
170014,2,1,1991,0,0,0,0,0,0,0,0,0,0
170015,1,1,1991,22,22,22,22,22,22,22,22,22,22
170015,2,1,1991,24,0,0,0,4,0,23,0,0,0
170016,0,1,1991,28,28,28,28,28,28,28,28,28,28
170016,1,1,1991,17,0,0,0,0,18,0,0,0,0
170017,0,1,1991,0,0,0,0,0,0,0,0,0,0
170017,1,1,1991,0,0,0,0,0,0,0,0,0,0
170017,2,1,1991,0,0,0,0,0,0,0,0,0,0
170018,1,1,1991,18,18,18,18,18,18,18,18,18,18
170019,1,1,1991,0,0,0,0,0,0,0,0,0,0
170020,1,1,1991,0,0,0,0,0,0,0,0,0,0
170020,2,1,1991,0,0,0,0,16,0,0,0,0,0
170020,3,1,1991,0,0,0,0,0,0,0,0,0,0
170021,0,1,1991,0,6,0,0,0,0,0,0,0,0
170021,1,1,1991,0,0,0,0,0,0,0,0,0,0
170022,1,1,1991,16,11,9,24,33,31,25,35,23,26
170023,1,1,1991,0,0,0,0,0,0,0,0,0,0
170024,0,1,1991,0,24,22,0,14,0,8,0,12,0
170024,0,2,1991,7,11,22,0,19,9,10,0,0,20
170024,0,3,1991,15,15,15,15,15,15,15,15,15,15
170024,1,1,1991,0,0,0,0,0,0,0,0,8,0
170025,1,1,1991,23,23,23,23,23,23,23,23,23,23
170026,1,1,1991,0,0,0,0,0,0,0,0,0,0
170027,1,1,1991,0,0,0,0,0,0,0,0,0,0
170028,1,1,1991,0,0,0,0,0,0,0,0,0,0
170029,1,1,1991,0,0,0,0,0,20,0,0,0,0
170029,2,1,1991,0,0,0,2,0,0,0,0,0,0
170030,2,1,1991,0,0,0,0,0,0,0,0,0,0
170031,1,1,1991,0,0,0,0,0,0,0,0,0,0
170031,2,1,1991,0,0,0,0,0,0,0,0,0,0
170032,1,1,1991,0,0,0,0,21,0,0,0,0,0
170032,2,1,1991,0,0,0,0,0,0,0,0,0,0
170033,1,1,1991,17,23,20,8,22,20,18,14,13,15
170033,2,1,1991,0,0,0,0,0,0,0,0,0,0
170034,1,1,1991,0,0,0,0,0,0,0,0,0,0
170034,2,1,1991,0,0,0,0,0,0,0,0,0,0
170034,3,1,1991,0,0,0,0,0,0,0,0,0,0
170035,1,1,1991,0,0,0,0,0,0,0,0,0,0
170035,2,1,1991,0,0,0,0,0,0,0,0,0,0
170036,1,1,1991,0,0,0,0,0,0,0,0,0,0
170036,2,1,1991,0,0,0,0,0,0,0,0,0,0
170037,1,1,1991,1,1,1,1,1,1,1,1,1,1
170037,2,1,1991,0,0,0,10,0,0,0,0,0,0
170038,1,1,1991,0,0,0,0,0,0,0,0,0,0
170038,2,1,1991,0,0,0,0,0,0,0,0,0,0
170039,0,1,1991,0,3,0,0,0,10,16,15,0,23
170039,0,2,1991,0,0,0,20,28,0,0,21,0,2
170039,1,1,1991,12,0,0,0,0,0,0,14,9,0
170040,1,1,1991,0,0,0,0,0,0,0,0,0,0
170040,2,1,1991,0,0,0,0,0,0,0,0,0,0
170040,3,1,1991,0,0,0,0,0,0,0,0,0,0
170041,0,1,1991,0,0,0,0,0,0,0,0,0,0
170041,1,1,1991,0,0,0,0,0,0,0,0,0,0
170041,2,1,1991,0,0,0,0,0,0,0,0,0,0
170041,3,1,1991,0,0,0,0,0,0,0,0,23,0
170042,1,1,1991,0,0,0,0,0,0,0,0,0,0
170042,2,1,1991,0,0,0,0,0,0,0,0,0,0
170043,1,1,1991,0,0,0,0,0,0,0,0,0,0
170043,2,1,1991,0,0,0,0,0,0,0,0,0,0
170043,3,1,1991,0,0,0,0,0,0,0,0,0,0
170044,1,1,1991,0,0,0,0,0,0,0,0,0,0
170044,2,1,1991,0,0,0,0,0,0,0,0,0,0
170044,3,1,1991,0,0,0,0,0,0,0,0,0,0
170045,1,1,1991,0,0,0,0,0,0,0,0,0,0
170045,2,1,1991,0,0,0,0,0,0,0,0,0,0
170046,1,1,1991,0,0,0,0,0,0,0,0,0,0
170046,2,1,1991,0,0,0,0,0,0,0,0,0,0
170047,0,1,1991,37,37,37,37,37,37,37,37,37,37
170047,1,1,1991,0,0,0,0,0,0,0,0,0,0
170047,2,1,1991,15,17,0,0,0,9,0,17,0,0
170048,0,1,1991,23,23,23,23,23,23,23,23,23,23
170048,1,1,1991,0,0,0,0,0,0,0,0,0,0
170049,1,1,1991,0,0,0,0,0,0,0,0,0,0
170050,1,1,1991,16,0,19,0,0,0,0,17,0,6
170051,1,1,1991,12,12,12,12,12,12,12,12,12,12
170052,0,1,1991,18,18,18,18,18,18,18,18,18,18
170052,0,2,1991,0,25,0,16,26,42,45,0,13,24
170052,1,1,1991,12,12,12,12,12,12,12,12,12,12
170053,1,1,1991,6,6,6,6,6,6,6,6,6,6
170054,1,1,1991,0,0,0,0,0,0,0,0,0,0
170054,2,1,1991,0,0,0,0,0,0,0,0,0,0
170055,1,1,1991,0,0,0,0,0,0,0,0,0,0
170055,2,1,1991,0,0,0,0,0,0,5,0,0,0
170056,1,1,1991,0,0,0,0,0,0,0,0,0,0
170056,2,1,1991,0,0,0,0,0,0,29,0,0,0
170057,0,1,1991,0,0,0,0,0,0,0,0,0,0
170057,1,1,1991,0,0,0,0,0,0,0,0,0,0
170058,1,1,1991,23,23,23,23,23,23,23,23,23,23
170059,1,1,1991,12,12,12,12,12,12,12,12,12,12
170059,2,1,1991,0,0,0,0,0,0,0,0,0,0
170060,1,1,1991,0,0,0,0,0,0,0,0,0,0
170060,2,1,1991,0,0,0,0,0,0,0,0,0,0
170061,1,1,1991,10,10,10,10,10,10,10,10,10,10
170061,2,1,1991,0,0,0,0,0,0,0,0,0,0
170062,1,1,1991,26,26,26,26,26,26,26,26,26,26
170063,1,1,1991,0,0,0,0,0,0,0,0,0,0
170064,1,1,1991,0,0,0,0,0,0,0,0,0,0
170064,2,1,1991,0,0,0,0,0,0,0,0,0,0
170064,3,1,1991,0,0,0,0,0,0,0,0,0,0
170065,1,1,1991,16,16,16,16,16,16,16,16,16,16
170065,2,1,1991,0,0,0,0,0,0,0,0,0,0
170066,0,1,1991,0,0,0,0,0,0,0,0,0,0
170066,1,1,1991,0,0,0,0,0,0,0,0,0,0
170067,1,1,1991,8,8,8,8,8,8,8,8,8,8
170068,1,1,1991,0,0,0,0,0,0,0,0,0,0
170069,1,1,1991,23,23,23,23,23,23,23,23,23,23
170070,0,1,1991,25,25,25,25,25,25,25,25,25,25
170070,1,1,1991,0,0,0,0,0,0,0,4,0,0
170071,1,1,1991,0,0,0,0,0,0,0,0,0,0
170071,2,1,1991,0,0,0,0,0,0,0,0,0,0
170072,1,1,1991,0,0,0,0,0,0,0,0,0,0
170072,2,1,1991,0,0,0,0,0,0,0,0,0,0
170074,1,2,1991,0,0,0,0,0,0,0,0,0,0
170075,1,1,1991,1,1,1,1,1,1,1,1,1,1
170076,1,1,1991,3,3,3,3,3,3,3,3,3,3
170077,1,1,1991,12,12,12,12,12,12,12,12,12,12
170078,1,1,1991,24,24,24,24,24,24,24,24,24,24
170079,1,1,1991,3,3,3,3,3,3,3,3,3,3
170080,1,1,1991,0,0,0,29,0,11,0,0,0,0
170081,1,1,1991,18,18,18,18,18,18,18,18,18,18
170082,1,1,1991,21,21,21,21,21,21,21,21,21,21
170083,1,1,1991,0,0,0,0,0,0,0,0,0,0
170084,1,1,1991,32,32,32,32,32,32,32,32,32,32
170085,1,1,1991,0,0,16,5,0,0,0,0,0,0
170086,1,1,1991,4,9,8,3,3,12,22,2,7,5
170086,2,1,1991,17,17,17,17,17,17,17,17,17,17
170087,1,1,1991,0,0,13,0,0,0,0,0,0,13
170088,1,1,1991,22,22,22,22,22,22,22,22,22,22
170089,1,1,1991,12,12,12,12,12,12,12,12,12,12
170090,1,1,1991,0,0,0,0,0,0,0,0,0,0
170090,2,1,1991,0,0,0,0,0,0,0,0,0,0
170090,3,1,1991,11,27,0,0,0,0,13,0,0,28
170091,1,1,1991,22,22,22,22,22,22,22,22,22,22
170093,0,1,1991,2,2,2,2,2,2,2,2,2,2
170093,1,1,1991,0,0,42,9,21,0,0,11,0,14
170094,1,1,1991,15,15,15,15,15,15,15,15,15,15
170094,2,1,1991,0,0,0,0,0,0,0,0,0,0
170095,1,1,1991,0,0,0,0,0,0,0,0,0,0
170096,1,1,1991,15,24,23,15,21,17,7,25,15,16
170096,2,1,1991,0,0,0,0,0,0,0,0,0,0
170097,0,1,1991,0,0,0,0,0,0,0,0,0,0
170097,1,1,1991,0,0,0,0,0,0,0,0,0,0
170098,1,1,1991,0,0,0,0,0,0,0,0,0,0
170099,1,1,1991,11,11,11,11,11,11,11,11,11,11
170099,2,1,1991,0,0,0,0,0,17,0,0,0,0
170100,1,1,1991,14,0,20,17,0,0,10,15,11,17
170101,1,1,1991,0,0,0,0,0,0,0,0,0,0
170101,2,1,1991,0,0,0,0,0,0,0,0,0,0
170102,1,1,1991,10,10,10,10,10,10,10,10,10,10
170103,1,1,1991,17,17,17,17,17,17,17,17,17,17
170103,2,1,1991,0,0,0,0,0,17,0,0,0,0
170104,1,1,1991,0,0,0,0,0,13,0,0,0,0
170105,1,1,1991,0,0,0,0,0,0,0,0,0,0
170105,2,1,1991,0,0,0,0,0,0,0,0,0,0
170106,1,1,1991,0,0,0,0,0,0,0,0,0,0
170106,2,1,1991,9,0,0,0,21,0,0,27,0,0
170107,1,1,1991,25,25,25,25,25,25,25,25,25,25
170107,2,1,1991,3,3,3,3,3,3,3,3,3,3
170108,1,1,1991,14,14,14,14,14,14,14,14,14,14
170109,1,1,1991,0,28,0,0,14,0,0,16,0,16
170110,1,1,1991,0,0,0,0,0,0,0,0,0,0
170111,1,1,1991,11,11,11,11,11,11,11,11,11,11
170112,1,1,1991,17,17,17,17,17,17,17,17,17,17
170112,2,1,1991,0,13,0,0,0,0,0,0,0,0
170112,3,1,1991,0,0,0,3,0,0,0,0,0,0
170113,1,1,1991,0,0,0,0,0,0,0,0,0,0
170113,2,1,1991,0,0,0,0,0,0,0,0,0,0
170114,1,1,1991,0,0,0,0,0,0,0,0,0,0
170114,2,1,1991,0,0,0,0,0,0,0,0,0,0
170115,1,1,1991,0,0,0,0,0,0,0,0,0,0
170116,1,1,1991,0,0,0,0,0,0,0,0,0,0
170116,2,1,1991,0,0,0,0,0,0,0,0,0,0
170117,1,1,1991,0,0,0,0,0,0,0,0,0,0
170117,2,1,1991,0,0,0,0,0,0,0,0,0,0
170118,1,1,1991,15,15,15,15,15,15,15,15,15,15
170119,1,1,1991,0,0,0,0,0,0,0,0,0,0
170120,1,1,1991,0,0,15,16,0,0,14,0,4,9
170121,1,1,1991,0,0,0,0,9,0,0,0,0,6
170122,1,1,1991,25,25,25,25,25,25,25,25,25,25
170122,2,1,1991,0,0,0,0,0,0,0,0,0,0
170123,1,1,1991,0,0,0,0,0,0,0,0,0,0
170123,2,1,1991,0,0,0,0,0,0,0,0,0,0
170123,3,1,1991,0,0,0,0,0,0,0,0,0,0
170123,4,1,1991,0,0,0,0,0,0,0,0,0,0
170124,1,1,1991,0,0,0,0,0,0,0,0,0,0
170125,1,1,1991,0,0,0,0,0,0,0,0,0,0
170125,2,1,1991,0,0,0,0,0,0,0,0,0,0
170126,1,1,1991,0,0,0,0,0,0,0,0,0,0
170126,2,1,1991,0,0,0,43,0,0,0,0,0,18
170127,1,1,1991,0,0,0,0,0,0,0,0,0,0
170127,2,1,1991,0,0,0,0,0,0,0,0,0,0
170128,1,1,1991,0,0,0,0,0,0,0,0,0,0
170128,2,1,1991,4,0,0,0,0,0,0,0,0,0
170129,1,1,1991,0,0,0,0,0,0,0,0,0,0
170129,2,1,1991,0,0,0,0,0,0,0,0,0,0
170130,1,1,1991,30,19,22,26,28,8,22,20,27,10
170131,1,1,1991,0,0,0,0,0,0,0,0,0,0
170131,2,1,1991,0,0,0,0,0,0,0,6,0,20
170132,1,1,1991,0,0,0,0,0,0,0,0,0,0
170133,1,1,1991,0,0,0,0,0,19,0,0,0,0
170134,1,1,1991,20,20,20,20,20,20,20,20,20,20
170135,1,1,1991,0,0,0,0,0,0,0,0,0,0
170136,1,1,1991,29,29,29,29,29,29,29,29,29,29
170137,1,1,1991,10,10,10,10,10,10,10,10,10,10
170138,1,1,1991,19,19,19,19,19,19,19,19,19,19
170139,1,1,1991,0,0,0,25,0,0,0,0,0,0
170140,1,1,1991,15,15,15,15,15,15,15,15,15,15
170141,1,1,1991,6,12,11,12,5,6,15,14,12,23
170142,1,1,1991,0,0,0,0,0,0,0,0,0,0
170143,1,1,1991,20,20,20,20,20,20,20,20,20,20
170144,1,1,1991,12,11,15,14,9,2,13,31,15,13
170145,1,1,1991,18,18,18,18,18,18,18,18,18,18
170146,1,1,1991,0,0,0,0,0,0,0,0,0,0
170146,2,1,1991,0,0,0,0,0,0,0,0,0,0
170147,1,1,1991,13,13,13,13,13,13,13,13,13,13
170147,2,1,1991,0,0,0,0,0,0,0,0,0,0
170148,1,1,1991,0,0,0,0,0,0,0,0,0,0
170148,2,1,1991,0,0,0,0,0,0,0,0,0,0
170149,1,1,1991,21,21,21,21,21,21,21,21,21,21
170150,0,1,1991,0,0,0,0,0,0,0,0,0,0
170150,1,1,1991,0,0,22,0,18,0,0,0,0,0
170151,1,1,1991,23,23,23,23,23,23,23,23,23,23
170152,1,1,1991,0,0,0,0,0,0,0,0,0,0
170152,2,1,1991,0,0,0,0,0,0,0,0,0,0
170152,3,1,1991,0,0,0,0,0,0,0,0,0,0
170153,0,1,1991,0,0,0,0,0,0,0,0,0,0
170153,1,1,1991,0,0,0,0,0,0,0,0,0,0
170154,1,1,1991,18,18,18,18,18,18,18,18,18,18
170154,2,1,1991,0,0,0,0,0,0,0,0,0,0
170155,0,1,1991,0,0,0,0,0,0,0,0,0,0
170155,1,1,1991,0,5,16,14,0,0,14,0,0,0
170156,0,1,1991,0,18,0,7,0,0,19,0,0,0
170156,1,1,1991,0,0,0,0,0,12,0,13,0,13
170157,1,1,1991,0,0,0,0,0,0,0,0,0,0
170158,1,1,1991,23,23,23,23,23,23,23,23,23,23
170159,0,1,1991,0,0,0,0,0,0,0,0,0,0
170159,1,1,1991,0,9,0,0,0,0,0,0,10,15
170160,1,1,1991,0,0,0,0,0,0,0,0,0,0
170160,2,1,1991,0,0,0,0,0,0,0,0,0,0
170161,1,1,1991,0,0,0,0,0,0,0,0,0,0
170161,2,1,1991,0,19,16,14,18,20,31,6,10,13
170162,0,1,1991,0,0,0,0,0,0,0,0,0,0
170162,1,1,1991,0,0,0,0,0,0,0,0,0,0
170163,0,1,1991,0,0,0,0,0,0,0,0,0,0
170163,1,1,1991,0,0,0,0,0,0,0,0,0,0
170163,2,1,1991,0,0,0,0,0,0,0,0,0,0
170164,1,1,1991,22,22,22,22,22,22,22,22,22,22
170164,2,1,1991,3,25,14,33,0,30,0,0,0,0
170165,1,1,1991,0,0,0,0,0,0,0,0,0,0
170166,1,1,1991,0,2,0,5,0,0,0,0,0,0
170167,0,1,1991,0,0,0,0,0,0,0,0,0,0
170167,1,1,1991,21,34,20,30,19,21,38,12,21,9
170168,1,1,1991,0,0,0,0,0,0,0,0,0,0
170168,2,1,1991,0,0,0,0,0,0,0,0,0,0
170169,1,1,1991,0,0,0,0,0,0,0,0,0,0
170170,1,1,1991,26,26,26,26,26,26,26,26,26,26
170170,2,1,1991,0,0,0,0,0,0,0,0,0,0
170171,0,1,1991,11,11,11,11,11,11,11,11,11,11