ST_CASE,VEH_NO,PER_NO,YEAR,P1,P2,P3,P4,P5,P6,P7,P8,P9,P10
171264,1,1,1991,29,29,29,29,29,29,29,29,29,29
171265,1,1,1991,19,19,19,19,19,19,19,19,19,19
171265,2,1,1991,0,0,0,0,0,0,0,0,0,0
171266,1,1,1991,22,22,22,22,22,22,22,22,22,22
171267,1,1,1991,0,0,0,0,0,0,0,0,0,0
171268,1,1,1991,10,10,10,10,10,10,10,10,10,10
171269,1,1,1991,24,22,13,13,7,15,5,7,20,23
171270,1,1,1991,26,26,26,26,26,26,26,26,26,26
171271,0,1,1991,0,0,0,0,0,0,0,0,0,0
171271,1,1,1991,0,0,0,0,0,34,0,0,0,16
171271,2,1,1991,0,0,0,0,0,0,0,0,0,0
171271,3,1,1991,0,0,0,0,0,0,0,0,0,0
171272,0,1,1991,12,12,12,12,12,12,12,12,12,12
171272,1,1,1991,0,0,0,0,0,0,0,0,0,0
171273,0,1,1991,0,0,0,0,0,0,0,0,0,0
171273,1,1,1991,4,0,23,17,0,15,21,0,0,7
171274,1,1,1991,0,0,0,0,0,0,0,0,0,0
171274,2,1,1991,0,0,0,0,0,0,0,0,0,0
171275,1,1,1991,7,7,7,7,7,7,7,7,7,7
171276,1,1,1991,0,0,0,0,0,0,0,0,0,0
171277,1,1,1991,28,28,28,28,28,28,28,28,28,28
171278,0,1,1991,0,9,0,0,0,24,0,0,29,0
171278,1,1,1991,0,0,0,0,0,0,0,0,0,0
171279,1,1,1991,16,16,16,16,16,16,16,16,16,16
171280,1,1,1991,6,6,6,6,6,6,6,6,6,6
171281,1,1,1991,0,7,0,0,0,0,0,0,0,0
171281,2,1,1991,0,0,0,0,0,0,0,0,0,0
171282,1,1,1991,0,0,0,0,0,35,12,0,27,0
171282,2,1,1991,0,0,0,0,0,0,0,0,13,0
171283,1,1,1991,14,14,14,14,14,14,14,14,14,14
171284,1,1,1991,0,0,0,0,0,0,0,0,0,0
171285,1,1,1991,5,5,5,5,5,5,5,5,5,5
171286,1,1,1991,16,16,16,16,16,16,16,16,16,16
171286,2,1,1991,0,0,0,0,0,0,0,0,0,0
171287,0,1,1991,0,0,0,0,0,0,0,0,0,0
171287,1,1,1991,13,13,13,13,13,13,13,13,13,13
171288,1,1,1991,0,0,0,0,0,0,0,0,0,0
171289,0,1,1991,25,25,25,25,25,25,25,25,25,25
171289,1,1,1991,0,0,0,0,0,0,0,0,9,0
171290,1,1,1991,18,18,18,18,18,18,18,18,18,18
171290,2,1,1991,0,0,0,0,0,0,0,0,0,0
171290,3,1,1991,0,0,0,0,0,0,0,0,0,0
171290,4,1,1991,0,0,0,0,0,0,0,0,0,0
171291,1,1,1991,0,0,0,0,0,0,0,0,0,0
171291,2,1,1991,0,0,0,0,0,0,0,0,0,0
171292,1,1,1991,4,4,4,4,4,4,4,4,4,4
171293,1,1,1991,0,0,0,0,16,0,0,0,0,0
171294,0,1,1991,0,0,0,0,0,0,0,0,0,6
171294,1,1,1991,0,0,0,0,0,0,0,0,0,0
171295,0,1,1991,6,6,6,6,6,6,6,6,6,6
171295,1,1,1991,0,0,0,0,0,0,0,0,0,0
171296,1,1,1991,26,26,26,26,26,26,26,26,26,26
171297,1,1,1991,0,0,0,5,0,17,0,0,0,0
171298,1,1,1991,0,0,0,0,0,0,0,0,0,0
171299,1,1,1991,24,24,24,24,24,24,24,24,24,24
171300,1,1,1991,23,23,23,23,23,23,23,23,23,23
171300,2,1,1991,0,0,0,0,0,0,0,0,0,0
171300,3,1,1991,0,0,0,0,0,0,22,0,0,0
171301,0,1,1991,26,26,26,26,26,26,26,26,26,26
171301,0,2,1991,0,0,0,0,0,0,0,0,0,0
171301,1,1,1991,0,0,0,14,0,0,0,0,0,0
171301,2,1,1991,0,0,0,0,0,0,0,0,0,0
171302,1,1,1991,0,0,0,0,0,0,0,0,0,0
171302,2,1,1991,0,0,0,0,0,0,0,0,0,0
171303,1,1,1991,0,0,0,0,0,0,0,0,0,0
171304,0,1,1991,6,6,6,6,6,6,6,6,6,6
171304,1,1,1991,0,0,0,0,0,17,15,0,0,7
180001,1,1,1991,0,0,0,0,0,0,0,0,0,0
180001,2,1,1991,0,0,0,0,0,0,0,0,0,0
180002,1,1,1991,0,0,0,0,0,0,0,0,0,0
180002,2,1,1991,0,0,0,0,0,0,0,0,0,0
180003,1,1,1991,18,14,7,12,10,26,19,12,0,0
180004,1,1,1991,0,0,0,0,0,0,0,0,0,0
180004,2,1,1991,0,0,0,0,0,0,0,0,0,0
180005,1,1,1991,27,27,27,27,27,27,27,27,27,27
180006,1,1,1991,0,0,0,0,0,0,0,0,0,0
180006,2,1,1991,0,0,0,0,0,0,0,0,0,0
180007,1,1,1991,0,0,0,0,0,0,0,17,0,0
180008,1,1,1991,0,0,0,0,0,0,0,0,0,0
180008,2,1,1991,0,0,15,0,0,0,0,0,0,0
180008,3,1,1991,24,24,24,24,24,24,24,24,24,24
180009,1,1,1991,0,0,0,0,0,0,0,0,0,0
180009,2,1,1991,0,0,0,0,0,0,0,0,0,0
180010,0,1,1991,0,0,0,0,0,0,0,0,0,0
180011,1,1,1991,0,0,0,0,0,0,0,0,0,0
180012,1,1,1991,0,0,0,0,0,0,0,0,0,0
180012,2,1,1991,0,0,0,0,0,0,0,0,0,3
180012,3,1,1991,0,0,0,0,0,0,0,0,0,0
180012,4,1,1991,0,0,0,9,0,0,0,0,0,0
180013,1,1,1991,0,0,0,0,0,0,0,0,0,0
180013,2,1,1991,0,0,0,0,0,0,0,0,0,0
180014,1,1,1991,0,0,0,0,0,0,0,0,0,16
180015,1,1,1991,0,0,0,0,0,0,0,0,0,0
180018,1,1,1991,0,0,0,0,0,0,0,0,0,0
180019,1,1,1991,0,0,0,0,0,0,0,0,0,0
180019,2,1,1991,0,0,0,0,0,0,0,0,0,0
180020,1,1,1991,0,0,0,0,0,0,0,0,0,0
180021,1,1,1991,0,0,0,0,0,0,0,0,0,0
180022,0,1,1991,0,0,0,0,0,0,0,0,0,0
180022,1,1,1991,0,0,0,0,0,0,0,0,0,0
180023,1,1,1991,26,0,34,0,0,13,0,0,0,11
180024,1,1,1991,0,0,15,0,0,0,0,0,0,0
180025,1,1,1991,23,23,23,23,23,23,23,23,23,23
180025,2,1,1991,0,0,0,0,0,0,0,0,0,0
180026,1,1,1991,6,11,12,19,25,18,12,19,25,41
180027,1,1,1991,12,12,12,12,12,12,12,12,12,12
180028,1,1,1991,0,0,0,0,0,0,0,0,0,0
180028,2,1,1991,0,0,0,0,0,0,0,0,0,0
180029,1,1,1991,0,0,0,0,0,0,0,0,0,0
180029,2,1,1991,0,0,0,0,0,0,0,0,0,0
180030,1,1,1991,24,24,24,24,24,24,24,24,24,24
180030,2,1,1991,0,0,0,0,0,0,0,15,0,0
180031,1,1,1991,10,10,10,10,10,10,10,10,10,10
180032,1,1,1991,0,0,0,0,0,0,0,0,0,0
180033,1,1,1991,25,25,25,25,25,25,25,25,25,25
180033,2,1,1991,0,0,0,0,0,0,0,0,0,0
180034,1,1,1991,0,0,0,0,0,0,0,0,0,0
180034,2,1,1991,0,0,14,0,0,0,0,0,0,0
180035,1,1,1991,8,8,8,8,8,8,8,8,8,8
180036,1,1,1991,0,0,0,0,0,0,0,0,0,0
180036,2,1,1991,0,0,0,0,0,0,0,0,0,0
180037,1,1,1991,0,0,0,0,0,0,0,0,0,0
180037,2,1,1991,0,0,0,0,0,0,0,0,0,0
180038,1,1,1991,18,18,18,18,18,18,18,18,18,18
180039,1,1,1991,0,0,0,0,0,0,0,0,0,0
180039,2,1,1991,0,0,0,0,0,0,0,0,0,0
180040,1,1,1991,13,13,13,13,13,13,13,13,13,13
180042,1,1,1991,26,26,26,26,26,26,26,26,26,26
180042,2,1,1991,0,0,0,0,0,0,0,0,0,0
180043,0,1,1991,0,0,0,0,26,0,0,8,0,0
180043,1,1,1991,0,0,0,0,0,0,0,0,0,0
180044,1,1,1991,8,13,28,0,9,0,21,8,3,9
180044,2,1,1991,20,20,20,20,20,20,20,20,20,20
180045,1,1,1991,0,0,0,0,0,0,0,0,0,0
180045,2,1,1991,5,0,0,0,0,0,0,0,0,0
180046,1,1,1991,0,0,0,0,0,0,0,0,0,0
180046,2,1,1991,0,0,0,0,0,0,0,0,0,0
180047,1,1,1991,25,25,25,25,25,25,25,25,25,25
180047,2,1,1991,0,0,0,0,0,0,0,0,0,0
180048,1,1,1991,0,0,33,0,0,15,0,0,0,0
180049,1,1,1991,0,0,0,0,0,0,0,0,0,0
180049,2,1,1991,0,0,0,0,0,0,0,0,0,0
180050,1,1,1991,0,0,0,0,0,0,0,0,0,0
180050,2,1,1991,0,0,0,0,0,0,0,0,0,0
180051,1,1,1991,0,0,0,0,0,0,0,0,0,0
180051,2,1,1991,0,0,0,0,0,0,0,0,0,0
180052,1,1,1991,25,25,25,25,25,25,25,25,25,25
180052,2,1,1991,6,6,6,6,6,6,6,6,6,6
180053,1,1,1991,0,0,0,0,0,0,0,0,0,0
180053,2,1,1991,0,0,0,0,0,0,0,0,0,0
180054,1,1,1991,0,0,0,0,0,0,0,0,0,0
180054,2,1,1991,0,0,0,0,0,0,0,0,0,0
180055,1,1,1991,0,0,7,0,0,0,0,0,0,26
180056,1,1,1991,0,0,0,0,0,0,0,0,0,0
180056,2,1,1991,21,21,21,21,21,21,21,21,21,21
180057,1,1,1991,0,0,0,0,0,0,0,0,0,0
180058,0,1,1991,2,2,2,2,2,2,2,2,2,2
180058,1,1,1991,0,0,0,0,0,0,0,0,0,0
180059,1,1,1991,0,0,0,0,0,0,0,0,0,0
180059,2,1,1991,0,0,0,0,0,0,0,0,0,27
180059,3,1,1991,0,0,0,0,0,0,0,27,0,0
180060,0,1,1991,0,0,0,0,0,0,0,0,0,0
180060,1,1,1991,0,0,0,0,0,0,0,0,0,0
180061,0,1,1991,25,25,25,25,25,25,25,25,25,25
180061,1,1,1991,11,11,11,11,11,11,11,11,11,11
180062,1,1,1991,0,0,0,0,0,0,0,0,0,0
180062,2,1,1991,0,0,0,0,0,0,0,0,0,0
180063,1,1,1991,22,22,22,22,22,22,22,22,22,22
180064,1,1,1991,0,0,0,0,0,0,0,0,0,0
180064,2,1,1991,0,0,0,0,0,0,0,0,0,0
180065,1,1,1991,16,16,16,16,16,16,16,16,16,16
180066,1,1,1991,14,14,14,14,14,14,14,14,14,14
180067,1,1,1991,29,29,29,29,29,29,29,29,29,29
180067,2,1,1991,0,0,0,0,0,0,0,0,0,0
180068,0,1,1991,13,13,13,13,13,13,13,13,13,13
180068,1,1,1991,0,0,0,0,0,0,0,0,0,0
180069,1,1,1991,18,18,18,18,18,18,18,18,18,18
180070,1,1,1991,16,16,16,16,16,16,16,16,16,16
180071,1,1,1991,0,0,0,0,0,0,0,0,0,0
180071,2,1,1991,0,0,0,0,0,0,0,0,0,0
180071,3,1,1991,0,0,0,0,0,0,0,0,0,0
180072,1,1,1991,0,0,0,0,0,0,0,0,0,0
180073,1,1,1991,20,20,20,20,20,20,20,20,20,20
180074,1,1,1991,0,0,0,0,0,0,0,0,0,0
180074,2,1,1991,0,0,0,0,0,0,0,0,0,0
180075,0,1,1991,0,0,0,0,0,0,0,12,0,0
180075,1,1,1991,0,0,0,0,0,0,0,0,0,0
180076,1,1,1991,23,23,23,23,23,23,23,23,23,23
180077,0,1,1991,0,0,0,0,0,0,0,0,0,0
180077,1,1,1991,0,0,0,0,0,0,0,0,0,0
180078,1,1,1991,0,0,0,0,0,14,0,0,0,0
180078,2,1,1991,0,0,0,0,0,0,0,0,0,0
180079,1,1,1991,19,19,19,19,19,19,19,19,19,19
180080,1,1,1991,21,21,21,21,21,21,21,21,21,21
180081,1,1,1991,19,19,19,19,19,19,19,19,19,19
180081,2,1,1991,0,0,0,0,0,0,0,0,0,0
180082,1,1,1991,13,0,10,0,13,0,22,0,12,13
180082,2,1,1991,15,0,7,0,10,15,0,0,23,0
180083,1,1,1991,12,12,12,12,12,12,12,12,12,12
180084,1,1,1991,3,3,3,3,3,3,3,3,3,3
180085,1,1,1991,16,16,16,16,16,16,16,16,16,16
180086,1,1,1991,16,16,16,16,16,16,16,16,16,16
180087,0,1,1991,0,0,0,0,0,0,0,0,0,0
180087,1,1,1991,0,0,0,0,0,0,0,0,0,0
180088,0,1,1991,0,0,0,0,0,0,0,0,0,0
180088,1,1,1991,0,0,0,0,0,0,0,0,0,0
180089,1,1,1991,10,13,12,0,0,13,9,0,0,0
180090,0,1,1991,0,0,0,0,0,0,0,0,0,0
180090,1,1,1991,0,0,0,0,0,0,0,0,4,0
180091,1,1,1991,31,31,31,31,31,31,31,31,31,31
180091,2,1,1991,0,0,0,0,0,0,0,0,0,0
180092,1,1,1991,0,0,0,0,0,0,0,0,0,0
180092,2,1,1991,0,0,17,0,0,0,0,0,0,0
180093,1,1,1991,9,9,9,9,9,9,9,9,9,9
180094,1,1,1991,0,0,0,0,0,0,0,0,0,0
180094,2,1,1991,0,0,0,0,0,0,0,0,0,0
180095,1,1,1991,0,0,0,0,0,0,0,7,0,0
180095,2,1,1991,0,0,0,0,0,0,0,0,0,0
180096,1,1,1991,25,25,25,25,25,25,25,25,25,25
180096,2,1,1991,0,0,0,0,0,0,0,0,0,0
180097,1,1,1991,0,0,0,0,0,0,0,0,0,0
180098,1,1,1991,0,0,8,0,0,0,0,0,0,0
180098,2,1,1991,0,0,0,7,0,0,11,0,0,0
180099,1,1,1991,18,18,18,18,18,18,18,18,18,18
180099,2,1,1991,13,13,13,13,13,13,13,13,13,13
180100,1,1,1991,0,0,30,23,0,14,14,0,0,21
180101,1,1,1991,24,24,24,24,24,24,24,24,24,24
180102,1,1,1991,21,21,21,21,21,21,21,21,21,21
180102,2,1,1991,0,0,0,0,0,0,0,0,0,0
180103,0,1,1991,0,0,0,0,0,0,0,0,0,0
180103,1,1,1991,0,0,0,0,0,0,0,0,0,0
180104,1,1,1991,0,0,0,0,0,0,0,0,0,0
180105,1,1,1991,0,0,0,0,0,0,0,0,0,0
180106,1,1,1991,0,0,0,0,0,0,0,0,0,0
180107,1,1,1991,0,0,0,0,0,0,3,0,0,0
180107,2,1,1991,0,0,0,0,0,0,0,0,0,0
180108,1,1,1991,19,19,19,19,19,19,19,19,19,19
180108,2,1,1991,0,0,0,0,0,4,0,0,0,0
180109,1,1,1991,0,0,0,0,0,0,0,0,0,0
180109,2,1,1991,10,10,10,10,10,10,10,10,10,10
180113,1,1,1991,21,21,21,21,21,21,21,21,21,21
180113,2,1,1991,0,0,0,0,0,0,0,0,0,0
180114,1,1,1991,17,17,17,17,17,17,17,17,17,17
180115,1,1,1991,23,23,23,23,23,23,23,23,23,23
180116,0,1,1991,0,0,0,0,0,0,0,0,0,0
180116,1,1,1991,0,0,0,0,0,0,0,0,0,0
180117,1,1,1991,10,10,10,10,10,10,10,10,10,10
180118,1,1,1991,0,0,0,0,0,0,0,0,0,0
180119,0,1,1991,0,0,0,0,0,0,0,0,0,0
180119,1,1,1991,0,0,0,0,0,0,0,0,0,0
180120,1,1,1991,0,0,0,0,0,0,0,0,0,0
180121,1,1,1991,0,0,0,0,0,0,0,0,0,0
180121,2,1,1991,0,0,0,0,0,0,0,0,0,0
180122,1,1,1991,19,19,19,19,19,19,19,19,19,19
180123,1,1,1991,0,0,0,0,0,0,0,0,18,0
180123,2,1,1991,0,0,0,0,0,0,0,0,0,0
180124,1,1,1991,22,22,22,22,22,22,22,22,22,22
180124,2,1,1991,0,0,0,0,0,0,0,0,0,0
180125,1,1,1991,8,0,0,0,0,0,0,0,0,0
180126,1,1,1991,12,12,12,12,12,12,12,12,12,12
180127,1,1,1991,1,1,1,1,1,1,1,1,1,1
180127,2,1,1991,0,0,0,0,0,0,0,0,0,0
180127,3,1,1991,0,0,0,0,0,0,0,0,0,0
180128,1,1,1991,35,35,35,35,35,35,35,35,35,35
180128,2,1,1991,0,0,0,0,0,0,0,0,0,0
180128,3,1,1991,0,0,0,0,0,0,0,0,0,0
180128,4,1,1991,0,0,24,26,4,0,7,0,15,21
180129,1,1,1991,0,0,0,0,0,0,0,0,0,0
180129,2,1,1991,0,0,0,0,0,0,0,0,0,0
180130,1,1,1991,11,11,11,11,11,11,11,11,11,11
180130,2,1,1991,0,0,13,0,0,0,0,0,0,0
180130,3,1,1991,0,0,0,0,0,23,0,0,0,0
180131,1,1,1991,0,0,0,0,0,0,0,0,0,0
180131,2,1,1991,0,0,0,0,0,0,0,0,0,0
180132,1,1,1991,33,32,21,12,0,16,0,10,9,11
180133,1,1,1991,24,0,0,0,23,0,0,20,25,0
180134,1,1,1991,31,31,31,31,31,31,31,31,31,31
180135,1,1,1991,0,0,0,0,0,0,0,0,0,0
180135,2,1,1991,0,0,0,0,0,0,0,0,0,0
180136,1,1,1991,0,9,0,0,0,0,19,0,0,0
180138,1,1,1991,0,0,0,0,0,0,0,0,0,0
180138,2,1,1991,0,0,0,0,0,0,0,0,0,0
180140,1,1,1991,0,0,0,0,0,8,0,0,0,0
180140,2,1,1991,0,0,0,0,0,8,0,0,0,0
180140,3,1,1991,0,0,0,0,0,0,0,0,0,0
180141,1,1,1991,30,0,0,19,0,0,0,0,0,0
180142,1,1,1991,0,0,0,0,0,0,0,0,0,0
180143,1,1,1991,15,15,15,15,15,15,15,15,15,15
180144,1,1,1991,0,0,0,0,0,0,0,0,0,0
180145,1,1,1991,0,0,0,0,0,0,0,0,0,0
180145,2,1,1991,0,0,0,0,0,0,0,0,0,0
180146,1,1,1991,0,0,0,0,0,0,0,0,0,0
180147,1,1,1991,0,0,0,0,0,0,0,0,0,0
180148,1,1,1991,0,0,0,0,0,0,0,0,0,0
180149,1,1,1991,14,14,14,14,14,14,14,14,14,14
180149,2,1,1991,0,0,19,8,19,19,17,0,0,0
180150,1,1,1991,24,24,24,24,24,24,24,24,24,24
180151,0,1,1991,0,0,0,0,0,0,0,0,0,0
180151,1,1,1991,13,20,28,14,17,11,0,11,17,13
180152,1,1,1991,0,0,0,0,0,0,0,0,0,0
180152,2,1,1991,0,0,0,0,0,0,0,0,0,0
180153,1,1,1991,0,0,0,23,0,0,0,0,0,0
180153,2,1,1991,0,0,0,0,0,0,0,0,0,0
180154,1,1,1991,27,27,27,27,27,27,27,27,27,27
180155,1,1,1991,0,0,0,0,0,0,0,0,0,0
180156,1,1,1991,0,0,0,0,0,0,0,0,0,0
180157,0,1,1991,0,0,0,0,0,0,0,0,0,0
180157,1,1,1991,0,0,0,0,0,0,0,0,0,0
180158,1,1,1991,0,0,0,0,0,0,0,0,0,0
180159,1,1,1991,16,0,14,27,26,16,9,18,4,17
180161,1,1,1991,0,0,0,0,0,0,0,0,0,0
180162,1,1,1991,0,0,0,0,0,0,0,0,0,0
180163,1,1,1991,0,0,0,0,0,0,0,0,0,0
180163,2,1,1991,0,0,0,0,0,0,0,0,0,0
180164,1,1,1991,0,0,0,0,0,0,0,0,0,0
180164,2,1,1991,14,14,14,14,14,14,14,14,14,14
180165,1,1,1991,17,17,17,17,17,17,17,17,17,17
180165,2,1,1991,0,0,0,0,0,0,0,0,0,0
180166,1,1,1991,21,0,13,27,21,26,0,12,26,9
180167,1,1,1991,19,19,19,19,19,19,19,19,19,19
180168,1,1,1991,0,0,0,0,0,0,0,0,0,0
180168,2,1,1991,0,0,0,0,0,0,0,0,0,0
180169,1,1,1991,8,8,8,8,8,8,8,8,8,8
180170,1,1,1991,18,18,18,18,18,18,18,18,18,18
180171,1,1,1991,14,14,14,14,14,14,14,14,14,14
180172,1,1,1991,11,11,11,11,11,11,11,11,11,11
180173,1,1,1991,0,0,0,0,0,0,0,0,0,0
180173,2,1,1991,0,0,0,0,0,0,0,0,0,0
180173,3,1,1991,0,0,0,0,0,0,0,0,0,0
180174,1,1,1991,19,19,19,19,19,19,19,19,19,19
180175,1,1,1991,0,0,0,0,0,0,0,0,0,0
180175,2,1,1991,0,0,0,0,0,0,0,0,0,0
180175,3,1,1991,0,0,0,0,0,10,0,0,0,0
180176,1,1,1991,25,25,25,25,25,25,25,25,25,25
180176,2,1,1991,0,0,0,0,0,0,0,0,0,0
180176,3,1,1991,0,0,0,0,0,0,0,0,0,0
180177,1,1,1991,0,0,0,0,0,0,0,0,0,0
180178,1,1,1991,0,0,0,0,0,0,0,0,0,0
180179,1,1,1991,0,0,0,0,0,0,0,0,0,0
180180,1,1,1991,0,0,0,0,0,0,0,0,0,0
180180,2,1,1991,0,0,0,0,0,0,0,0,0,0
180181,1,1,1991,0,0,0,0,0,0,0,0,0,0
180181,2,1,1991,0,0,0,0,0,0,0,0,0,0
180181,3,1,1991,0,0,0,0,0,0,0,0,0,32
180181,4,1,1991,0,0,0,0,15,0,0,0,0,0
180182,1,1,1991,17,17,17,17,17,17,17,17,17,17
180182,2,1,1991,0,0,0,0,0,0,0,0,0,0
180183,1,1,1991,25,25,25,25,25,25,25,25,25,25
180184,1,1,1991,0,0,0,0,0,0,0,0,0,0
180186,1,1,1991,0,0,0,0,0,0,0,0,0,0
180186,2,1,1991,0,0,0,0,0,0,0,0,0,0
180187,1,1,1991,14,14,14,14,14,14,14,14,14,14
180187,2,1,1991,0,0,0,0,0,0,0,0,0,0
180188,1,1,1991,27,27,27,27,27,27,27,27,27,27
180189,1,1,1991,0,0,0,0,0,0,0,0,0,0
180189,2,1,1991,0,0,0,0,0,0,0,0,0,0
180190,1,1,1991,0,0,0,0,0,0,0,0,0,0
180190,2,1,1991,6,6,6,6,6,6,6,6,6,6
180191,1,1,1991,0,0,0,0,0,0,12,0,14,6
180191,2,1,1991,8,27,17,0,2,0,9,7,0,18
180192,0,1,1991,0,0,0,0,0,0,0,0,0,0
180192,1,1,1991,0,0,0,0,0,0,0,0,0,0
180193,1,1,1991,0,0,0,0,0,0,0,0,0,0
180194,1,1,1991,5,5,5,5,5,5,5,5,5,5
180194,2,1,1991,0,0,0,0,0,0,0,0,0,0
180195,1,1,1991,0,0,0,0,0,0,0,0,0,0
180195,2,1,1991,0,0,0,0,0,0,0,0,0,0
180196,1,1,1991,0,0,0,0,0,0,0,0,0,0
180196,2,1,1991,0,0,0,0,30,0,0,0,0,0
180197,1,1,1991,0,0,0,0,0,0,0,0,0,0
180197,2,1,1991,0,0,0,0,0,0,0,0,0,0
180198,1,1,1991,0,0,0,0,0,0,0,0,0,0
180199,0,1,1991,18,18,18,18,18,18,18,18,18,18
180199,1,1,1991,0,0,0,0,0,0,0,0,0,0
180200,1,1,1991,0,0,0,0,0,0,0,0,0,0
180201,1,1,1991,13,13,13,13,13,13,13,13,13,13
180201,2,1,1991,14,14,14,14,14,14,14,14,14,14
180202,1,1,1991,0,0,0,0,0,0,0,0,0,0
180203,1,1,1991,0,0,0,18,0,0,0,0,0,0
180203,2,1,1991,0,0,0,0,0,0,0,0,0,0
180204,1,1,1991,16,16,16,16,16,16,16,16,16,16
180205,1,1,1991,0,0,0,0,0,0,0,0,0,0
180206,1,1,1991,0,0,0,0,0,0,0,0,0,0
180206,2,1,1991,0,0,0,0,0,0,0,0,0,0
180206,3,1,1991,0,0,0,0,0,0,0,13,0,0
180207,1,1,1991,0,0,0,0,0,0,0,0,0,0
180207,2,1,1991,0,0,0,0,0,0,0,0,0,0
180208,1,1,1991,25,25,25,25,25,25,25,25,25,25
180210,1,1,1991,0,0,0,0,0,0,0,0,0,0
180210,2,1,1991,0,0,0,0,0,0,0,0,0,0
180211,1,1,1991,0,0,0,0,0,0,0,0,0,0
180211,2,1,1991,19,0,0,0,0,0,0,0,0,0
180212,1,1,1991,24,24,24,24,24,24,24,24,24,24
180213,1,1,1991,23,23,23,23,23,23,23,23,23,23
180214,1,1,1991,0,0,0,0,0,0,0,0,0,0
180214,2,1,1991,0,0,0,25,0,0,0,0,0,0
180215,1,1,1991,9,8,11,7,0,19,0,17,13,0
180216,1,1,1991,0,0,0,0,0,0,0,0,0,0
180216,2,1,1991,0,11,0,0,0,0,0,0,0,0
180217,1,1,1991,0,0,13,0,0,0,0,0,0,0
180217,2,1,1991,0,0,0,0,0,0,0,0,0,0
180218,1,1,1991,32,32,32,32,32,32,32,32,32,32
180218,2,1,1991,0,0,0,0,0,0,0,0,0,0
180219,1,1,1991,0,0,0,0,0,0,0,0,0,0
180219,2,1,1991,0,0,0,0,0,0,0,0,0,0
180220,1,1,1991,0,0,0,0,0,0,0,0,0,0
180221,0,1,1991,0,0,0,0,0,0,0,0,0,0
180221,1,1,1991,0,0,0,0,0,0,0,0,0,0
180222,1,1,1991,0,0,0,0,0,0,0,0,0,0
180222,2,1,1991,0,0,0,19,7,0,0,20,14,0
180222,3,1,1991,21,0,0,20,0,0,0,0,0,0
180223,0,1,1991,0,0,0,12,23,0,0,0,0,5
180223,1,1,1991,0,17,0,0,0,0,0,0,0,0
180224,1,1,1991,20,20,20,20,20,20,20,20,20,20
180224,2,1,1991,0,0,0,0,0,0,0,0,0,0
180225,1,1,1991,21,21,21,21,21,21,21,21,21,21
180226,1,1,1991,15,15,15,15,15,15,15,15,15,15
180227,1,1,1991,20,18,22,21,15,29,24,19,37,16
180228,1,1,1991,25,25,25,25,25,25,25,25,25,25
180229,1,1,1991,0,0,0,0,0,0,0,0,0,0
180229,2,1,1991,0,16,0,0,0,0,0,0,0,0
180230,1,1,1991,0,0,0,0,0,0,0,0,0,0
180230,2,1,1991,0,0,0,0,0,0,0,0,0,0
180231,1,1,1991,0,0,0,0,0,0,0,0,0,0
180231,2,1,1991,0,0,0,0,0,0,0,0,0,0
180232,1,1,1991,0,0,0,0,0,0,0,0,0,0
180232,2,1,1991,0,0,0,0,0,0,0,0,0,0
180233,1,1,1991,33,33,33,33,33,33,33,33,33,33
180234,1,1,1991,8,8,8,8,8,8,8,8,8,8
180235,0,1,1991,0,0,0,0,0,0,0,0,0,0
180235,1,1,1991,0,0,0,0,14,0,0,6,0,17
180236,1,1,1991,0,0,0,0,0,0,0,0,0,0
180236,2,1,1991,0,0,26,0,0,0,0,0,0,22
180236,3,1,1991,0,0,0,0,0,0,0,0,0,0
180236,4,1,1991,17,0,0,0,0,0,0,0,0,0
180236,5,1,1991,0,0,0,0,0,0,0,0,0,0
180237,1,1,1991,10,10,10,10,10,10,10,10,10,10
180239,1,1,1991,11,11,11,11,11,11,11,11,11,11
180240,1,1,1991,0,0,22,45,0,0,13,0,0,10
180240,2,1,1991,0,0,0,15,11,7,0,15,0,6
180240,3,1,1991,0,0,0,0,13,7,0,0,0,0
180241,1,1,1991,15,15,15,15,15,15,15,15,15,15
180242,1,1,1991,0,0,0,21,0,0,0,0,0,0
180242,2,1,1991,0,0,0,0,0,0,0,0,10,0
180243,1,1,1991,20,20,20,20,20,20,20,20,20,20
180243,2,1,1991,0,0,0,0,0,0,0,0,0,0
180244,1,1,1991,12,12,12,12,12,12,12,12,12,12
180245,1,1,1991,0,0,0,0,0,0,0,0,0,0
180245,2,1,1991,0,0,0,0,0,0,0,0,0,0
180245,3,1,1991,0,0,0,0,0,0,0,0,6,0
180246,1,1,1991,0,0,0,0,0,0,0,0,0,0
180247,1,1,1991,11,23,0,0,0,0,0,16,0,0
180247,2,1,1991,12,12,12,12,12,12,12,12,12,12
180248,0,1,1991,0,32,34,0,21,24,0,0,16,7
180248,1,1,1991,0,0,0,0,0,0,0,0,0,0
180248,2,1,1991,0,0,0,0,0,0,0,0,0,0
180249,1,1,1991,24,9,28,35,20,7,19,16,20,28
180250,1,1,1991,0,0,0,0,0,0,0,0,0,0
180250,2,1,1991,0,0,0,0,0,0,0,0,0,0
180251,0,1,1991,0,0,0,0,0,0,0,14,0,0
180251,1,1,1991,0,0,0,0,0,0,0,14,0,0
180252,1,1,1991,6,0,13,0,0,16,0,3,0,0
180253,1,1,1991,29,26,0,11,18,13,0,23,0,21