ST_CASE,VEH_NO,PER_NO,YEAR,P1,P2,P3,P4,P5,P6,P7,P8,P9,P10
180843,1,1,1991,32,32,32,32,32,32,32,32,32,32
180844,1,1,1991,0,0,0,0,0,0,0,0,0,0
180844,2,1,1991,13,0,0,0,15,0,0,0,0,0
180845,1,1,1991,0,0,0,0,0,0,0,0,0,0
180845,2,1,1991,23,23,23,23,23,23,23,23,23,23
180846,1,1,1991,38,38,38,38,38,38,38,38,38,38
180847,1,1,1991,0,0,0,0,0,0,0,0,0,0
180848,1,1,1991,0,0,0,0,0,0,0,0,0,0
180848,2,1,1991,11,15,0,0,20,0,0,0,21,0
180849,1,1,1991,0,0,0,0,0,0,0,0,0,0
180849,2,1,1991,0,0,0,0,0,0,0,0,0,0
180849,3,1,1991,5,5,5,5,5,5,5,5,5,5
180849,4,1,1991,0,0,0,0,0,0,0,0,0,0
180850,1,1,1991,0,0,0,0,0,0,0,0,0,0
180850,2,1,1991,0,0,0,0,0,0,0,0,0,0
180851,1,1,1991,0,0,0,0,0,0,0,0,0,0
180851,2,1,1991,0,0,0,0,0,16,5,15,0,0
180852,1,1,1991,0,0,0,0,0,0,0,0,0,0
180852,2,1,1991,0,0,0,0,0,0,0,0,0,0
180853,0,1,1991,0,0,17,0,23,28,13,0,0,0
180853,1,1,1991,0,0,0,0,0,0,0,0,0,0
180854,1,1,1991,0,0,0,0,0,0,0,0,0,0
180854,2,1,1991,0,0,0,0,0,0,0,0,0,0
180855,1,1,1991,0,0,0,0,0,0,0,0,0,0
180855,2,1,1991,0,0,0,0,0,0,0,0,0,0
180856,1,1,1991,0,0,0,0,0,0,0,0,0,0
180857,0,1,1991,0,0,0,0,0,0,0,0,0,0
180857,1,1,1991,0,0,0,0,0,0,0,0,0,0
180858,1,1,1991,0,0,0,0,0,0,0,0,0,0
180859,1,1,1991,10,10,10,10,10,10,10,10,10,10
180860,0,1,1991,0,0,0,18,0,17,0,0,0,0
180860,1,1,1991,0,0,0,0,0,0,0,0,0,0
180861,1,1,1991,0,0,0,0,0,0,0,0,0,0
180861,2,1,1991,0,14,0,0,0,0,0,0,0,0
180862,1,1,1991,16,16,21,0,5,5,36,17,24,19
180863,1,1,1991,27,27,27,27,27,27,27,27,27,27
180863,2,1,1991,4,4,4,4,4,4,4,4,4,4
180864,1,1,1991,0,0,0,0,0,0,0,0,0,0
180865,1,1,1991,0,0,0,0,0,0,0,17,0,0
180865,2,1,1991,0,0,0,0,0,0,0,0,0,0
180866,1,1,1991,16,16,16,16,16,16,16,16,16,16
180866,2,1,1991,0,0,0,0,0,0,0,0,0,0
180867,1,1,1991,7,7,7,7,7,7,7,7,7,7
180868,1,1,1991,34,34,34,34,34,34,34,34,34,34
180868,2,1,1991,0,0,0,0,0,0,38,0,0,0
180869,1,1,1991,0,0,0,0,0,0,0,8,25,0
180869,2,1,1991,0,0,0,9,0,0,0,0,0,0
180870,0,1,1991,0,0,0,0,0,0,0,0,0,0
180870,1,1,1991,0,0,0,0,0,0,0,0,0,0
180871,0,1,1991,0,27,0,0,0,0,14,0,0,0
180871,1,1,1991,0,0,0,0,0,0,0,0,0,0
180872,0,1,1991,11,0,16,0,0,0,0,0,21,0
180872,0,2,1991,0,0,8,0,4,9,0,12,32,23
180872,1,1,1991,18,18,18,18,18,18,18,18,18,18
180873,1,1,1991,0,0,0,0,0,0,0,0,0,0
180874,1,1,1991,0,0,0,0,0,0,0,0,0,0
180874,2,1,1991,0,0,0,0,0,0,0,0,0,0
180875,1,1,1991,16,16,16,16,16,16,16,16,16,16
180876,0,1,1991,12,12,12,12,12,12,12,12,12,12
180876,2,1,1991,0,0,0,0,0,0,0,0,0,0
180876,3,1,1991,0,0,0,0,0,0,0,0,0,0
180877,1,1,1991,27,27,27,27,27,27,27,27,27,27
180878,1,1,1991,0,0,0,0,0,0,0,0,0,0
180879,1,1,1991,19,19,19,19,19,19,19,19,19,19
180880,1,1,1991,0,0,0,0,0,0,0,0,0,0
180881,1,1,1991,0,0,0,0,0,0,4,0,0,0
180881,2,1,1991,0,0,0,0,0,0,0,0,0,0
180882,0,1,1991,0,0,0,0,0,0,0,0,0,0
180882,1,1,1991,0,0,0,0,0,0,0,0,0,0
180883,1,1,1991,0,0,0,0,0,0,0,0,0,0
180884,1,1,1991,0,0,0,0,0,0,0,0,0,0
180884,2,1,1991,0,0,0,0,0,0,0,0,0,0
180885,1,1,1991,0,0,0,0,0,0,0,0,0,0
180886,0,1,1991,16,0,27,28,25,8,20,30,29,4
180886,1,1,1991,0,14,0,0,0,0,0,17,0,0
180887,0,1,1991,6,6,6,6,6,6,6,6,6,6
180887,1,1,1991,0,0,0,0,0,0,0,0,0,0
180888,1,1,1991,24,24,24,24,24,24,24,24,24,24
180888,2,1,1991,0,0,0,0,0,0,0,0,0,0
180889,1,1,1991,13,13,13,13,13,13,13,13,13,13
180890,1,1,1991,19,19,19,19,19,19,19,19,19,19
180891,1,1,1991,18,18,18,18,18,18,18,18,18,18
180892,1,1,1991,0,0,0,0,0,0,0,0,0,0
180893,1,1,1991,19,19,19,19,19,19,19,19,19,19
180894,1,1,1991,0,0,0,0,0,0,0,0,0,0
180895,1,1,1991,0,0,0,0,0,0,0,0,0,0
180895,2,1,1991,0,0,0,0,0,0,0,0,0,0
180896,1,1,1991,12,12,12,12,12,12,12,12,12,12
180897,1,1,1991,0,0,0,0,0,0,0,0,0,0
180897,2,1,1991,0,0,0,0,0,0,0,0,0,0
180898,1,1,1991,12,14,8,0,33,19,20,8,10,9
180899,1,1,1991,32,32,32,32,32,32,32,32,32,32
180900,0,1,1991,11,11,11,11,11,11,11,11,11,11
180900,1,1,1991,0,0,0,0,13,0,6,0,16,5
180901,1,1,1991,27,27,27,27,27,27,27,27,27,27
180902,1,1,1991,0,0,0,0,0,0,0,0,0,0
180902,2,1,1991,0,0,0,0,0,0,0,0,0,0
180903,1,1,1991,0,0,0,0,0,0,0,0,7,0
180904,1,1,1991,0,0,0,0,0,0,0,0,0,0
180905,1,1,1991,23,23,23,23,23,23,23,23,23,23
180906,1,1,1991,26,26,26,26,26,26,26,26,26,26
180907,1,1,1991,24,24,24,24,24,24,24,24,24,24
180907,2,1,1991,0,0,0,0,13,0,0,0,11,0
180908,1,1,1991,37,37,37,37,37,37,37,37,37,37
180909,1,1,1991,31,31,31,31,31,31,31,31,31,31
180910,1,1,1991,0,0,0,0,0,0,0,0,0,0
180910,2,1,1991,19,0,0,0,0,0,0,0,4,0
180910,3,1,1991,0,0,0,0,0,0,0,0,0,0
180911,1,1,1991,0,0,0,0,0,0,0,0,0,0
180912,1,1,1991,15,15,15,15,15,15,15,15,15,15
180913,1,1,1991,11,11,11,11,11,11,11,11,11,11
180914,1,1,1991,0,0,0,0,0,0,0,0,0,0
180915,1,1,1991,0,0,0,0,0,0,0,0,0,0
180916,1,1,1991,28,28,28,28,28,28,28,28,28,28
180917,1,1,1991,31,33,27,19,14,19,11,22,11,21
180918,1,1,1991,0,0,0,0,0,0,0,0,0,0
180918,2,1,1991,0,0,0,0,0,0,0,0,0,0
180919,1,1,1991,0,0,0,0,0,0,0,0,0,0
180920,0,1,1991,13,13,13,13,13,13,13,13,13,13
180920,1,1,1991,0,0,14,0,29,3,16,9,11,0
180921,1,1,1991,2,2,2,2,2,2,2,2,2,2
180921,2,1,1991,0,0,0,0,0,0,0,0,0,0
180922,1,1,1991,5,5,5,5,5,5,5,5,5,5
180923,1,1,1991,0,0,0,0,0,0,0,0,0,0
180923,2,1,1991,9,9,9,9,9,9,9,9,9,9
180924,1,1,1991,0,11,0,0,0,0,6,0,0,10
180925,1,1,1991,0,0,0,0,0,0,0,0,0,0
180925,2,1,1991,0,0,0,0,19,0,0,9,0,0
180925,3,1,1991,0,0,0,0,0,0,0,0,4,0
180926,1,1,1991,30,30,30,30,30,30,30,30,30,30
180927,1,1,1991,0,0,0,0,0,0,0,0,0,0
180927,2,1,1991,0,0,0,0,0,0,0,0,0,0
180928,1,1,1991,0,0,0,0,0,0,0,0,0,0
180928,2,1,1991,0,0,0,0,0,0,0,0,0,0
180929,1,1,1991,0,0,0,0,0,0,0,0,0,0
180930,1,1,1991,0,0,0,0,0,0,0,0,0,0
180931,1,1,1991,37,37,37,37,37,37,37,37,37,37
180931,2,1,1991,0,0,0,0,0,0,0,0,0,0
180932,1,1,1991,12,12,14,7,20,22,24,8,9,25
180933,1,1,1991,0,0,0,0,0,0,0,0,0,0
180933,2,1,1991,0,0,0,0,0,0,0,0,0,0
180934,1,1,1991,0,0,0,0,0,0,0,0,0,0
180934,2,1,1991,0,0,0,0,0,0,0,0,0,0
180935,1,1,1991,0,0,0,0,0,0,0,0,0,0
180935,2,1,1991,0,0,0,0,0,0,0,0,0,0
180936,1,1,1991,30,30,30,30,30,30,30,30,30,30
180938,1,1,1991,25,25,25,25,25,25,25,25,25,25
180939,1,1,1991,0,16,0,0,0,0,3,0,0,0
180940,1,1,1991,28,28,28,28,28,28,28,28,28,28
180941,1,1,1991,0,0,19,0,0,0,0,0,0,0
190001,1,1,1991,15,15,15,15,15,15,15,15,15,15
190002,1,1,1991,12,12,12,12,12,12,12,12,12,12
190003,1,1,1991,7,7,7,7,7,7,7,7,7,7
190003,2,1,1991,0,0,0,0,0,0,0,0,0,0
190004,1,1,1991,9,9,9,9,9,9,9,9,9,9
190005,1,1,1991,0,0,0,0,0,0,0,0,0,0
190005,2,1,1991,0,0,0,0,0,0,0,0,0,0
190006,1,1,1991,0,0,0,0,0,0,0,0,0,0
190006,2,1,1991,0,0,0,0,0,0,0,0,0,0
190007,1,1,1991,0,0,0,0,0,0,0,0,0,0
190007,2,1,1991,0,0,0,0,0,0,0,0,0,0
190008,1,1,1991,0,0,0,0,0,0,0,0,0,0
190008,2,1,1991,19,19,19,19,19,19,19,19,19,19
190009,1,1,1991,0,0,0,0,0,10,0,0,0,0
190009,2,1,1991,18,0,0,0,0,0,0,0,0,0
190010,1,1,1991,22,22,22,22,22,22,22,22,22,22
190010,2,1,1991,27,27,27,27,27,27,27,27,27,27
190011,1,1,1991,0,0,0,0,0,0,0,0,0,0
190012,1,1,1991,0,0,0,0,0,0,0,0,0,0
190012,2,1,1991,0,0,0,0,0,0,0,0,0,0
190013,1,1,1991,0,0,0,0,0,0,0,0,0,0
190013,2,1,1991,0,0,0,0,0,10,0,14,0,0
190014,1,1,1991,0,0,0,0,0,0,0,0,0,0
190015,1,1,1991,0,0,0,0,0,0,0,0,0,0
190015,2,1,1991,0,0,0,0,0,0,0,0,0,0
190016,0,1,1991,0,0,0,0,0,0,0,0,0,0
190016,2,1,1991,0,0,0,0,0,0,0,0,0,0
190017,1,1,1991,0,0,0,0,0,0,0,0,0,0
190018,1,1,1991,0,0,0,0,0,0,14,0,0,0
190018,2,1,1991,0,0,0,0,0,0,0,0,0,0
190019,1,1,1991,0,0,0,0,0,0,0,0,0,0
190020,1,1,1991,28,28,28,28,28,28,28,28,28,28
190020,2,1,1991,0,0,0,0,4,0,0,7,0,0
190021,1,1,1991,0,0,0,0,0,0,0,0,0,0
190021,2,1,1991,0,0,0,0,0,0,0,0,0,0
190022,1,1,1991,0,0,0,0,0,0,0,0,0,0
190023,1,1,1991,24,24,24,24,24,24,24,24,24,24
190024,1,1,1991,0,0,0,0,0,0,0,0,0,0
190024,2,1,1991,0,0,0,0,0,0,0,0,0,0
190025,1,1,1991,0,0,0,0,0,0,0,0,0,0
190025,2,1,1991,0,0,0,0,0,0,0,0,0,0
190026,1,1,1991,0,0,0,0,0,0,0,0,0,0
190026,2,1,1991,0,0,0,0,0,0,0,0,0,0
190027,1,1,1991,0,0,0,0,0,0,0,0,0,0
190028,0,1,1991,0,0,0,0,0,0,0,0,0,0
190028,1,1,1991,0,0,0,0,0,0,0,0,0,0
190029,1,1,1991,21,21,21,21,21,21,21,21,21,21
190029,2,1,1991,0,0,0,0,0,0,0,0,0,0
190030,1,1,1991,10,10,10,10,10,10,10,10,10,10
190030,2,1,1991,0,0,0,0,0,0,0,0,0,0
190031,1,1,1991,13,13,13,13,13,13,13,13,13,13
190032,1,1,1991,28,28,28,28,28,28,28,28,28,28
190033,0,1,1991,0,0,0,0,0,0,0,0,0,0
190033,1,1,1991,0,0,0,0,0,0,0,0,0,0
190034,1,1,1991,40,40,40,40,40,40,40,40,40,40
190035,1,1,1991,21,21,21,21,21,21,21,21,21,21
190036,1,1,1991,0,0,0,0,0,0,0,0,0,0
190036,2,1,1991,0,0,0,0,0,0,0,0,0,0
190037,1,1,1991,0,0,0,0,0,0,0,0,0,0
190038,1,1,1991,0,0,0,0,0,0,0,0,0,0
190038,2,1,1991,0,0,0,0,0,0,0,0,0,0
190039,1,1,1991,5,5,5,5,5,5,5,5,5,5
190039,2,1,1991,0,0,0,0,0,0,0,0,0,0
190040,1,1,1991,0,0,0,0,0,0,0,23,0,23
190040,2,1,1991,0,0,0,0,0,0,0,0,0,0
190041,1,1,1991,0,0,0,0,0,0,0,0,0,0
190041,2,1,1991,0,0,0,0,0,0,0,0,0,0
190042,1,1,1991,28,28,28,28,28,28,28,28,28,28
190043,1,1,1991,26,26,26,26,26,26,26,26,26,26
190044,1,1,1991,0,0,0,0,0,0,0,0,0,0
190044,2,1,1991,0,0,0,0,0,0,0,0,0,0
190045,0,1,1991,17,17,17,17,17,17,17,17,17,17
190045,1,1,1991,0,0,0,0,0,0,0,0,0,0
190046,1,1,1991,30,30,30,30,30,30,30,30,30,30
190047,1,1,1991,23,16,0,9,19,20,22,16,16,0
190048,1,1,1991,0,0,0,0,0,0,0,0,0,0
190048,2,1,1991,0,0,0,0,0,0,0,0,0,0
190049,1,1,1991,24,24,24,24,24,24,24,24,24,24
190050,1,1,1991,17,18,20,22,29,15,0,28,23,24
190051,1,1,1991,0,0,0,0,0,0,0,0,0,0
190052,1,1,1991,20,20,20,20,20,20,20,20,20,20
190053,1,1,1991,10,10,10,10,10,10,10,10,10,10
190053,2,1,1991,0,3,0,0,0,0,0,0,0,0
190054,1,1,1991,0,0,0,0,0,0,0,0,0,0
190055,1,1,1991,17,17,17,17,17,17,17,17,17,17
190056,1,1,1991,0,0,0,0,0,0,0,0,0,0
190057,1,1,1991,0,0,0,0,0,15,0,0,0,0
190057,2,1,1991,0,0,0,0,0,0,0,0,0,0
190058,1,1,1991,0,0,0,0,0,0,0,0,0,0
190058,2,1,1991,0,0,0,0,0,0,0,0,0,0
190059,0,1,1991,0,0,0,10,0,0,0,0,12,0
190059,1,1,1991,0,0,0,0,0,0,0,0,0,0
190060,1,1,1991,28,28,28,28,28,28,28,28,28,28
190060,2,1,1991,8,0,5,0,0,0,8,0,0,0
190060,3,1,1991,0,0,0,0,0,0,0,0,0,0
190061,1,1,1991,3,3,3,3,3,3,3,3,3,3
190062,1,1,1991,0,0,0,0,0,0,0,0,0,0
190062,2,1,1991,0,0,0,0,0,0,0,0,0,0
190063,1,1,1991,19,4,17,14,0,0,0,0,0,0
190063,2,1,1991,0,0,0,0,0,0,0,0,0,0
190063,3,1,1991,0,0,0,0,0,0,11,0,0,0
190064,1,1,1991,0,0,0,0,0,0,0,0,0,0
190065,1,1,1991,0,0,0,0,0,0,0,0,0,0
190065,2,1,1991,0,0,0,0,0,0,0,0,0,0
190066,1,1,1991,0,0,0,0,0,0,0,0,0,0
190067,1,1,1991,0,0,0,0,0,0,0,0,0,0
190068,1,1,1991,19,19,19,19,19,19,19,19,19,19
190069,1,1,1991,0,0,16,0,0,0,0,0,0,0
190069,2,1,1991,0,0,0,0,0,0,0,0,0,0
190070,1,1,1991,33,17,32,25,14,22,20,37,20,21
190071,1,1,1991,23,23,23,23,23,23,23,23,23,23
190072,1,1,1991,39,39,39,39,39,39,39,39,39,39
190072,2,1,1991,0,0,0,0,0,0,0,0,0,0
190073,1,1,1991,0,0,0,21,0,0,0,0,0,6
190074,1,1,1991,0,0,0,0,0,0,13,0,0,0
190074,2,1,1991,16,16,16,16,16,16,16,16,16,16
190075,0,1,1991,22,0,0,11,0,0,0,0,0,0
190075,1,1,1991,0,0,0,0,0,0,0,0,0,0
190075,2,1,1991,0,0,0,0,0,0,0,0,0,0
190076,1,1,1991,0,0,0,0,0,0,0,0,0,0
190076,2,1,1991,0,0,0,0,0,0,0,0,0,0
190077,1,1,1991,1,1,1,1,1,1,1,1,1,1
190078,1,1,1991,27,27,27,27,27,27,27,27,27,27
190079,1,1,1991,10,10,10,10,10,10,10,10,10,10
190080,1,1,1991,0,21,8,13,0,0,0,12,0,0
190081,1,1,1991,0,0,0,0,10,0,0,0,0,0
190081,2,1,1991,0,0,0,0,0,0,0,0,0,0
190082,1,1,1991,0,0,0,0,0,0,0,0,0,0
190083,1,1,1991,0,0,0,0,0,0,0,0,0,0
190083,2,1,1991,0,0,0,0,0,0,0,0,0,0
190084,1,1,1991,18,18,18,18,18,18,18,18,18,18
190085,1,1,1991,0,0,0,0,0,0,0,0,0,0
190085,2,1,1991,0,0,23,0,0,0,0,0,0,0
190086,1,1,1991,0,0,0,0,0,0,0,0,0,0
190087,0,1,1991,0,0,0,22,31,12,13,0,12,0
190087,2,1,1991,0,0,0,0,0,0,0,0,0,0
190087,3,1,1991,0,4,0,0,0,0,0,0,12,0
190088,1,1,1991,0,0,0,0,0,0,0,0,0,0
190089,1,1,1991,0,0,0,0,0,0,0,0,0,0
190089,2,1,1991,0,0,0,0,0,0,0,0,0,0
190090,1,1,1991,32,32,32,32,32,32,32,32,32,32
190090,2,1,1991,0,0,0,0,0,0,0,0,0,0
190091,0,1,1991,31,31,31,31,31,31,31,31,31,31
190091,1,1,1991,0,0,17,15,0,18,13,22,0,24
190092,1,1,1991,0,0,0,0,0,0,0,0,0,0
190093,1,1,1991,3,3,3,3,3,3,3,3,3,3
190094,1,1,1991,0,0,0,0,0,0,0,0,0,0
190094,2,1,1991,0,0,0,0,0,0,0,0,0,0
190094,3,1,1991,21,0,0,0,0,0,0,0,0,0
190095,1,1,1991,0,0,0,0,0,0,0,0,0,0
190095,2,1,1991,0,0,0,0,0,0,0,0,0,0
190096,1,1,1991,11,11,11,11,11,11,11,11,11,11
190097,1,1,1991,0,0,0,0,0,0,0,0,0,0
190098,1,1,1991,0,0,0,0,0,0,10,0,0,0
190099,1,1,1991,0,0,0,0,0,0,0,0,0,0
190100,1,1,1991,0,0,0,0,0,0,0,0,0,0
190101,1,1,1991,0,0,0,0,0,0,0,0,0,0
190101,2,1,1991,18,18,18,18,18,18,18,18,18,18
190102,1,1,1991,0,0,0,0,0,0,0,0,0,0
190102,2,1,1991,0,0,0,0,0,0,0,0,16,0
190103,0,1,1991,0,0,0,0,0,0,0,0,0,0
190103,1,1,1991,0,0,0,0,0,0,0,0,0,0
190104,1,1,1991,6,0,0,0,26,0,6,16,16,0
190105,1,1,1991,0,0,0,0,0,0,0,0,0,0
190106,1,1,1991,7,7,7,7,7,7,7,7,7,7
190106,2,1,1991,0,0,0,0,0,0,0,0,0,8
190107,1,1,1991,0,0,0,0,0,0,0,0,0,0
190107,2,1,1991,0,0,0,0,0,0,0,0,0,0
190108,0,1,1991,0,0,0,0,0,0,0,0,0,0
190108,1,1,1991,0,0,0,0,0,0,0,0,0,0
190109,0,1,1991,32,32,32,32,32,32,32,32,32,32
190109,1,1,1991,9,23,0,28,0,22,5,0,13,24
190110,0,1,1991,0,34,0,0,0,0,0,0,0,0
190110,1,1,1991,0,0,0,0,0,0,7,0,0,0
190111,1,1,1991,0,0,0,0,0,0,0,0,0,0
190112,1,1,1991,0,0,0,0,0,0,0,0,0,0
190112,2,1,1991,0,0,0,0,0,0,0,0,0,0
190113,1,1,1991,0,0,0,0,0,0,0,0,0,0
190113,2,1,1991,0,0,0,0,0,0,0,0,0,0
190114,1,1,1991,0,0,0,0,0,0,0,0,0,0
190114,2,1,1991,0,0,0,0,0,0,0,0,0,0
190115,1,1,1991,14,14,14,14,14,14,14,14,14,14
190115,2,1,1991,0,0,0,0,0,0,0,0,0,0
190115,3,1,1991,0,0,0,14,0,0,0,12,0,0
190115,4,1,1991,0,0,0,17,0,0,0,0,0,0
190115,5,1,1991,0,9,0,0,0,0,0,0,0,0
190116,1,1,1991,0,0,0,0,0,0,0,0,14,7
190117,1,1,1991,0,0,0,0,19,0,0,0,0,0
190118,1,1,1991,0,0,0,0,0,0,0,0,0,0
190118,2,1,1991,0,0,0,0,0,0,0,0,0,0
190119,1,1,1991,0,0,0,0,0,0,0,0,0,0
190119,2,1,1991,0,0,0,0,0,0,0,0,0,0
190120,0,1,1991,0,0,0,12,0,0,0,0,0,0
190120,1,1,1991,0,0,0,0,0,0,0,0,15,9
190121,1,1,1991,0,0,0,0,0,0,0,0,0,0
190121,2,1,1991,0,0,0,0,0,0,0,0,0,0
190121,3,1,1991,0,0,0,0,0,0,0,0,0,0
190122,1,1,1991,0,11,9,0,0,0,0,0,0,0
190122,2,1,1991,0,0,0,0,0,0,17,0,0,0
190123,1,1,1991,24,24,24,24,24,24,24,24,24,24
190124,1,1,1991,22,22,22,22,22,22,22,22,22,22
190125,1,1,1991,18,18,18,18,18,18,18,18,18,18
190126,1,1,1991,0,0,0,0,0,0,0,0,0,0
190126,2,1,1991,0,0,0,0,0,0,0,0,0,0
190127,1,1,1991,0,0,13,0,0,0,0,0,0,0
190127,2,1,1991,0,0,0,0,0,0,0,0,0,0
190128,1,1,1991,0,0,0,0,0,0,0,0,0,0
190128,2,1,1991,0,0,0,0,0,0,0,0,0,0
190129,1,1,1991,0,0,0,0,0,0,0,0,0,0
190129,2,1,1991,0,0,0,0,0,0,0,0,0,0
190131,1,1,1991,11,11,11,11,11,11,11,11,11,11
190132,1,1,1991,4,8,15,16,10,23,21,0,0,20
190133,1,1,1991,19,19,19,19,19,19,19,19,19,19
190134,1,1,1991,0,0,0,0,0,0,0,0,0,0
190135,1,1,1991,0,0,0,0,0,0,0,0,0,0
190135,2,1,1991,0,0,0,0,0,0,0,0,0,0
190136,1,1,1991,0,0,0,0,0,0,0,0,0,0
190136,2,1,1991,0,0,0,0,0,0,0,0,0,0
190137,1,1,1991,0,0,0,0,0,0,0,0,0,0
190137,2,1,1991,0,0,0,0,0,0,0,0,0,0
190138,1,1,1991,0,0,0,30,0,0,0,0,0,0
190139,0,1,1991,0,0,0,0,0,0,0,0,0,0
190139,1,1,1991,0,0,0,0,0,0,0,0,0,0
190140,1,1,1991,20,20,20,20,20,20,20,20,20,20
190141,1,1,1991,1,1,1,1,1,1,1,1,1,1
190141,2,1,1991,0,0,0,0,0,0,0,0,0,0
190142,1,1,1991,18,18,18,18,18,18,18,18,18,18
190142,2,1,1991,0,0,0,0,0,0,0,0,0,0
190143,1,1,1991,0,0,0,0,0,0,0,0,0,0
190143,2,1,1991,0,0,0,0,0,0,0,0,0,0
190143,3,1,1991,0,0,0,0,0,0,0,0,0,0
190144,0,1,1991,0,0,0,0,0,0,0,0,0,12
190144,1,1,1991,0,0,0,0,0,0,0,0,0,0
190145,1,1,1991,0,0,0,0,0,0,0,0,0,0
190145,2,1,1991,0,0,0,0,0,0,0,0,0,0
190146,1,1,1991,8,8,8,8,8,8,8,8,8,8
190146,2,1,1991,0,0,0,0,0,0,0,0,0,0
190147,1,1,1991,3,3,3,3,3,3,3,3,3,3
190148,1,1,1991,23,23,23,23,23,23,23,23,23,23
190149,1,1,1991,21,21,21,21,21,21,21,21,21,21
190150,1,1,1991,0,0,26,0,0,0,0,0,11,0
190151,1,1,1991,0,0,0,0,0,0,0,0,0,0
190151,2,1,1991,0,0,0,0,0,0,0,0,0,0
190152,1,1,1991,0,0,0,0,0,0,0,0,0,0
190152,2,1,1991,0,0,0,0,0,0,0,0,0,0
190153,1,1,1991,0,0,0,0,0,0,0,0,0,0
190153,2,1,1991,0,0,0,0,0,0,0,8,0,0
190154,1,1,1991,0,0,0,0,0,0,0,0,0,0
190154,2,1,1991,0,0,0,0,0,0,0,0,0,0
190155,1,1,1991,0,0,0,0,0,0,0,0,0,0
190155,2,1,1991,0,0,0,0,0,0,0,0,0,0
190156,1,1,1991,20,20,20,20,20,20,20,20,20,20
190157,1,1,1991,21,21,21,21,21,21,21,21,21,21
190157,2,1,1991,0,0,0,0,0,0,0,0,0,0
190158,1,1,1991,14,14,14,14,14,14,14,14,14,14
190159,1,1,1991,20,20,20,20,20,20,20,20,20,20
190160,1,1,1991,0,0,0,0,0,0,0,0,0,0
190161,1,1,1991,0,0,0,0,0,0,0,0,0,0
190162,1,1,1991,15,15,15,15,15,15,15,15,15,15
190162,2,1,1991,0,0,0,0,0,0,0,6,0,0
190163,1,1,1991,11,11,11,11,11,11,11,11,11,11
190163,2,1,1991,0,7,0,8,0,0,0,0,31,13
190164,1,1,1991,0,0,0,0,0,0,0,0,0,0
190164,2,1,1991,0,0,0,0,0,0,0,0,0,0
190165,1,1,1991,3,3,3,3,3,3,3,3,3,3
190165,2,1,1991,0,0,0,0,0,12,0,0,0,0
190166,1,1,1991,0,0,0,0,0,0,0,0,0,0
190167,1,1,1991,11,11,11,11,11,11,11,11,11,11
190168,1,1,1991,0,0,0,0,0,0,0,0,0,0
190169,1,1,1991,0,0,0,0,0,0,0,0,0,0
190169,2,1,1991,16,16,16,16,16,16,16,16,16,16
190170,1,1,1991,0,0,0,0,0,0,0,0,0,0
190171,1,1,1991,0,0,0,0,0,0,0,0,0,0
190172,1,1,1991,7,7,7,7,7,7,7,7,7,7
190173,1,1,1991,0,0,0,0,0,0,0,0,0,0
190173,2,1,1991,0,0,0,0,0,0,0,0,0,0
190174,1,1,1991,0,0,0,0,0,0,0,0,0,0
190175,1,1,1991,26,26,0,16,17,0,19,0,0,17
190175,2,1,1991,12,0,0,0,0,0,0,0,0,31
190176,1,1,1991,0,0,0,0,0,0,0,13,0,0
190176,2,1,1991,0,0,0,0,0,0,0,0,0,0
190177,1,1,1991,0,0,0,0,0,0,0,0,0,0
190178,1,1,1991,0,0,0,0,0,0,0,0,0,0
190178,2,1,1991,0,0,0,0,0,0,0,0,0,0
190179,1,1,1991,20,20,20,20,20,20,20,20,20,20
190179,2,1,1991,0,0,0,0,0,0,0,0,0,27
190180,0,1,1991,25,0,32,33,31,25,21,24,16,0
190180,1,1,1991,0,21,11,0,0,0,0,16,0,11
190181,1,1,1991,0,0,5,0,0,0,0,0,26,0
190182,1,1,1991,0,12,0,0,0,0,0,0,0,0
190182,2,1,1991,0,0,0,0,0,0,0,0,0,0
190183,1,1,1991,7,7,7,7,7,7,7,7,7,7
190183,2,1,1991,0,0,0,0,0,0,0,0,0,0
190184,1,1,1991,5,5,5,5,5,5,5,5,5,5
190184,2,1,1991,0,0,0,0,0,0,0,0,0,0
190185,1,1,1991,24,24,24,24,24,24,24,24,24,24
190186,1,1,1991,37,37,37,37,37,37,37,37,37,37
190186,2,1,1991,0,0,0,0,0,0,14,0,0,0
190187,1,1,1991,0,18,0,0,0,6,0,0,0,0
190188,0,1,1991,0,0,0,0,0,0,0,0,0,0
190188,1,1,1991,0,0,0,0,0,0,0,0,0,0
190188,2,1,1991,0,0,0,0,0,0,0,0,0,0
190189,1,1,1991,13,13,13,13,13,13,13,13,13,13
190189,2,1,1991,6,6,6,6,6,6,6,6,6,6
190190,1,1,1991,19,19,19,19,19,19,19,19,19,19
190191,1,1,1991,0,0,0,0,0,0,0,0,0,0
190191,2,1,1991,0,0,0,0,0,0,0,0,0,0
190192,1,1,1991,22,22,22,22,22,22,22,22,22,22
190193,1,1,1991,1,1,1,1,1,1,1,1,1,1
190194,1,1,1991,36,35,15,0,0,19,24,14,26,14
190195,1,1,1991,0,4,0,0,0,0,0,0,0,0
190195,2,1,1991,0,0,0,0,0,0,0,0,0,0
190195,3,1,1991,0,0,0,0,0,0,0,0,0,0
190196,1,1,1991,12,12,12,12,12,12,12,12,12,12
190197,1,1,1991,0,0,0,0,0,0,0,0,0,0