ST_CASE,VEH_NO,PER_NO,YEAR,P1,P2,P3,P4,P5,P6,P7,P8,P9,P10
190198,1,1,1991,11,11,11,11,11,11,11,11,11,11
190199,1,1,1991,0,0,0,0,0,0,0,0,0,0
190200,1,1,1991,15,15,15,15,15,15,15,15,15,15
190201,1,1,1991,0,0,0,0,0,0,0,0,0,0
190201,2,1,1991,26,25,0,0,9,0,0,0,0,0
190202,0,1,1991,0,0,0,0,0,0,0,0,0,0
190202,1,1,1991,0,0,0,0,0,0,0,0,0,0
190203,1,1,1991,0,0,0,0,0,0,0,0,0,0
190203,2,1,1991,0,0,0,0,0,0,0,0,0,0
190204,1,1,1991,22,22,22,22,22,22,22,22,22,22
190205,1,1,1991,9,9,9,9,9,9,9,9,9,9
190206,1,1,1991,0,0,0,0,0,0,0,0,0,0
190206,2,1,1991,0,0,0,0,0,0,0,0,0,0
190207,0,1,1991,0,0,0,0,0,0,0,0,0,0
190207,1,1,1991,25,25,25,25,25,25,25,25,25,25
190208,1,1,1991,19,19,19,19,19,19,19,19,19,19
190209,1,1,1991,0,0,0,0,0,0,0,0,0,0
190209,2,1,1991,0,0,0,0,0,0,0,0,0,0
190210,1,1,1991,0,0,0,0,0,0,0,0,0,0
190210,2,1,1991,0,0,0,0,0,0,0,0,0,0
190211,1,1,1991,0,0,0,0,0,0,0,0,0,0
190212,1,1,1991,19,19,19,19,19,19,19,19,19,19
190213,1,1,1991,0,0,0,0,0,0,0,0,0,0
190214,1,1,1991,0,0,0,0,0,0,0,0,0,0
190214,2,1,1991,0,0,0,0,0,0,0,0,0,0
190215,1,1,1991,0,0,0,0,0,0,0,0,8,0
190215,2,1,1991,0,0,0,0,0,0,0,0,0,0
190216,1,1,1991,16,0,0,0,0,0,0,0,0,0
190217,1,1,1991,14,14,14,14,14,14,14,14,14,14
190217,2,1,1991,0,0,0,0,0,0,0,0,0,0
190218,1,1,1991,20,20,20,20,20,20,20,20,20,20
190218,2,1,1991,27,27,27,27,27,27,27,27,27,27
190219,1,1,1991,20,20,20,20,20,20,20,20,20,20
190219,2,1,1991,0,7,0,0,0,0,0,0,0,0
190220,0,1,1991,21,0,10,27,18,0,8,0,0,0
190220,1,1,1991,0,0,0,0,13,8,0,0,0,0
190221,1,1,1991,20,20,20,20,20,20,20,20,20,20
190222,1,1,1991,33,33,33,33,33,33,33,33,33,33
190223,1,1,1991,0,0,0,0,0,0,0,0,0,0
190223,2,1,1991,0,0,0,0,0,0,0,0,0,0
190223,3,1,1991,0,0,0,0,0,0,0,0,0,0
190224,1,1,1991,2,2,2,2,2,2,2,2,2,2
190225,0,1,1991,18,18,18,18,18,18,18,18,18,18
190225,1,1,1991,0,10,31,36,10,0,22,0,6,4
190226,1,1,1991,0,0,0,0,0,0,0,0,0,0
190226,2,1,1991,0,0,0,0,0,0,0,0,0,0
190227,1,1,1991,0,17,0,0,0,0,0,17,16,0
190228,1,1,1991,0,0,0,0,0,0,0,0,0,0
190229,1,1,1991,12,12,12,12,12,12,12,12,12,12
190230,1,1,1991,0,13,19,13,29,12,12,15,8,21
190231,1,1,1991,33,33,33,33,33,33,33,33,33,33
190232,1,1,1991,19,8,23,22,14,0,9,6,15,5
190233,1,1,1991,0,0,0,0,0,0,0,0,0,6
190233,2,1,1991,0,0,0,0,0,0,0,0,0,0
190234,0,1,1991,18,18,18,18,18,18,18,18,18,18
190234,1,1,1991,0,0,0,0,0,0,0,6,0,0
190235,1,1,1991,3,3,3,3,3,3,3,3,3,3
190236,1,1,1991,0,0,0,0,0,0,0,0,0,0
190237,1,1,1991,21,21,21,21,21,21,21,21,21,21
190238,1,1,1991,0,0,0,0,0,15,0,0,0,0
190238,2,1,1991,0,0,0,0,0,0,14,13,0,0
190239,1,1,1991,15,15,15,15,15,15,15,15,15,15
190239,2,1,1991,0,0,0,0,0,0,0,0,0,0
190240,1,1,1991,0,0,0,0,0,0,0,0,0,0
190241,1,1,1991,0,0,0,0,0,0,0,0,0,0
190241,2,1,1991,0,0,0,0,0,0,0,0,0,0
190242,1,1,1991,8,8,8,8,8,8,8,8,8,8
190243,1,1,1991,22,22,22,22,22,22,22,22,22,22
190244,1,1,1991,0,0,0,0,0,0,0,0,0,0
190244,2,1,1991,0,0,0,0,0,0,0,0,0,0
190245,1,1,1991,0,0,0,0,0,0,0,0,0,0
190245,2,1,1991,0,0,0,0,0,0,0,0,0,0
190246,1,1,1991,15,15,15,15,15,15,15,15,15,15
190247,1,1,1991,7,7,7,7,7,7,7,7,7,7
190248,1,1,1991,0,0,0,0,0,0,0,0,0,0
190249,1,1,1991,0,0,0,0,0,0,0,0,0,0
190249,2,1,1991,0,0,0,0,0,0,0,0,0,0
190249,3,1,1991,0,0,0,0,0,0,0,0,0,0
190249,4,1,1991,0,0,0,0,0,0,0,0,0,0
190250,0,1,1991,0,0,0,0,0,0,0,0,0,0
190250,1,1,1991,0,0,0,11,0,0,0,0,0,15
190251,1,1,1991,0,0,0,0,0,0,0,0,0,0
190251,2,1,1991,0,0,0,0,0,0,0,0,0,0
190252,1,1,1991,0,0,0,0,0,0,0,0,6,0
190252,2,1,1991,17,17,17,17,17,17,17,17,17,17
190253,1,1,1991,0,0,0,0,0,0,0,0,0,0
190253,2,1,1991,0,0,0,0,0,0,0,0,0,0
190254,1,1,1991,0,0,0,0,0,0,0,0,0,0
190255,1,1,1991,0,0,0,0,0,0,0,0,0,0
190255,2,1,1991,5,5,5,5,5,5,5,5,5,5
190256,1,1,1991,14,0,0,0,16,0,22,4,0,0
190257,1,1,1991,17,17,17,17,17,17,17,17,17,17
190257,2,1,1991,12,12,12,12,12,12,12,12,12,12
190258,1,1,1991,25,25,25,25,25,25,25,25,25,25
190259,1,1,1991,0,0,0,0,0,0,0,0,0,0
190259,2,1,1991,0,0,0,0,0,0,0,0,0,0
190259,3,1,1991,0,0,0,0,0,0,0,0,0,0
190260,1,1,1991,0,0,0,0,0,0,0,0,0,0
190261,0,1,1991,0,0,0,8,0,0,0,0,0,0
190261,1,1,1991,8,8,8,8,8,8,8,8,8,8
190262,1,1,1991,16,16,16,16,16,16,16,16,16,16
190263,1,1,1991,9,11,0,15,0,0,6,9,12,4
190264,1,1,1991,16,16,16,16,16,16,16,16,16,16
190265,1,1,1991,9,9,9,9,9,9,9,9,9,9
190265,2,1,1991,12,12,12,12,12,12,12,12,12,12
190265,3,1,1991,13,0,0,0,0,0,17,0,0,14
190266,1,1,1991,0,0,0,0,0,0,0,0,0,0
190266,2,1,1991,0,0,0,0,0,0,0,0,0,0
190267,1,1,1991,6,6,6,6,6,6,6,6,6,6
190268,1,1,1991,0,0,0,0,0,0,0,0,0,0
190269,1,1,1991,0,0,0,0,0,0,0,0,0,0
190269,2,1,1991,0,0,0,0,0,0,0,0,0,0
190270,1,1,1991,15,15,15,15,15,15,15,15,15,15
190271,1,1,1991,0,0,0,0,0,0,0,0,0,0
190271,2,1,1991,15,0,0,0,0,0,0,0,0,0
190272,1,1,1991,2,2,2,2,2,2,2,2,2,2
190273,1,1,1991,0,0,0,0,0,0,0,0,0,0
190273,2,1,1991,1,1,1,1,1,1,1,1,1,1
190274,1,1,1991,0,0,0,0,0,0,0,0,0,0
190275,0,1,1991,2,0,0,25,0,0,0,45,0,12
190275,0,2,1991,0,0,0,0,0,0,0,0,0,0
190275,0,3,1991,0,0,15,0,0,0,0,0,12,0
190275,1,1,1991,0,0,0,0,0,0,0,0,0,0
190276,1,1,1991,18,18,18,18,18,18,18,18,18,18
190277,1,1,1991,0,0,14,9,4,10,0,0,19,0
190278,1,1,1991,1,1,1,1,1,1,1,1,1,1
190278,2,1,1991,23,23,23,23,23,23,23,23,23,23
190279,0,1,1991,0,0,0,19,0,0,0,5,0,0
190279,1,1,1991,0,0,0,0,0,0,0,0,0,0
190280,1,1,1991,0,0,0,0,0,0,0,0,0,0
190280,2,1,1991,0,0,0,0,0,0,0,0,0,0
190281,0,1,1991,7,7,7,7,7,7,7,7,7,7
190281,1,1,1991,0,0,0,0,0,0,0,0,0,0
190282,1,1,1991,0,18,0,13,0,0,0,9,17,0
190283,0,1,1991,0,0,0,0,0,0,0,0,0,0
190283,1,1,1991,26,26,26,26,26,26,26,26,26,26
190284,1,1,1991,10,10,10,10,10,10,10,10,10,10
190285,1,1,1991,0,0,0,0,0,0,0,0,0,0
190286,1,1,1991,0,25,14,15,21,35,20,0,0,25
190287,1,1,1991,0,0,0,0,0,0,0,0,0,0
190287,2,1,1991,0,0,0,0,0,0,0,0,0,0
190288,1,1,1991,13,13,20,17,12,27,0,0,0,17
190288,2,1,1991,7,7,7,7,7,7,7,7,7,7
190289,0,1,1991,0,0,0,0,0,0,0,0,0,0
190289,1,1,1991,0,0,0,0,0,0,0,0,0,0
190290,1,1,1991,12,12,12,12,12,12,12,12,12,12
190291,1,1,1991,0,0,0,0,0,0,0,0,0,0
190291,2,1,1991,0,0,0,0,0,0,0,0,0,0
190292,1,1,1991,0,0,0,0,26,0,0,0,10,0
190292,2,1,1991,0,0,0,0,0,0,0,0,0,0
190293,0,1,1991,0,0,0,0,0,0,0,0,0,0
190293,1,1,1991,0,0,0,0,0,0,0,0,0,0
190294,1,2,1991,0,0,32,0,0,0,0,0,25,0
190295,0,1,1991,18,31,0,0,0,7,0,0,17,8
190295,1,1,1991,0,0,0,0,0,0,0,0,0,0
190296,1,1,1991,0,0,0,0,0,0,0,0,0,0
190296,2,1,1991,0,0,0,0,0,0,0,0,0,0
190297,0,1,1991,0,0,28,0,3,0,0,0,34,0
190297,1,1,1991,0,0,0,0,0,0,0,0,0,0
190298,1,1,1991,16,16,16,16,16,16,16,16,16,16
190299,1,1,1991,0,0,0,0,0,0,0,0,0,0
190299,2,1,1991,0,0,0,3,0,0,0,0,0,0
190300,1,1,1991,0,0,0,0,0,0,0,0,0,0
190300,2,1,1991,0,0,0,0,0,0,0,0,0,0
190300,3,1,1991,0,0,0,0,0,0,0,0,0,0
190300,4,1,1991,0,0,0,0,15,0,0,0,0,0
190301,1,1,1991,0,0,0,0,0,0,0,0,0,0
190301,2,1,1991,6,6,6,6,6,6,6,6,6,6
190302,1,1,1991,0,0,0,0,0,0,0,0,0,0
190302,2,1,1991,0,0,0,0,0,0,0,0,0,0
190303,1,1,1991,20,20,20,20,20,20,20,20,20,20
190304,1,1,1991,0,0,0,0,0,0,0,0,0,0
190305,0,1,1991,0,0,0,0,0,0,0,0,0,0
190305,1,1,1991,0,0,0,0,0,0,0,0,0,0
190306,0,1,1991,0,0,0,0,12,0,0,0,0,0
190306,0,2,1991,0,0,0,0,0,0,0,0,0,0
190306,0,3,1991,0,0,0,0,0,0,0,0,0,0
190306,0,4,1991,0,0,0,0,0,0,0,0,0,0
190306,1,1,1991,0,0,0,0,0,0,0,0,0,0
190307,0,1,1991,0,0,0,0,0,0,0,0,0,0
190307,1,1,1991,0,0,0,0,0,0,0,0,0,0
190308,1,1,1991,0,0,0,0,0,0,0,0,0,0
190308,2,1,1991,0,0,0,0,0,0,0,0,0,0
190309,1,1,1991,0,0,0,0,0,0,0,0,0,0
190310,1,1,1991,0,0,0,0,0,0,0,0,0,0
190310,2,1,1991,0,0,0,0,0,0,0,0,0,0
190311,1,1,1991,0,0,0,0,0,0,0,0,0,0
190311,2,1,1991,0,0,0,0,0,0,0,0,0,0
190312,1,1,1991,16,16,16,16,16,16,16,16,16,16
190313,1,1,1991,12,12,12,12,12,12,12,12,12,12
190314,1,1,1991,0,0,0,0,0,0,0,0,0,0
190315,1,1,1991,10,10,10,10,10,10,10,10,10,10
190316,1,1,1991,0,0,0,0,0,0,0,0,0,0
190317,1,1,1991,0,0,0,0,0,0,0,0,0,0
190318,1,1,1991,15,0,0,0,0,0,0,0,0,0
190318,2,1,1991,0,0,0,0,0,0,0,0,0,0
190319,1,1,1991,11,11,11,11,11,11,11,11,11,11
190320,1,1,1991,0,0,0,0,4,0,0,0,0,0
190321,1,1,1991,0,0,0,0,0,0,0,0,0,0
190321,2,1,1991,0,0,0,0,0,0,0,0,0,0
190322,1,1,1991,0,0,0,0,0,0,0,0,0,0
190322,2,1,1991,0,0,0,0,0,0,0,0,0,0
190323,0,1,1991,0,0,0,0,0,0,0,0,0,0
190323,1,1,1991,0,0,0,0,0,0,0,0,0,0
190324,1,1,1991,0,0,0,0,0,0,0,0,0,0
190325,1,1,1991,0,0,0,0,0,0,0,0,0,0
190325,2,1,1991,0,0,0,0,0,0,0,0,0,0
190326,1,1,1991,0,0,0,0,0,0,0,0,0,0
190326,2,1,1991,0,0,0,0,0,0,0,0,0,0
190327,1,1,1991,0,0,0,0,0,0,0,0,0,0
190327,2,1,1991,0,0,0,0,0,0,0,0,0,0
190328,1,1,1991,0,0,0,0,0,0,0,0,0,0
190328,2,1,1991,0,0,0,0,0,0,0,0,0,0
190328,3,1,1991,0,0,0,0,0,0,0,0,0,0
190329,1,1,1991,17,17,17,17,17,17,17,17,17,17
190330,0,1,1991,0,0,0,0,0,0,0,0,0,0
190330,1,1,1991,0,0,0,0,0,0,0,0,0,0
190331,1,1,1991,27,27,27,27,27,27,27,27,27,27
190332,1,1,1991,0,19,15,0,12,0,9,0,0,0
190332,2,1,1991,0,0,0,0,0,0,0,0,0,0
190333,1,1,1991,0,0,0,0,0,0,0,0,0,0
190334,1,1,1991,20,0,0,0,0,0,0,0,0,0
190335,1,1,1991,0,0,0,0,0,0,0,0,0,0
190336,1,1,1991,27,27,27,27,27,27,27,27,27,27
190336,2,1,1991,0,0,0,0,0,0,0,0,0,0
190337,0,1,1991,0,0,0,0,0,0,0,0,0,0
190337,1,1,1991,0,0,0,0,0,0,0,0,0,0
190338,0,1,1991,0,0,0,0,0,13,0,0,0,0
190338,1,1,1991,0,0,0,0,0,0,0,0,0,0
190339,1,1,1991,21,21,21,21,21,21,21,21,21,21
190340,1,1,1991,7,7,7,7,7,7,7,7,7,7
190340,2,1,1991,0,0,0,0,0,0,0,12,0,0
190341,1,1,1991,0,0,0,0,0,0,0,0,0,0
190341,2,1,1991,0,0,0,0,0,0,0,0,0,0
190342,1,1,1991,0,0,0,0,0,0,0,0,0,0
190342,2,1,1991,0,0,0,0,0,0,0,0,0,0
190343,1,1,1991,0,0,0,0,0,0,0,0,0,0
190343,2,1,1991,0,0,0,0,0,0,0,0,0,0
190344,1,1,1991,0,0,0,0,0,0,0,0,0,0
190344,2,1,1991,10,10,10,10,10,10,10,10,10,10
190345,1,1,1991,0,0,0,0,0,0,0,0,0,0
190345,2,1,1991,0,0,0,0,0,0,0,0,0,0
190346,1,1,1991,0,0,0,0,0,0,0,0,0,0
190347,1,1,1991,0,0,0,0,0,0,0,0,0,0
190348,1,1,1991,2,2,2,2,2,2,2,2,2,2
190349,1,1,1991,0,0,0,0,0,0,0,0,0,0
190349,2,1,1991,0,0,0,0,0,0,0,0,0,9
190349,3,1,1991,0,0,0,0,0,10,0,0,0,0
190350,1,1,1991,0,0,0,0,0,0,0,0,0,0
190350,2,1,1991,0,0,0,12,25,0,20,0,0,0
190350,3,1,1991,0,0,0,0,0,0,0,0,0,0
190351,1,1,1991,0,0,0,0,0,0,0,0,0,0
190351,2,1,1991,7,0,18,0,0,0,0,0,0,0
190352,1,1,1991,31,31,31,31,31,31,31,31,31,31
190352,2,1,1991,0,0,0,0,0,0,0,0,0,0
190352,3,1,1991,0,0,0,0,0,0,0,0,0,0
190353,1,1,1991,0,0,0,0,0,0,0,0,0,0
190353,2,1,1991,0,0,0,0,0,0,21,14,0,0
190354,1,1,1991,0,0,0,0,0,0,0,0,19,0
190354,2,1,1991,13,13,13,13,13,13,13,13,13,13
190355,1,1,1991,0,0,0,0,0,0,0,0,0,0
190355,2,1,1991,12,0,0,0,0,0,0,0,0,9
190356,1,1,1991,11,11,11,11,11,11,11,11,11,11
190356,2,1,1991,0,0,0,0,0,0,0,0,0,0
190356,3,1,1991,0,0,0,0,0,0,0,0,0,0
190357,1,1,1991,0,0,0,0,0,0,0,0,0,0
190357,2,1,1991,0,0,0,0,0,0,0,0,0,0
190358,0,1,1991,0,0,0,0,0,0,0,0,0,0
190358,1,1,1991,0,0,0,0,0,0,0,0,0,0
190359,1,1,1991,0,0,0,0,16,0,0,0,0,0
190360,1,1,1991,0,0,0,0,0,0,0,0,0,0
190361,1,1,1991,0,0,0,0,0,0,0,0,0,0
190362,1,1,1991,0,0,0,0,0,0,0,0,0,0
190362,2,1,1991,0,0,0,0,0,0,0,0,0,0
190363,1,1,1991,22,22,22,22,22,22,22,22,22,22
190364,1,1,1991,24,24,24,24,24,24,24,24,24,24
190364,2,1,1991,0,0,0,0,0,0,0,0,0,0
190365,1,1,1991,21,21,21,21,21,21,21,21,21,21
190366,1,1,1991,29,29,29,29,29,29,29,29,29,29
190367,1,1,1991,23,23,23,23,23,23,23,23,23,23
190368,1,1,1991,0,0,0,0,0,0,0,0,0,0
190368,2,1,1991,0,0,0,0,0,0,0,0,0,0
190369,1,1,1991,0,0,0,0,0,0,0,0,0,0
190369,2,1,1991,0,0,0,0,0,0,0,0,0,0
190370,1,1,1991,0,0,0,0,0,0,0,0,0,0
190370,2,1,1991,0,0,0,0,0,0,0,0,0,0
190371,1,1,1991,0,0,0,0,0,0,0,0,0,0
190371,2,1,1991,0,0,0,0,0,0,0,15,0,0
190372,1,1,1991,0,0,0,0,0,0,0,0,0,0
190372,2,1,1991,0,0,0,0,0,0,0,0,0,0
190373,1,1,1991,7,7,7,7,7,7,7,7,7,7
190374,1,1,1991,10,10,10,10,10,10,10,10,10,10
190375,1,1,1991,0,0,0,0,0,0,0,0,0,0
190375,2,1,1991,16,16,16,16,16,16,16,16,16,16
190376,0,1,1991,0,0,0,0,0,0,0,0,0,0
190376,1,1,1991,0,0,0,0,0,0,0,0,0,0
190377,1,1,1991,27,27,27,27,27,27,27,27,27,27
190378,1,1,1991,0,0,0,0,0,0,0,0,0,0
190379,1,1,1991,5,5,5,5,5,5,5,5,5,5
190380,1,1,1991,0,0,0,0,0,0,0,0,0,0
190380,2,1,1991,0,0,0,0,0,0,0,0,0,0
190381,1,1,1991,0,0,0,0,0,0,0,0,0,0
190381,2,1,1991,0,0,0,0,0,0,0,0,0,0
190382,1,1,1991,0,0,0,0,0,0,0,0,0,0
190382,2,1,1991,0,0,0,0,0,0,0,0,0,0
190383,1,1,1991,0,0,0,0,0,0,0,0,0,0
190383,2,1,1991,0,0,0,0,0,0,0,0,0,0
190384,1,1,1991,0,0,0,0,0,0,0,0,0,0
190384,2,1,1991,0,0,0,0,0,0,0,0,0,0
190385,1,1,1991,0,0,0,0,0,0,0,0,0,0
190385,2,1,1991,0,0,0,0,0,0,0,0,0,0
190386,1,1,1991,20,20,20,20,20,20,20,20,20,20
190387,1,1,1991,0,0,0,0,0,0,0,0,0,0
190387,2,1,1991,0,0,0,0,0,0,0,0,0,0
190388,1,1,1991,0,0,0,0,0,0,0,0,0,0
190388,2,1,1991,0,0,0,0,0,0,0,0,0,0
190389,1,1,1991,0,0,0,0,0,0,0,0,0,0
190389,2,1,1991,0,0,0,0,0,0,0,0,0,0
190390,1,1,1991,34,34,34,34,34,34,34,34,34,34
190391,1,1,1991,0,0,0,0,0,0,0,0,0,0
190391,2,1,1991,0,0,0,0,0,0,0,0,0,0
190392,1,1,1991,0,0,0,0,0,0,0,0,0,0
190392,2,1,1991,0,0,0,0,0,0,0,0,0,0
190393,1,1,1991,0,0,0,0,0,0,0,0,0,0
190393,2,1,1991,0,0,0,0,0,0,0,0,0,0
190394,1,1,1991,25,25,25,25,25,25,25,25,25,25
190395,1,1,1991,25,25,25,25,25,25,25,25,25,25
190396,1,1,1991,14,0,0,16,0,0,29,20,0,0
190396,2,1,1991,0,0,0,0,0,0,0,0,0,0
190397,1,1,1991,0,0,0,0,0,0,0,0,0,0
190398,1,1,1991,32,32,32,32,32,32,32,32,32,32
190398,2,1,1991,0,0,0,0,0,0,0,0,0,0
190399,1,1,1991,24,0,0,0,0,0,21,0,0,0
190400,1,1,1991,0,0,0,0,0,0,0,0,0,0
190400,2,1,1991,0,0,0,0,0,0,0,0,0,0
190400,3,1,1991,0,0,0,0,0,0,0,0,0,0
190401,1,1,1991,0,0,0,0,0,0,0,0,0,0
190401,2,1,1991,0,0,0,0,0,0,0,0,0,0
190401,3,1,1991,0,0,0,0,0,0,0,0,0,0
190402,1,1,1991,0,0,0,0,0,0,0,0,0,0
190403,1,1,1991,0,0,0,0,0,0,0,0,0,0
190403,2,1,1991,0,0,0,0,0,0,0,0,0,0
190404,1,1,1991,0,0,0,0,0,0,0,0,0,0
190405,1,1,1991,0,0,0,0,0,0,0,0,0,0
190405,2,1,1991,0,0,0,0,0,0,0,0,0,0
190406,1,1,1991,0,0,0,0,0,0,0,0,0,0
190406,2,1,1991,0,0,0,0,0,0,0,0,0,0
190408,0,1,1991,0,0,0,0,0,28,38,33,0,15
190408,1,1,1991,0,0,0,0,0,0,0,0,0,0
190409,1,1,1991,0,0,0,0,0,0,0,0,0,0
190409,2,1,1991,8,8,8,8,8,8,8,8,8,8
190410,1,1,1991,0,0,0,0,0,0,0,0,0,0
190410,2,1,1991,0,0,0,0,0,0,0,0,0,0
190411,1,1,1991,15,15,15,15,15,15,15,15,15,15
190412,1,1,1991,0,0,0,0,0,0,0,0,0,0
190412,2,1,1991,0,0,0,0,0,0,0,12,0,0
190413,1,1,1991,0,0,0,0,0,0,0,0,0,0
190413,2,1,1991,0,0,0,0,0,0,0,0,0,0
190414,1,1,1991,0,0,0,0,0,0,0,0,0,0
190414,2,1,1991,0,0,0,0,0,0,0,0,0,0
190415,1,1,1991,0,0,0,0,0,0,0,0,0,0
190415,2,1,1991,0,0,0,0,0,0,16,0,0,0
190415,3,1,1991,0,0,0,0,0,0,0,0,0,0
190416,1,1,1991,3,3,3,3,3,3,3,3,3,3
190417,1,1,1991,0,0,0,0,0,0,0,0,0,0
190417,2,1,1991,0,0,0,0,0,0,0,0,0,0
190418,1,1,1991,0,0,0,0,0,0,0,0,0,0
190418,2,1,1991,0,0,0,0,0,0,0,0,0,0
190419,1,1,1991,18,18,18,18,18,18,18,18,18,18
190420,1,1,1991,15,15,15,15,15,15,15,15,15,15
190420,2,1,1991,0,0,0,0,0,0,0,0,0,0
190421,1,1,1991,0,0,0,0,0,0,0,0,0,0
190421,2,1,1991,0,0,0,0,0,0,0,0,0,0
190422,1,1,1991,11,20,0,0,0,0,28,0,0,11
190423,1,1,1991,0,0,0,0,0,0,0,0,0,0
190423,2,1,1991,0,0,0,0,0,0,0,0,0,0
190423,3,1,1991,0,0,0,0,0,0,0,0,0,0
190423,4,1,1991,0,0,0,0,0,0,0,0,0,0
190423,5,1,1991,0,0,0,0,0,0,0,0,0,0
190424,1,1,1991,0,0,0,0,0,0,0,0,0,0
190424,2,1,1991,0,0,0,0,0,0,0,0,0,0
190425,0,1,1991,0,0,19,0,0,0,0,37,26,0
190425,1,1,1991,7,4,0,0,13,0,0,0,0,0
200001,1,1,1991,0,17,0,0,8,0,0,0,0,0
200001,2,1,1991,0,0,0,0,0,0,0,0,0,0
200002,1,1,1991,0,0,0,0,0,0,0,0,0,0
200002,2,1,1991,0,0,0,0,0,0,0,0,0,0
200003,1,1,1991,26,26,26,26,26,26,26,26,26,26
200004,1,1,1991,0,0,0,0,0,0,0,0,0,0
200004,2,1,1991,0,0,0,0,0,0,0,0,0,0
200005,1,1,1991,33,0,0,0,0,0,0,0,0,0
200005,2,1,1991,13,0,0,11,0,14,0,27,0,0
200005,3,1,1991,0,0,0,0,0,0,0,0,0,0
200006,1,1,1991,0,0,0,0,0,0,0,0,0,0
200007,1,1,1991,0,0,7,0,0,20,0,0,14,0
200008,1,1,1991,0,0,35,0,14,0,23,0,0,0
200008,2,1,1991,6,6,6,6,6,6,6,6,6,6
200009,1,1,1991,0,0,0,0,0,0,0,0,0,0
200010,1,1,1991,0,0,0,0,0,0,0,0,0,0
200010,2,1,1991,0,0,0,0,0,0,0,0,0,0
200012,1,1,1991,18,18,18,18,18,18,18,18,18,18
200013,1,1,1991,16,16,16,16,16,16,16,16,16,16
200013,2,1,1991,0,0,0,0,0,0,0,0,0,0
200014,1,1,1991,0,0,10,0,0,0,0,0,0,0
200015,1,1,1991,25,25,25,25,25,25,25,25,25,25
200016,1,1,1991,24,24,24,24,24,24,24,24,24,24
200017,1,1,1991,0,0,0,0,0,0,0,0,0,0
200018,1,1,1991,0,0,0,0,0,0,0,0,0,0
200020,1,1,1991,14,14,14,14,14,14,14,14,14,14
200021,1,1,1991,0,0,0,0,0,0,0,0,0,0
200023,1,1,1991,0,0,0,0,0,0,0,0,0,0
200023,2,1,1991,0,0,0,0,0,0,0,0,0,0
200024,1,1,1991,0,0,0,0,0,0,0,0,0,0
200024,2,1,1991,15,15,15,15,15,15,15,15,15,15
200025,1,1,1991,0,0,0,0,0,0,0,0,0,0
200026,1,1,1991,16,16,16,16,16,16,16,16,16,16
200027,1,1,1991,0,0,0,0,0,0,0,0,0,0
200028,1,1,1991,24,19,17,22,19,23,20,24,15,17
200029,1,1,1991,0,0,0,0,0,0,29,0,28,0
200030,1,1,1991,18,24,21,28,24,13,11,29,16,33
200031,0,1,1991,25,0,0,0,15,0,21,0,0,0
200031,0,2,1991,0,28,31,15,14,16,32,13,27,25
200031,1,1,1991,0,0,0,0,0,20,0,0,0,0
200031,2,1,1991,0,0,0,0,0,0,0,0,0,0
200032,1,1,1991,2,2,2,2,2,2,2,2,2,2
200033,1,1,1991,8,25,25,18,0,0,16,8,5,2
200033,2,1,1991,0,0,0,0,0,0,0,0,6,0
200034,1,1,1991,19,20,31,16,0,23,0,0,17,9
200035,1,1,1991,0,14,0,0,0,0,0,0,0,0
200035,2,1,1991,0,0,0,0,0,0,0,0,0,0
200036,0,1,1991,26,35,23,24,13,11,11,17,22,20
200036,1,1,1991,12,9,0,6,16,10,0,8,5,15
200037,1,1,1991,0,0,0,0,0,0,0,0,0,0
200037,2,1,1991,0,0,0,0,0,0,0,0,0,0
200037,3,1,1991,0,0,0,0,0,0,0,0,0,0
200038,1,1,1991,14,14,14,14,14,14,14,14,14,14
200038,2,1,1991,0,0,0,0,0,0,0,0,0,0
200039,1,1,1991,0,0,0,0,0,0,0,0,0,0
200040,1,1,1991,0,0,0,0,0,0,0,0,0,13
200040,2,1,1991,0,0,0,0,0,0,0,0,0,20
200041,1,1,1991,25,25,25,25,25,25,25,25,25,25
200042,1,1,1991,14,15,13,8,19,17,10,18,19,0
200044,1,1,1991,14,11,8,15,10,7,6,21,9,5
200045,1,1,1991,0,0,0,0,0,0,0,0,0,0
200045,2,1,1991,0,0,0,0,0,0,0,0,0,0
200047,1,1,1991,0,0,0,0,0,0,0,0,0,0
200048,1,1,1991,26,26,26,26,26,26,26,26,26,26
200048,2,1,1991,0,0,0,0,0,0,0,0,0,0
200049,1,1,1991,17,17,17,17,17,17,17,17,17,17
200050,1,1,1991,19,19,19,19,19,19,19,19,19,19
200051,1,1,1991,0,0,0,0,0,0,0,0,0,0
200051,2,1,1991,0,0,0,0,0,0,0,0,0,0
200052,1,1,1991,5,5,5,5,5,5,5,5,5,5
200052,2,1,1991,0,0,0,0,0,0,0,0,0,0
200053,1,1,1991,0,0,0,0,0,0,0,0,0,0
200053,2,1,1991,0,0,0,0,0,0,0,0,0,0
200054,1,1,1991,0,0,0,0,0,0,0,0,0,0
200054,2,1,1991,0,0,0,0,0,0,0,0,0,0
200055,1,1,1991,0,12,15,0,5,4,13,0,21,14
200056,1,1,1991,0,0,0,0,0,0,0,0,0,0
200056,2,1,1991,0,0,0,0,0,0,0,0,0,0
200058,1,1,1991,0,0,0,0,0,0,0,0,0,0
200058,2,1,1991,38,38,38,38,38,38,38,38,38,38
200059,1,1,1991,0,0,0,0,0,0,0,0,0,0
200059,2,1,1991,0,17,0,11,0,0,0,15,31,8
200060,1,1,1991,23,23,23,23,23,23,23,23,23,23
200061,1,1,1991,24,24,24,24,24,24,24,24,24,24
200062,1,1,1991,0,0,0,0,0,0,0,0,0,0