ST_CASE,VEH_NO,PER_NO,YEAR,P1,P2,P3,P4,P5,P6,P7,P8,P9,P10
220178,1,1,1991,19,19,19,19,19,19,19,19,19,19
220179,1,1,1991,9,9,9,9,9,9,9,9,9,9
220179,2,1,1991,19,24,0,25,22,8,28,0,21,0
220180,1,1,1991,16,16,16,16,16,16,16,16,16,16
220181,1,1,1991,0,0,25,10,0,11,0,20,0,0
220181,2,1,1991,0,0,0,0,0,0,0,0,0,0
220182,1,1,1991,21,0,19,21,21,26,16,10,0,15
220183,1,1,1991,15,15,15,15,15,15,15,15,15,15
220184,1,1,1991,0,0,0,18,0,0,0,0,0,0
220184,2,1,1991,0,0,0,0,0,0,0,0,0,0
220185,0,1,1991,0,0,0,20,0,0,29,0,0,0
220185,0,2,1991,0,0,0,37,0,22,14,27,14,35
220185,1,1,1991,0,14,30,0,8,0,15,0,0,12
220186,1,1,1991,22,18,26,15,27,19,20,11,37,0
220187,1,1,1991,25,0,18,18,18,22,20,25,0,19
220188,1,1,1991,0,0,0,0,0,0,0,0,0,0
220188,2,1,1991,0,0,0,0,0,0,0,0,0,0
220189,0,1,1991,13,0,0,12,0,0,0,0,0,0
220189,1,1,1991,0,0,0,0,0,0,0,0,0,0
220190,1,1,1991,0,0,0,0,0,0,0,0,0,0
220190,2,1,1991,0,0,0,0,0,0,0,0,0,0
220191,0,1,1991,4,7,20,0,18,0,30,0,29,20
220191,1,1,1991,0,0,0,0,0,0,0,0,0,16
220191,2,1,1991,0,0,0,0,0,0,0,0,0,0
220192,0,1,1991,0,0,0,0,0,0,0,0,0,0
220192,1,1,1991,0,0,0,0,0,0,0,0,0,0
220193,1,1,1991,21,21,21,21,21,21,21,21,21,21
220194,0,1,1991,17,17,17,17,17,17,17,17,17,17
220194,1,1,1991,0,0,16,0,0,0,0,0,0,0
220195,1,1,1991,22,22,22,22,22,22,22,22,22,22
220196,1,1,1991,9,0,18,17,0,0,0,0,0,0
220196,2,1,1991,0,13,0,0,0,0,21,23,0,0
220197,1,1,1991,0,0,0,0,0,0,0,0,0,0
220197,2,1,1991,0,0,0,0,0,0,0,0,0,0
220198,1,1,1991,0,0,0,0,0,0,0,15,0,0
220199,1,1,1991,0,0,0,5,0,0,0,0,21,0
220199,2,1,1991,0,0,0,0,0,2,0,0,0,0
220200,1,1,1991,0,0,0,0,0,0,0,0,0,0
220201,1,1,1991,0,0,0,0,0,0,0,0,0,14
220201,2,1,1991,0,5,0,0,0,0,15,8,0,0
220202,1,1,1991,4,21,21,13,40,8,19,27,30,0
220203,0,1,1991,21,21,21,21,21,21,21,21,21,21
220203,1,1,1991,0,0,0,0,0,0,0,0,0,0
220204,1,1,1991,0,0,13,0,0,6,11,8,0,0
220204,2,1,1991,12,0,6,0,9,7,0,0,0,0
220205,1,1,1991,0,0,0,0,0,0,0,0,0,0
220205,2,1,1991,0,0,0,0,0,0,0,0,0,0
220208,1,1,1991,0,0,0,0,0,0,0,0,0,0
220208,2,1,1991,0,0,0,0,0,0,0,0,7,0
220208,3,1,1991,0,0,0,0,0,0,0,17,9,0
220209,0,1,1991,0,0,0,0,0,0,0,0,0,0
220209,1,1,1991,0,0,0,0,0,0,0,0,0,0
220210,1,1,1991,15,15,15,15,15,15,15,15,15,15
220211,1,1,1991,13,13,13,13,13,13,13,13,13,13
220212,1,1,1991,0,0,0,0,0,0,0,0,0,0
220213,1,1,1991,21,21,21,21,21,21,21,21,21,21
220214,1,1,1991,3,3,3,3,3,3,3,3,3,3
220214,2,1,1991,0,0,0,0,20,0,0,0,0,0
220215,1,1,1991,0,17,14,16,21,15,10,22,0,0
220216,0,1,1991,32,28,18,7,12,11,39,38,34,13
220216,1,1,1991,0,0,0,0,0,0,0,0,0,0
220217,1,1,1991,0,19,0,0,0,0,0,0,0,0
220218,0,1,1991,17,0,22,0,36,37,13,5,25,24
220218,1,1,1991,7,7,7,7,7,7,7,7,7,7
220218,2,1,1991,0,0,0,0,0,0,0,0,0,0
220219,0,1,1991,0,0,0,0,0,0,0,0,0,0
220220,1,1,1991,0,0,0,0,0,0,0,0,0,0
220220,2,1,1991,18,0,0,18,0,0,0,0,0,20
220220,3,1,1991,19,14,0,0,0,21,12,0,0,0
220221,0,1,1991,18,18,18,18,18,18,18,18,18,18
220221,1,1,1991,0,25,0,26,13,0,0,0,13,27
220222,1,1,1991,0,0,19,24,0,14,0,0,0,0
220223,1,1,1991,20,20,20,20,20,20,20,20,20,20
220224,1,1,1991,0,0,0,0,0,0,0,0,0,0
220224,2,1,1991,0,0,0,8,0,0,0,0,0,0
220224,3,1,1991,0,0,0,0,0,0,0,0,0,0
220225,0,1,1991,14,14,14,14,14,14,14,14,14,14
220225,1,1,1991,0,0,0,0,0,0,0,30,0,0
220226,1,1,1991,20,20,20,20,20,20,20,20,20,20
220227,1,1,1991,31,15,12,12,19,27,21,16,13,23
220228,1,1,1991,0,0,0,0,0,0,0,0,0,0
220229,0,1,1991,0,0,0,0,0,0,0,0,0,0
220229,1,1,1991,0,0,0,0,0,0,0,0,0,0
220230,1,1,1991,12,12,12,12,12,12,12,12,12,12
220230,2,1,1991,0,0,0,0,0,0,0,0,0,0
220231,1,1,1991,2,2,2,2,2,2,2,2,2,2
220231,2,1,1991,0,0,0,0,0,0,0,0,0,0
220232,0,1,1991,0,0,0,0,0,0,0,0,0,0
220232,0,2,1991,0,3,0,0,28,0,0,0,0,6
220232,0,3,1991,0,0,0,0,13,0,0,0,13,30
220232,0,4,1991,0,0,0,0,0,29,0,0,0,0
220232,1,1,1991,0,0,0,9,10,0,0,0,0,0
220233,0,1,1991,0,0,0,0,0,0,0,0,0,0
220233,1,1,1991,25,25,25,25,25,25,25,25,25,25
220234,1,1,1991,20,20,20,20,20,20,20,20,20,20
220235,0,1,1991,4,4,4,4,4,4,4,4,4,4
220235,1,1,1991,0,0,0,0,0,0,0,0,0,0
220236,0,1,1991,0,0,0,0,0,0,0,0,0,0
220236,1,1,1991,0,0,0,0,0,0,0,0,0,0
220237,0,1,1991,14,17,0,9,17,0,0,0,0,15
220237,1,1,1991,0,0,0,0,0,0,0,0,0,0
220238,1,1,1991,29,0,8,0,13,13,29,14,0,0
220239,1,1,1991,2,2,2,2,2,2,2,2,2,2
220240,1,1,1991,0,0,0,0,0,0,0,0,0,0
220240,2,1,1991,0,0,0,0,0,0,0,0,0,0
220241,0,1,1991,0,0,0,0,0,0,0,0,0,0
220241,1,1,1991,0,0,0,0,0,0,0,0,0,0
220243,1,1,1991,0,0,5,3,9,0,0,0,4,0
220243,2,1,1991,0,0,0,0,0,0,0,0,0,0
220244,1,1,1991,24,24,24,24,24,24,24,24,24,24
220244,2,1,1991,0,0,0,0,0,0,0,0,0,0
220245,0,1,1991,25,25,25,25,25,25,25,25,25,25
220245,1,1,1991,18,24,35,0,15,7,0,15,8,5
220246,1,1,1991,0,0,0,0,0,0,0,0,0,0
220246,2,1,1991,0,11,3,0,14,20,27,12,9,24
220247,1,1,1991,7,7,7,7,7,7,7,7,7,7
220247,2,1,1991,9,9,9,9,9,9,9,9,9,9
220248,1,1,1991,0,0,0,0,0,0,0,0,0,0
220248,2,1,1991,10,10,10,10,10,10,10,10,10,10
220249,1,1,1991,0,0,0,0,0,22,0,0,21,0
220250,1,1,1991,6,6,6,6,6,6,6,6,6,6
220250,2,1,1991,0,0,0,0,16,0,0,0,0,0
220251,1,1,1991,0,0,0,13,0,0,0,44,0,15
220252,1,1,1991,12,2,14,8,20,8,20,8,16,18
220252,2,1,1991,8,3,12,4,12,5,12,17,18,5
220253,1,1,1991,30,0,9,32,0,9,12,0,0,19
220253,2,1,1991,9,11,9,11,15,2,8,3,3,21
220253,3,1,1991,0,0,25,0,7,0,0,0,0,0
220254,1,1,1991,3,3,3,3,3,3,3,3,3,3
220255,1,1,1991,7,7,7,7,7,7,7,7,7,7
220256,1,1,1991,0,0,0,0,0,0,0,0,0,0
220256,2,1,1991,0,0,0,0,25,0,0,18,0,0
220257,0,1,1991,0,0,0,0,0,0,0,0,0,0
220257,0,2,1991,22,0,20,30,8,23,22,20,31,32
220257,1,1,1991,0,0,0,0,0,0,0,0,0,0
220258,1,1,1991,22,22,22,22,22,22,22,22,22,22
220259,1,1,1991,22,22,22,22,22,22,22,22,22,22
220260,1,1,1991,0,0,0,0,0,0,0,0,0,0
220260,2,1,1991,22,22,22,22,22,22,22,22,22,22
220261,1,1,1991,0,0,0,0,0,0,0,0,0,0
220261,2,1,1991,0,0,0,0,0,0,0,0,0,0
220262,1,1,1991,0,0,0,7,0,0,0,0,0,0
220263,1,1,1991,0,0,24,0,0,4,0,0,0,9
220263,2,1,1991,0,0,0,0,0,0,0,0,0,0
220264,0,1,1991,33,33,33,33,33,33,33,33,33,33
220264,1,1,1991,0,0,0,0,0,0,0,0,0,0
220265,1,1,1991,0,0,0,0,0,0,0,0,0,0
220265,2,1,1991,0,0,0,0,0,0,0,0,0,0
220266,1,1,1991,32,32,32,32,32,32,32,32,32,32
220267,1,1,1991,7,7,7,7,7,7,7,7,7,7
220267,2,1,1991,11,11,11,11,11,11,11,11,11,11
220268,1,1,1991,0,0,0,0,0,0,0,0,0,0
220268,2,1,1991,0,0,0,0,0,0,0,0,0,0
220269,1,1,1991,0,0,0,0,0,0,0,0,0,0
220270,1,1,1991,0,0,0,0,0,0,0,0,0,0
220270,2,1,1991,0,0,0,0,0,0,0,0,0,0
220271,1,1,1991,12,12,12,12,12,12,12,12,12,12
220271,2,1,1991,0,0,0,0,0,0,0,0,0,0
220272,1,1,1991,0,23,0,21,0,17,10,15,0,8
220273,1,1,1991,20,20,20,20,20,20,20,20,20,20
220274,1,1,1991,11,11,11,11,11,11,11,11,11,11
220275,1,1,1991,0,0,0,4,0,0,0,0,0,0
220275,2,1,1991,0,0,0,0,0,0,0,0,0,0
220276,0,1,1991,17,17,17,17,17,17,17,17,17,17
220276,1,1,1991,16,16,16,16,16,16,16,16,16,16
220277,0,1,1991,0,0,13,16,14,0,44,0,0,0
220277,1,1,1991,0,17,16,0,31,15,0,0,0,0
220278,1,1,1991,11,15,19,9,21,24,10,0,0,0
220279,1,1,1991,15,20,16,30,30,23,24,29,9,14
220280,0,1,1991,18,0,25,25,13,24,9,24,24,11
220280,1,1,1991,0,0,0,6,9,21,14,25,0,26
220281,1,1,1991,0,0,0,0,0,0,0,0,0,0
220282,1,1,1991,0,0,0,0,0,0,0,0,0,0
220282,2,1,1991,0,0,0,0,0,0,0,0,0,0
220283,1,1,1991,15,15,15,15,15,15,15,15,15,15
220283,2,1,1991,0,0,0,0,0,0,0,0,0,0
220284,1,1,1991,12,0,13,8,10,0,19,8,0,0
220285,1,1,1991,13,13,13,13,13,13,13,13,13,13
220285,2,1,1991,17,0,0,19,0,0,0,0,0,0
220286,1,1,1991,11,23,15,13,28,28,0,0,0,0
220288,1,1,1991,0,0,0,0,0,0,0,0,0,0
220289,1,1,1991,0,0,0,0,0,0,0,0,0,0
220289,2,1,1991,33,30,0,0,0,15,0,0,0,0
220290,1,1,1991,23,23,23,23,23,23,23,23,23,23
220291,1,1,1991,13,13,14,33,0,40,16,14,20,6
220291,2,1,1991,7,0,0,29,0,0,19,0,0,0
220292,1,1,1991,18,18,18,18,18,18,18,18,18,18
220292,2,1,1991,0,0,0,0,0,0,0,0,0,0
220293,1,1,1991,14,3,0,20,37,13,11,29,12,10
220294,1,1,1991,0,0,0,9,14,16,0,0,0,0
220295,1,1,1991,10,10,10,10,10,10,10,10,10,10
220295,2,1,1991,1,1,1,1,1,1,1,1,1,1
220296,1,1,1991,0,0,0,0,0,0,0,0,0,0
220298,1,1,1991,0,0,0,0,23,28,0,0,0,0
220298,2,1,1991,0,0,0,0,0,0,0,0,0,0
220300,1,1,1991,0,0,0,0,0,0,17,0,0,0
220300,2,1,1991,0,0,0,0,0,0,0,0,0,0
220301,1,1,1991,31,31,31,31,31,31,31,31,31,31
220303,1,1,1991,0,11,8,0,0,0,7,0,0,0
220303,2,1,1991,0,0,0,0,0,0,0,0,0,0
220304,1,1,1991,20,20,20,20,20,20,20,20,20,20
220305,0,1,1991,0,0,0,0,0,0,0,0,0,0
220305,1,1,1991,0,0,0,0,0,0,0,0,0,0
220306,1,1,1991,21,21,21,21,21,21,21,21,21,21
220307,0,1,1991,16,11,25,20,4,0,0,17,12,0
220307,1,1,1991,0,0,0,0,0,0,0,0,0,0
220308,1,1,1991,0,0,0,0,0,0,0,0,0,0
220308,2,1,1991,0,0,0,0,0,0,0,0,0,0
220309,1,1,1991,0,0,0,12,0,0,0,0,0,0
220309,2,1,1991,0,0,0,5,0,0,0,0,0,0
220311,1,1,1991,20,20,20,20,20,20,20,20,20,20
220312,1,1,1991,12,12,12,12,12,12,12,12,12,12
220314,0,1,1991,9,9,9,9,9,9,9,9,9,9
220314,1,1,1991,19,19,19,19,19,19,19,19,19,19
220315,1,1,1991,23,23,23,23,23,23,23,23,23,23
220316,1,1,1991,14,14,14,14,14,14,14,14,14,14
220317,0,1,1991,33,0,26,7,21,40,4,0,24,15
220317,1,1,1991,5,9,0,6,14,5,2,17,10,0
220318,1,1,1991,11,16,27,21,22,6,11,13,16,20
220319,1,1,1991,16,16,16,16,16,16,16,16,16,16
220320,0,1,1991,0,16,24,42,36,0,0,0,18,0
220320,1,1,1991,5,5,5,5,5,5,5,5,5,5
220321,1,1,1991,0,0,0,0,0,0,0,0,0,0
220321,2,1,1991,0,0,0,0,0,0,0,0,0,0
220322,1,1,1991,15,0,0,0,0,0,0,0,0,0
220323,1,1,1991,0,0,0,0,0,0,0,0,0,0
220324,1,1,1991,9,9,9,9,9,9,9,9,9,9
220325,1,1,1991,0,0,0,0,0,0,0,0,0,0
220325,2,1,1991,15,20,0,20,24,18,15,0,0,12
220326,0,1,1991,0,0,0,23,0,0,0,0,0,0
220326,1,1,1991,7,7,7,7,7,7,7,7,7,7
220327,0,1,1991,17,7,26,20,15,0,16,15,12,13
220327,1,1,1991,16,16,16,16,16,16,16,16,16,16
220328,1,1,1991,7,0,0,0,0,0,0,17,0,10
220329,1,1,1991,0,0,0,0,0,0,0,0,0,0
220330,0,1,1991,22,15,18,26,22,28,24,15,12,29
220330,1,1,1991,6,6,6,6,6,6,6,6,6,6
220331,1,1,1991,6,6,6,6,6,6,6,6,6,6
220331,2,1,1991,0,0,0,0,0,0,0,0,0,0
220332,1,1,1991,16,19,8,5,19,16,9,0,33,12
220332,2,1,1991,0,0,0,0,0,0,0,18,13,0
220333,1,1,1991,0,0,0,0,0,0,0,0,0,0
220333,2,1,1991,0,0,0,0,0,0,0,0,0,0
220334,1,1,1991,0,0,0,0,0,0,0,0,0,0
220334,2,1,1991,0,0,0,0,0,0,0,0,0,0
220334,3,1,1991,0,0,0,0,0,0,0,14,15,0
220334,4,1,1991,0,0,0,0,0,0,0,0,0,0
220335,0,1,1991,0,0,0,0,0,0,0,0,0,0
220335,1,1,1991,11,11,11,11,11,11,11,11,11,11
220336,1,1,1991,0,0,0,0,0,0,0,0,0,0
220336,2,1,1991,0,0,0,0,0,0,17,0,0,0
220337,1,1,1991,0,0,0,0,0,0,0,0,8,0
220337,2,1,1991,0,0,3,0,0,0,0,0,9,0
220338,1,1,1991,0,0,0,7,0,27,0,0,0,0
220339,1,1,1991,0,0,0,0,0,8,0,0,0,0
220339,2,1,1991,0,0,0,0,0,0,0,0,0,0
220340,1,1,1991,0,0,0,0,0,14,0,0,0,0
220340,2,1,1991,26,0,0,0,18,0,0,0,0,0
220343,1,1,1991,0,0,0,0,0,0,0,21,0,0
220343,2,1,1991,0,0,0,0,0,0,0,0,0,0
220344,1,1,1991,18,18,18,18,18,18,18,18,18,18
220344,2,1,1991,0,0,0,0,0,0,0,0,0,0
220345,1,1,1991,11,11,11,11,11,11,11,11,11,11
220346,1,1,1991,20,15,0,15,10,23,0,13,36,25
220347,1,1,1991,16,0,19,0,0,4,26,9,26,16
220348,0,1,1991,30,30,30,30,30,30,30,30,30,30
220348,1,1,1991,5,5,5,5,5,5,5,5,5,5
220349,1,1,1991,0,0,0,0,0,0,0,0,0,0
220349,2,1,1991,0,0,0,0,0,0,0,0,0,0
220349,3,1,1991,0,0,29,12,0,0,0,0,0,0
220350,1,1,1991,0,0,0,0,0,0,0,0,0,0
220350,2,1,1991,3,3,3,3,3,3,3,3,3,3
220350,3,1,1991,10,10,10,10,10,10,10,10,10,10
220351,1,1,1991,0,0,0,0,0,0,0,0,0,0
220351,2,1,1991,0,0,0,0,0,0,0,0,0,0
220352,1,1,1991,0,0,0,0,0,0,0,0,0,0
220353,0,1,1991,0,0,0,0,0,0,0,0,24,0
220353,1,1,1991,0,11,0,0,0,0,0,0,0,0
220354,0,1,1991,22,22,22,22,22,22,22,22,22,22
220354,1,1,1991,0,0,0,0,0,0,0,0,0,0
220355,1,1,1991,0,0,0,0,0,0,0,0,0,0
220355,2,1,1991,0,0,0,0,0,0,0,0,0,0
220356,1,1,1991,0,0,0,0,0,0,0,0,0,0
220357,1,1,1991,0,0,0,0,0,0,0,0,0,0
220358,1,1,1991,0,0,0,0,0,0,0,0,0,0
220358,2,1,1991,0,0,0,0,0,0,0,0,0,0
220358,3,1,1991,0,0,0,0,0,0,0,0,0,0
220359,0,1,1991,30,30,30,30,30,30,30,30,30,30
220359,1,1,1991,0,0,0,0,0,0,0,0,0,0
220360,1,1,1991,0,27,14,25,0,27,0,0,0,21
220361,1,1,1991,0,0,0,0,0,0,0,0,0,0
220362,1,1,1991,11,11,11,11,11,11,11,11,11,11
220363,1,1,1991,0,0,0,0,0,0,0,0,0,0
220363,2,1,1991,0,15,0,0,0,0,0,0,0,0
220364,0,1,1991,0,20,19,0,0,0,13,35,0,0
220364,1,1,1991,0,23,0,9,26,18,7,0,0,10
220365,1,1,1991,0,0,0,0,0,0,0,0,0,0
220366,1,1,1991,15,15,15,15,15,15,15,15,15,15
220366,2,1,1991,0,0,0,0,0,0,0,0,0,0
220367,1,1,1991,5,5,5,5,5,5,5,5,5,5
220367,2,1,1991,0,0,0,0,0,0,0,0,0,0
220368,1,1,1991,13,13,13,13,13,13,13,13,13,13
220369,1,1,1991,19,19,19,19,19,19,19,19,19,19
220369,2,1,1991,0,19,0,0,0,8,0,0,0,0
220370,1,1,1991,0,0,0,0,0,5,0,0,0,0
220370,2,1,1991,0,10,0,17,0,6,25,0,0,0
220371,0,1,1991,18,35,25,21,24,9,46,19,25,23
220371,1,1,1991,0,0,0,0,0,0,0,0,0,0
220372,1,1,1991,7,22,10,23,8,19,0,13,17,12
220373,1,1,1991,0,5,0,0,0,0,0,0,0,0
220373,2,1,1991,0,0,0,0,0,0,0,0,0,0
220375,1,1,1991,4,4,4,4,4,4,4,4,4,4
220376,1,1,1991,18,18,18,18,18,18,18,18,18,18
220377,1,1,1991,0,0,0,0,0,0,0,0,0,0
220378,1,1,1991,0,0,20,0,12,0,19,12,0,13
220379,1,1,1991,0,12,17,0,26,19,0,7,0,25
220379,2,1,1991,28,30,0,14,15,0,0,32,37,21
220380,1,1,1991,0,28,0,0,0,11,0,23,0,0
220381,1,1,1991,0,0,0,26,0,0,27,27,20,0
220381,2,1,1991,0,0,0,0,0,0,0,0,0,9
220381,3,1,1991,9,0,0,26,7,0,10,0,0,26
220382,1,1,1991,0,0,0,0,0,0,0,0,0,0
220383,1,1,1991,0,0,0,0,0,0,0,0,0,0
220383,2,1,1991,0,0,34,0,0,0,0,0,0,0
220384,1,1,1991,29,29,29,29,29,29,29,29,29,29
220385,1,1,1991,11,6,0,10,0,10,14,0,15,25
220386,1,1,1991,0,0,0,0,0,0,14,0,0,14
220387,1,1,1991,4,4,4,4,4,4,4,4,4,4
220388,0,1,1991,0,0,38,0,10,0,23,0,0,0
220388,0,2,1991,14,14,6,0,0,13,0,11,0,29
220388,1,1,1991,22,22,22,22,22,22,22,22,22,22
220389,1,1,1991,9,0,13,0,0,0,0,0,0,0
220389,2,1,1991,0,0,0,0,0,0,0,0,0,0
220390,1,1,1991,0,0,0,0,0,0,0,0,0,0
220390,2,1,1991,0,0,0,0,0,0,0,0,0,0
220391,1,1,1991,0,0,0,0,0,0,0,4,0,0
220392,0,1,1991,0,0,24,0,0,0,0,0,0,0
220392,1,1,1991,0,0,0,0,0,0,0,0,0,0
220393,0,1,1991,0,8,0,20,0,21,0,0,0,17
220393,1,1,1991,0,0,0,0,0,0,0,0,0,0
220394,1,1,1991,18,18,18,18,18,18,18,18,18,18
220394,2,1,1991,0,0,0,0,0,0,0,0,0,0
220395,0,1,1991,32,32,32,32,32,32,32,32,32,32
220395,1,1,1991,5,5,5,5,5,5,5,5,5,5
220396,1,1,1991,0,0,0,17,0,0,0,0,26,0
220396,2,1,1991,0,14,0,0,15,30,0,0,0,0
220397,1,1,1991,10,10,10,10,10,10,10,10,10,10
220397,2,1,1991,0,0,0,0,0,0,0,0,0,0
220398,1,1,1991,0,0,0,18,41,0,0,0,0,0
220398,2,1,1991,0,0,0,0,0,0,0,0,0,0
220399,1,1,1991,22,0,0,0,8,25,15,0,23,14
220399,2,1,1991,15,15,15,15,15,15,15,15,15,15
220400,1,1,1991,0,0,0,0,0,0,0,0,0,0
220400,2,1,1991,0,0,0,0,0,0,0,0,0,0
220401,1,1,1991,10,10,10,10,10,10,10,10,10,10
220401,2,1,1991,0,0,0,0,0,0,0,0,0,0
220402,1,1,1991,6,6,6,6,6,6,6,6,6,6
220402,2,1,1991,0,0,0,0,0,0,0,0,0,0
220403,1,1,1991,0,0,0,0,0,0,0,0,0,0
220404,1,1,1991,0,0,0,0,0,0,0,0,0,0
220404,2,1,1991,2,24,18,0,18,0,0,0,0,20
220405,1,1,1991,0,0,0,6,0,0,21,0,0,0
220405,2,1,1991,0,0,0,0,0,0,0,7,0,0
220406,1,1,1991,16,16,16,16,16,16,16,16,16,16
220407,1,1,1991,18,18,18,18,18,18,18,18,18,18
220408,0,1,1991,29,29,29,29,29,29,29,29,29,29
220408,1,1,1991,0,0,0,0,0,0,0,0,0,0
220409,1,1,1991,21,21,21,21,21,21,21,21,21,21
220410,1,1,1991,0,0,0,0,0,0,0,0,0,0
220411,1,1,1991,18,18,18,18,18,18,18,18,18,18
220412,1,1,1991,13,13,13,13,13,13,13,13,13,13
220412,2,1,1991,0,0,0,0,0,0,0,0,0,0
220413,1,1,1991,18,0,0,0,0,0,0,0,0,0
220413,2,1,1991,0,0,0,0,0,0,0,0,0,0
220414,1,1,1991,3,3,3,3,3,3,3,3,3,3
220415,1,1,1991,0,0,0,0,0,0,0,0,0,0
220415,2,1,1991,0,0,0,0,0,0,0,0,0,0
220415,3,1,1991,0,0,0,0,0,0,0,0,0,0
220416,1,1,1991,0,0,0,0,0,0,0,0,0,0
220417,1,1,1991,33,22,23,7,24,12,0,8,13,16
220418,0,1,1991,14,11,33,43,37,36,21,19,11,19
220418,1,1,1991,23,0,0,16,30,0,0,10,13,0
220419,1,1,1991,16,16,16,16,16,16,16,16,16,16
220420,1,1,1991,0,0,0,0,0,0,0,0,0,0
220421,1,1,1991,0,0,0,0,0,0,0,0,0,0
220422,0,1,1991,10,17,16,8,16,27,22,9,3,18
220422,1,1,1991,7,9,0,7,6,9,18,22,0,17
220423,1,1,1991,0,0,0,0,0,0,0,8,0,0
220423,2,1,1991,19,0,0,0,0,0,0,0,0,0
220424,1,1,1991,16,16,16,16,16,16,16,16,16,16
220425,1,1,1991,0,0,0,0,0,0,0,15,0,0
220426,1,1,1991,0,0,0,0,0,0,0,0,0,0
220426,2,1,1991,0,0,0,0,0,0,0,0,0,0
220427,1,1,1991,0,0,0,0,0,0,0,0,0,0
220428,1,1,1991,0,0,0,4,0,0,0,0,0,0
220428,2,1,1991,12,0,0,0,0,0,0,0,0,0
220430,1,1,1991,7,7,7,7,7,7,7,7,7,7
220431,1,1,1991,15,15,15,15,15,15,15,15,15,15
220432,1,1,1991,0,0,17,25,0,49,9,9,38,0
220433,0,1,1991,0,0,0,0,0,0,0,0,0,0
220433,1,1,1991,0,16,0,8,0,0,0,0,0,0
220434,0,1,1991,6,6,6,6,6,6,6,6,6,6
220434,1,1,1991,7,7,7,7,7,7,7,7,7,7
220435,0,1,1991,23,23,23,23,23,23,23,23,23,23
220435,1,1,1991,0,0,0,0,0,0,0,0,0,0
220436,0,1,1991,0,0,0,0,0,0,0,0,0,0
220436,1,1,1991,0,0,0,0,0,0,0,0,16,0
220437,1,1,1991,24,24,24,24,24,24,24,24,24,24
220438,1,1,1991,13,29,0,18,13,9,25,10,0,0
220439,0,1,1991,0,0,0,0,0,0,0,0,0,0
220439,1,1,1991,0,0,0,0,0,0,0,0,0,0
220440,1,1,1991,14,14,14,14,14,14,14,14,14,14
220440,2,1,1991,19,19,19,19,19,19,19,19,19,19
220441,0,1,1991,0,0,0,0,0,0,0,0,0,0
220441,1,1,1991,0,0,0,0,0,0,0,0,0,0
220443,0,1,1991,0,0,0,0,0,0,0,0,0,0
220443,1,1,1991,0,0,0,0,0,0,0,0,0,0
220444,0,1,1991,0,31,25,13,19,0,23,24,0,8
220444,1,1,1991,17,15,0,7,12,4,4,21,8,6
220445,1,1,1991,0,0,0,0,0,0,0,0,0,0
220446,0,1,1991,19,19,19,19,19,19,19,19,19,19
220446,1,1,1991,0,0,0,0,0,0,0,0,0,0
220447,1,1,1991,11,11,11,11,11,11,11,11,11,11
220447,2,1,1991,0,0,0,0,7,16,14,0,0,0
220448,0,1,1991,31,31,31,31,31,31,31,31,31,31
220448,1,1,1991,0,0,0,0,0,0,0,0,0,0
220449,1,1,1991,0,0,0,0,0,0,0,0,0,0
220449,2,1,1991,0,0,17,0,0,0,0,0,0,0
220450,0,1,1991,6,6,6,6,6,6,6,6,6,6
220450,1,1,1991,9,9,9,9,9,9,9,9,9,9
220451,1,1,1991,0,16,16,7,11,23,0,7,0,0
220452,1,1,1991,0,0,0,0,9,0,0,0,0,0
220452,2,1,1991,0,0,0,0,0,0,0,0,0,0
220453,1,1,1991,16,16,16,16,16,16,16,16,16,16
220453,2,1,1991,12,12,12,12,12,12,12,12,12,12
220454,1,1,1991,0,0,0,0,0,0,0,0,0,0
220455,1,1,1991,15,15,15,15,15,15,15,15,15,15
220455,2,1,1991,0,0,28,10,19,0,0,0,0,0
220456,1,1,1991,12,26,25,5,13,11,21,8,14,14
220456,2,1,1991,0,0,0,0,0,0,0,0,0,7
220457,0,1,1991,0,11,7,10,11,0,21,23,0,27
220457,1,1,1991,16,32,5,0,13,7,19,0,2,10
220458,0,1,1991,0,0,0,0,0,0,0,0,0,0
220458,1,1,1991,0,0,0,0,0,0,0,0,0,0
220459,1,1,1991,4,43,14,13,7,13,15,13,14,6
220460,1,1,1991,13,13,13,13,13,13,13,13,13,13
220461,1,1,1991,0,0,0,0,0,0,0,0,0,0
220461,2,1,1991,0,0,0,0,0,0,0,0,0,0
220461,3,1,1991,0,0,0,0,0,0,0,0,0,0
220462,1,1,1991,14,14,14,14,14,14,14,14,14,14
220463,1,1,1991,0,0,0,0,0,0,0,0,0,0
220463,2,1,1991,0,0,0,0,0,0,0,0,0,0
220464,1,1,1991,26,4,0,0,33,0,0,0,5,25
220465,1,1,1991,22,22,22,22,22,22,22,22,22,22
220466,1,1,1991,15,15,15,15,15,15,15,15,15,15
220467,0,1,1991,0,0,0,0,0,0,0,0,0,0