ST_CASE,VEH_NO,PER_NO,YEAR,P1,P2,P3,P4,P5,P6,P7,P8,P9,P10
220758,1,1,1991,19,0,0,0,0,0,0,0,0,0
220759,1,1,1991,0,19,17,0,0,0,22,0,20,0
220760,1,1,1991,0,0,0,0,0,0,0,0,0,0
220760,2,1,1991,0,0,0,0,0,0,0,0,0,0
220760,3,1,1991,0,0,0,0,0,0,0,0,0,0
220761,0,1,1991,17,0,25,22,0,34,0,0,32,16
220761,1,1,1991,0,0,0,0,0,0,0,0,0,0
220762,1,1,1991,11,10,21,10,0,15,23,20,18,7
220763,1,1,1991,0,0,0,0,0,0,0,0,0,0
220763,2,1,1991,0,0,0,0,0,0,0,0,12,0
220764,1,1,1991,4,0,15,8,13,0,10,0,7,17
220764,2,1,1991,12,12,12,12,12,12,12,12,12,12
220765,1,1,1991,0,0,0,0,0,0,0,0,0,0
220766,1,1,1991,16,16,16,16,16,16,16,16,16,16
220766,2,1,1991,0,0,0,0,0,0,0,0,0,0
220767,1,1,1991,0,32,0,0,20,16,0,0,0,15
220768,1,1,1991,16,12,12,24,15,0,20,0,21,0
220770,1,1,1991,0,0,7,26,13,19,0,9,5,17
220771,0,1,1991,0,0,0,0,0,0,10,0,0,0
220771,1,1,1991,0,0,0,0,0,0,0,0,0,0
220772,1,1,1991,0,0,0,0,0,0,0,0,0,17
220773,1,1,1991,17,17,17,17,17,17,17,17,17,17
220774,0,1,1991,2,2,2,2,2,2,2,2,2,2
220774,1,1,1991,0,23,0,0,0,11,0,0,0,0
220775,1,1,1991,9,31,0,0,19,0,20,37,12,0
220776,0,1,1991,13,19,0,0,0,0,19,0,19,0
220776,1,1,1991,0,0,0,0,0,0,0,0,0,15
220776,2,1,1991,0,11,4,0,0,0,0,10,0,0
220777,1,1,1991,5,10,16,15,22,21,29,20,0,19
220778,0,1,1991,24,0,0,0,0,0,0,0,0,0
220778,0,2,1991,0,0,0,0,0,0,0,0,0,0
220778,1,1,1991,0,0,0,0,0,0,0,0,0,0
220779,1,1,1991,0,0,0,0,0,0,0,0,0,0
220779,2,1,1991,0,0,0,0,0,0,0,0,0,0
220780,1,1,1991,0,0,0,0,0,0,0,0,0,0
220780,2,1,1991,0,0,0,0,0,0,0,0,0,0
220781,1,1,1991,0,0,0,0,15,0,0,0,0,0
220781,2,1,1991,0,0,0,0,0,0,0,0,0,0
220781,3,1,1991,0,0,0,0,0,0,0,7,0,0
220782,0,1,1991,22,34,6,10,25,5,11,20,22,14
220782,1,1,1991,0,0,0,0,0,0,0,0,0,0
220783,1,1,1991,0,0,0,0,0,0,0,0,0,0
220783,2,1,1991,0,0,0,0,0,0,0,0,0,0
220785,1,1,1991,13,13,13,13,13,13,13,13,13,13
220786,1,1,1991,22,22,22,22,22,22,22,22,22,22
220787,1,1,1991,0,0,0,0,0,0,0,0,0,0
220787,2,1,1991,0,0,28,0,0,0,0,0,13,0
220788,1,1,1991,0,0,36,21,0,17,0,12,0,15
220788,2,1,1991,0,0,0,0,0,0,0,0,0,0
220789,1,1,1991,0,0,26,0,0,10,20,0,0,0
220790,0,1,1991,28,28,28,28,28,28,28,28,28,28
220790,1,1,1991,0,0,0,0,0,0,0,0,0,0
220791,1,1,1991,20,20,20,20,20,20,20,20,20,20
220792,1,1,1991,21,21,21,21,21,21,21,21,21,21
220792,2,1,1991,0,0,12,22,0,9,12,0,0,0
220792,3,1,1991,18,9,19,9,8,29,8,20,19,17
220793,0,1,1991,22,22,22,22,22,22,22,22,22,22
220793,1,1,1991,0,0,0,0,0,0,0,0,0,0
220794,1,1,1991,14,14,14,14,14,14,14,14,14,14
220794,2,1,1991,0,0,0,0,0,0,0,0,0,0
220795,0,1,1991,0,0,0,0,0,0,0,0,0,0
220795,1,1,1991,15,15,15,15,15,15,15,15,15,15
220796,0,1,1991,0,0,0,0,15,22,0,23,0,0
220796,1,1,1991,0,0,0,0,0,0,0,0,0,0
220797,1,1,1991,24,0,6,0,10,0,0,0,0,13
220798,0,1,1991,0,0,0,0,0,0,0,0,0,0
220798,1,1,1991,0,23,12,0,16,0,0,0,0,0
220800,1,1,1991,24,20,16,15,13,0,29,29,15,28
220801,1,1,1991,0,0,0,0,0,0,0,0,0,0
220802,1,1,1991,8,0,0,0,0,0,0,0,0,0
220802,2,1,1991,12,0,0,0,0,0,0,0,0,0
220803,1,1,1991,0,12,0,0,0,0,15,0,0,17
220803,2,1,1991,0,0,0,0,33,0,0,0,5,0
220803,3,1,1991,0,0,0,0,0,0,0,0,0,0
220804,1,1,1991,0,0,29,0,0,0,21,0,10,0
220804,2,1,1991,0,0,0,0,0,0,0,0,0,0
220805,1,1,1991,0,0,0,0,0,0,0,0,11,6
220805,2,1,1991,11,11,11,11,11,11,11,11,11,11
220806,1,1,1991,15,0,7,23,0,34,29,24,27,29
220807,1,1,1991,0,0,0,0,0,0,0,0,0,0
220807,2,1,1991,0,0,0,0,0,0,0,0,0,0
220808,1,1,1991,0,0,0,0,0,0,0,0,0,0
220809,1,1,1991,0,0,0,0,0,0,0,0,0,0
220809,2,1,1991,0,0,0,0,0,0,0,0,0,0
220810,0,1,1991,2,2,2,2,2,2,2,2,2,2
220810,1,1,1991,5,0,0,0,0,20,0,0,0,0
220811,1,1,1991,0,0,0,0,0,0,0,0,0,0
220811,2,1,1991,0,4,0,0,0,0,0,0,0,0
220812,1,1,1991,0,0,0,0,0,0,0,0,0,0
220812,2,1,1991,0,0,0,0,0,0,0,0,0,0
220813,0,1,1991,25,29,0,25,18,12,30,0,19,20
220813,1,1,1991,18,0,0,18,0,0,0,15,0,16
220814,1,1,1991,18,18,18,18,18,18,18,18,18,18
220815,1,1,1991,12,12,12,12,12,12,12,12,12,12
220815,2,1,1991,18,14,4,0,0,11,17,22,4,21
220816,1,1,1991,0,0,0,0,0,0,0,0,0,0
220817,0,1,1991,20,20,20,20,20,20,20,20,20,20
220817,1,1,1991,0,0,0,0,0,0,0,0,0,0
220818,1,1,1991,8,26,31,20,16,13,20,9,0,9
220820,1,1,1991,0,0,0,0,19,0,0,0,16,0
220821,0,1,1991,0,0,22,3,0,0,0,0,0,37
220821,1,1,1991,16,16,16,16,16,16,16,16,16,16
220822,1,1,1991,7,7,7,7,7,7,7,7,7,7
220823,1,1,1991,39,28,0,0,0,0,21,0,31,11
220824,0,1,1991,0,0,0,0,0,0,0,0,0,0
220824,1,1,1991,0,0,0,0,0,0,0,14,0,0
220825,0,1,1991,20,20,20,20,20,20,20,20,20,20
220825,1,1,1991,0,0,0,0,0,0,0,0,0,0
220825,2,1,1991,0,8,0,0,0,36,0,2,0,0
220825,3,1,1991,5,0,0,0,0,0,0,0,0,0
220827,1,1,1991,0,0,0,0,0,0,0,0,0,0
220828,2,1,1991,0,0,0,0,0,0,0,0,0,0
220829,0,1,1991,0,16,18,4,0,0,0,0,0,14
220829,1,1,1991,0,0,0,0,0,0,0,0,0,0
220830,1,1,1991,0,0,0,0,0,0,0,0,0,0
220830,2,1,1991,0,0,0,0,0,0,0,0,0,0
220831,1,1,1991,0,0,0,6,0,0,0,0,0,0
230001,1,1,1991,16,16,16,16,16,16,16,16,16,16
230002,1,1,1991,0,0,0,0,0,0,0,0,0,0
230003,1,1,1991,0,0,0,0,0,0,0,0,0,0
230003,2,1,1991,0,0,0,0,0,0,0,0,0,0
230004,1,1,1991,6,6,6,6,6,6,6,6,6,6
230004,2,1,1991,0,0,0,0,0,0,0,0,0,0
230005,1,1,1991,0,0,0,0,0,0,0,0,0,0
230005,2,1,1991,0,0,0,0,0,0,0,0,0,0
230006,1,1,1991,0,0,0,0,0,0,0,0,0,0
230006,2,1,1991,16,0,0,0,0,0,0,0,0,0
230007,1,1,1991,0,0,0,0,0,0,0,0,0,0
230008,1,1,1991,0,0,0,0,0,0,0,0,0,0
230009,0,1,1991,0,0,0,0,0,0,0,0,0,0
230009,1,1,1991,0,0,0,0,0,0,0,0,0,0
230010,1,1,1991,11,11,11,11,11,11,11,11,11,11
230011,1,1,1991,0,0,0,0,0,0,0,0,0,0
230011,2,1,1991,0,0,0,0,0,0,0,0,0,0
230012,1,1,1991,0,0,0,0,0,0,0,0,0,0
230012,2,1,1991,0,0,0,0,0,0,0,0,0,0
230012,3,1,1991,16,19,0,0,24,0,0,0,14,0
230012,4,1,1991,0,0,0,0,0,0,0,0,0,0
230013,0,1,1991,0,17,0,0,0,0,0,0,0,0
230013,0,2,1991,0,0,32,14,0,18,6,0,0,0
230013,0,3,1991,0,0,0,0,0,11,0,0,0,0
230013,0,4,1991,0,0,0,0,0,0,8,0,0,0
230013,1,1,1991,0,0,0,0,0,0,0,0,0,14
230013,2,1,1991,0,7,0,0,3,0,0,0,8,0
230014,0,1,1991,0,0,0,0,0,0,0,0,0,0
230014,1,1,1991,0,0,0,0,0,0,0,0,0,0
230015,1,1,1991,0,0,0,0,0,0,0,0,0,0
230015,2,1,1991,0,0,0,0,0,0,0,0,0,0
230016,0,1,1991,0,0,0,18,0,0,0,0,0,30
230016,1,1,1991,0,0,0,0,0,0,0,0,0,0
230017,1,1,1991,0,0,0,0,0,0,0,0,0,0
230018,1,1,1991,12,12,12,12,12,12,12,12,12,12
230019,1,1,1991,12,12,12,12,12,12,12,12,12,12
230020,1,1,1991,0,0,0,0,0,0,0,0,0,0
230020,2,1,1991,0,0,0,0,0,0,0,0,0,0
230021,1,1,1991,20,20,20,20,20,20,20,20,20,20
230022,1,1,1991,0,0,0,0,0,0,0,0,0,0
230022,2,1,1991,0,0,0,0,0,0,0,0,0,0
230023,1,1,1991,0,0,0,0,0,0,0,0,0,0
230024,1,1,1991,0,0,0,0,0,0,0,0,0,0
230024,2,1,1991,0,0,0,0,0,0,0,0,0,0
230025,1,1,1991,6,6,6,6,6,6,6,6,6,6
230026,1,1,1991,0,0,0,0,0,0,0,0,0,0
230026,2,1,1991,23,23,23,23,23,23,23,23,23,23
230027,1,1,1991,0,0,0,0,0,0,0,0,0,0
230027,2,1,1991,0,0,0,0,0,0,0,0,0,0
230028,1,1,1991,0,0,0,0,0,0,0,0,0,0
230029,1,1,1991,0,0,0,0,0,0,0,0,0,0
230030,1,1,1991,10,10,10,10,10,10,10,10,10,10
230030,2,1,1991,0,0,0,0,0,0,0,0,0,0
230031,1,1,1991,31,31,31,31,31,31,31,31,31,31
230032,1,1,1991,12,12,12,12,12,12,12,12,12,12
230033,1,1,1991,10,10,10,10,10,10,10,10,10,10
230034,1,1,1991,30,30,30,30,30,30,30,30,30,30
230035,1,1,1991,0,0,0,0,0,0,0,0,0,0
230035,2,1,1991,0,0,0,0,0,0,0,0,4,0
230036,1,1,1991,16,16,16,16,16,16,16,16,16,16
230037,1,1,1991,8,8,8,8,8,8,8,8,8,8
230037,2,1,1991,0,0,0,0,0,0,0,0,0,0
230038,1,1,1991,15,15,15,15,15,15,15,15,15,15
230039,1,1,1991,14,14,14,14,14,14,14,14,14,14
230040,1,1,1991,21,21,21,21,21,21,21,21,21,21
230041,1,1,1991,14,14,14,14,14,14,14,14,14,14
230042,1,1,1991,0,0,0,0,0,0,0,0,0,0
230042,2,1,1991,5,5,5,5,5,5,5,5,5,5
230043,1,1,1991,0,0,0,0,0,0,0,0,0,0
230043,2,1,1991,0,0,0,0,0,0,0,0,0,0
230044,1,1,1991,22,22,22,22,22,22,22,22,22,22
230045,1,1,1991,0,0,0,0,0,0,0,0,0,0
230045,2,1,1991,0,0,0,0,0,0,0,0,0,0
230046,1,1,1991,12,12,12,12,12,12,12,12,12,12
230047,1,1,1991,2,2,2,2,2,2,2,2,2,2
230048,1,1,1991,0,0,0,0,0,0,0,0,0,0
230048,2,1,1991,0,0,0,0,0,0,0,0,0,0
230049,1,1,1991,16,16,16,16,16,16,16,16,16,16
230050,1,1,1991,2,2,2,2,2,2,2,2,2,2
230051,0,1,1991,0,0,0,0,0,0,0,0,0,0
230051,1,1,1991,0,0,0,0,0,0,0,0,0,0
230052,1,1,1991,0,0,0,0,0,0,0,0,0,0
230053,1,1,1991,0,0,0,0,0,0,0,0,0,0
230054,1,1,1991,5,5,5,5,5,5,5,5,5,5
230055,1,1,1991,0,0,0,0,0,0,0,0,0,0
230055,2,1,1991,0,0,0,0,0,0,0,0,0,0
230056,1,1,1991,0,0,0,0,0,0,0,0,0,0
230057,1,1,1991,17,17,17,17,17,17,17,17,17,17
230058,1,1,1991,0,0,0,0,0,0,0,0,0,0
230058,2,1,1991,0,0,0,0,0,0,0,0,0,0
230059,1,1,1991,0,0,0,0,0,0,0,0,0,0
230059,2,1,1991,0,0,0,0,0,0,0,0,0,0
230060,1,1,1991,0,0,0,0,0,0,0,0,0,0
230060,2,1,1991,0,0,0,0,0,0,0,0,0,0
230062,1,1,1991,1,1,1,1,1,1,1,1,1,1
230063,1,1,1991,7,7,7,7,7,7,7,7,7,7
230064,1,1,1991,0,0,0,0,0,0,0,0,0,0
230064,2,1,1991,0,0,0,0,0,0,0,0,0,0
230065,1,1,1991,0,0,0,0,0,0,0,0,0,0
230065,2,1,1991,0,0,0,0,0,0,0,0,0,0
230066,1,1,1991,0,0,0,0,0,0,0,0,0,0
230066,2,1,1991,0,0,0,0,0,0,0,0,0,0
230067,1,1,1991,0,0,0,0,0,0,0,0,0,0
230068,1,1,1991,0,0,0,0,0,0,0,0,0,0
230069,0,1,1991,23,23,23,23,23,23,23,23,23,23
230069,1,1,1991,0,0,0,0,0,0,0,0,0,0
230070,1,1,1991,0,0,0,0,0,0,0,0,0,0
230070,2,1,1991,0,0,0,0,0,0,0,0,0,0
230071,1,1,1991,0,0,0,0,0,0,0,0,0,0
230072,1,1,1991,0,0,0,0,0,0,0,0,0,0
230073,1,1,1991,0,0,0,0,0,0,0,0,0,0
230074,1,1,1991,0,0,0,0,0,0,0,0,0,0
230074,2,1,1991,0,0,0,0,0,0,0,0,0,0
230075,1,1,1991,0,0,0,0,0,0,0,0,0,0
230075,2,1,1991,0,0,0,0,0,0,0,0,0,0
230076,1,1,1991,2,2,2,2,2,2,2,2,2,2
230076,2,1,1991,8,8,8,8,8,8,8,8,8,8
230077,1,1,1991,0,0,0,0,0,0,0,0,0,0
230078,1,1,1991,2,2,2,2,2,2,2,2,2,2
230078,2,1,1991,0,0,0,0,0,0,0,0,0,0
230079,1,1,1991,20,20,20,20,20,20,20,20,20,20
230080,1,1,1991,0,0,0,0,0,0,0,0,0,0
230080,2,1,1991,0,0,0,0,0,0,0,0,0,0
230081,1,1,1991,6,6,6,6,6,6,6,6,6,6
230081,2,1,1991,0,0,0,0,0,0,0,0,0,0
230082,1,1,1991,23,23,23,23,23,23,23,23,23,23
230082,2,1,1991,10,10,10,10,10,10,10,10,10,10
230083,1,1,1991,0,0,0,0,0,0,0,0,0,0
230083,2,1,1991,0,0,0,0,0,0,0,0,0,0
230084,1,1,1991,20,20,20,20,20,20,20,20,20,20
230085,1,1,1991,0,0,0,0,0,0,0,0,0,0
230085,2,1,1991,0,0,0,0,0,0,0,0,0,0
230085,3,1,1991,0,0,0,0,0,0,0,0,0,0
230086,1,1,1991,0,0,0,0,0,0,0,0,0,0
230087,1,1,1991,0,0,0,0,0,0,0,0,0,0
230087,2,1,1991,0,0,0,0,0,0,0,0,0,0
230088,1,1,1991,8,8,8,8,8,8,8,8,8,8
230089,1,1,1991,0,0,0,0,23,0,14,0,16,0
230090,1,1,1991,0,0,0,0,0,0,0,0,0,0
230091,1,1,1991,0,0,0,0,0,0,0,0,0,0
230092,1,1,1991,9,9,9,9,9,9,9,9,9,9
230093,1,1,1991,15,15,15,15,15,15,15,15,15,15
230094,1,1,1991,0,0,0,0,0,0,0,0,0,0
230095,1,1,1991,0,0,0,0,0,0,0,0,0,0
230096,1,1,1991,0,0,0,0,0,0,0,0,0,0
230097,1,1,1991,0,0,0,0,0,0,0,0,0,0
230097,2,1,1991,0,0,0,0,0,0,0,0,0,0
230098,1,1,1991,16,16,16,16,16,16,16,16,16,16
230099,1,1,1991,0,0,0,0,0,0,0,0,0,0
230099,2,1,1991,0,0,0,0,0,0,0,0,0,0
230100,1,1,1991,0,0,0,0,0,0,0,0,0,0
230101,1,1,1991,0,0,0,0,7,0,0,0,0,0
230102,1,1,1991,0,0,0,0,0,0,0,0,0,0
230103,1,1,1991,0,0,0,0,0,0,0,0,0,0
230104,1,1,1991,28,28,28,28,28,28,28,28,28,28
230105,1,1,1991,0,0,0,0,0,0,0,0,0,0
230106,1,1,1991,0,0,0,0,0,0,0,0,0,0
230107,1,1,1991,0,0,0,0,0,0,0,0,0,0
230108,1,1,1991,0,0,0,0,0,0,0,0,0,0
230110,1,1,1991,0,0,0,0,0,0,0,0,0,0
230111,1,1,1991,0,0,0,0,0,0,0,0,0,0
230112,1,1,1991,0,0,0,0,0,0,0,0,0,0
230112,2,1,1991,0,0,0,0,0,0,0,0,0,0
230113,1,1,1991,21,21,21,21,21,21,21,21,21,21
230113,2,1,1991,0,0,0,0,0,0,0,0,0,0
230114,1,1,1991,0,0,0,0,0,0,0,0,0,0
230114,2,1,1991,1,1,1,1,1,1,1,1,1,1
230115,1,1,1991,0,0,0,0,0,0,0,0,0,0
230115,2,1,1991,0,0,0,0,0,0,0,0,0,0
230116,1,1,1991,0,0,0,0,0,0,0,0,0,0
230116,2,1,1991,0,0,0,0,0,0,0,0,0,0
230117,1,1,1991,19,19,19,19,19,19,19,19,19,19
230117,2,1,1991,0,0,0,0,0,0,0,0,0,0
230118,1,1,1991,0,0,0,0,0,0,0,0,0,0
230118,2,1,1991,0,0,0,0,0,0,0,0,0,0
230119,1,1,1991,0,0,0,0,0,0,0,0,0,0
230119,2,1,1991,0,0,0,0,0,0,0,0,0,0
230120,1,1,1991,0,0,0,0,0,0,0,0,0,0
230120,2,1,1991,0,0,25,0,0,0,0,0,0,0
230121,1,1,1991,0,0,0,0,0,0,0,0,0,0
230122,1,1,1991,0,0,0,0,0,0,0,0,0,0
230122,2,1,1991,0,0,13,0,11,0,0,0,0,0
230123,1,1,1991,0,0,0,0,0,0,0,0,0,0
230123,2,1,1991,0,0,0,0,0,0,0,0,0,0
230125,1,1,1991,0,0,0,0,0,0,0,26,0,0
230126,1,1,1991,20,20,20,20,20,20,20,20,20,20
230126,2,1,1991,12,12,12,12,12,12,12,12,12,12
230127,0,1,1991,0,0,0,25,0,0,0,0,0,11
230127,1,1,1991,0,0,0,0,0,0,0,0,0,0
230128,1,1,1991,0,0,0,0,0,0,0,0,0,0
230129,1,1,1991,0,0,0,0,0,0,0,0,0,0
230130,1,1,1991,0,0,0,0,0,0,0,0,0,0
230131,1,1,1991,0,0,0,0,0,0,0,0,0,0
230131,2,1,1991,0,0,0,0,0,0,0,0,0,0
230132,1,1,1991,2,2,2,2,2,2,2,2,2,2
230133,1,1,1991,15,15,15,15,15,15,15,15,15,15
230134,1,1,1991,15,15,15,15,15,15,15,15,15,15
230135,1,1,1991,16,16,16,16,16,16,16,16,16,16
230136,1,1,1991,8,8,8,8,8,8,8,8,8,8
230137,1,1,1991,27,27,27,27,27,27,27,27,27,27
230138,1,1,1991,14,14,14,14,14,14,14,14,14,14
230139,1,1,1991,0,0,0,0,0,0,0,0,0,0
230140,1,1,1991,0,0,0,0,0,0,0,0,0,0
230141,1,1,1991,2,2,2,2,2,2,2,2,2,2
230142,1,1,1991,7,7,7,7,7,7,7,7,7,7
230143,1,1,1991,19,19,19,19,19,19,19,19,19,19
230144,1,1,1991,0,0,0,0,0,0,0,0,0,0
230145,1,1,1991,0,0,0,0,0,0,0,0,0,0
230146,1,1,1991,0,0,0,0,0,0,0,0,0,0
230147,1,1,1991,0,0,0,0,0,0,0,0,0,0
230148,1,1,1991,0,0,0,0,0,0,0,0,0,0
230149,1,1,1991,4,4,4,4,4,4,4,4,4,4
230150,1,1,1991,1,1,1,1,1,1,1,1,1,1
230151,1,1,1991,7,7,7,7,7,7,7,7,7,7
230152,1,1,1991,0,0,0,0,0,0,0,0,0,0
230154,1,1,1991,0,0,0,0,0,0,0,0,0,0
230154,2,1,1991,0,0,0,0,0,0,0,0,0,0
230154,3,1,1991,0,0,0,0,0,0,0,0,0,0
230155,1,1,1991,18,18,18,18,18,18,18,18,18,18
230155,2,1,1991,0,0,0,0,0,0,0,0,0,0
230156,1,1,1991,0,0,0,0,0,0,0,0,0,0
230156,2,1,1991,1,1,1,1,1,1,1,1,1,1
230157,1,1,1991,5,5,5,5,5,5,5,5,5,5
230157,2,1,1991,11,11,11,11,11,11,11,11,11,11
230158,1,1,1991,0,0,0,0,0,0,0,0,0,0
230158,2,1,1991,0,0,0,0,0,0,0,0,0,0
230159,1,1,1991,0,0,0,0,0,0,0,0,0,0
230159,2,1,1991,0,0,0,0,0,0,0,0,0,0
230160,1,1,1991,26,26,26,26,26,26,26,26,26,26
230160,2,1,1991,0,0,0,0,0,0,0,0,0,0
230161,1,1,1991,0,0,0,0,0,0,0,0,0,0
230162,1,1,1991,14,14,14,14,14,14,14,14,14,14
230163,1,1,1991,9,9,9,9,9,9,9,9,9,9
230164,1,1,1991,4,4,4,4,4,4,4,4,4,4
230164,2,1,1991,0,0,0,0,0,0,0,0,0,0
230165,1,1,1991,0,0,0,0,0,0,0,0,0,0
230165,2,1,1991,0,0,0,0,0,0,0,0,0,0
230165,3,1,1991,0,0,0,0,0,0,0,0,0,0
230166,1,1,1991,13,0,0,0,0,0,0,0,0,0
230166,2,1,1991,0,0,0,0,0,0,0,0,0,0
230167,1,1,1991,0,0,0,0,0,0,0,0,0,0
230167,2,1,1991,0,0,0,0,0,0,0,0,0,0
230168,1,1,1991,0,0,0,0,0,0,0,0,0,0
230168,2,1,1991,0,0,0,0,0,0,0,0,0,0
230169,1,1,1991,0,0,0,0,0,0,0,0,0,0
230169,2,1,1991,0,0,0,0,0,0,0,0,0,0
230170,1,1,1991,0,0,0,0,0,0,0,0,0,0
230170,2,1,1991,2,2,2,2,2,2,2,2,2,2
230171,1,1,1991,0,0,0,0,0,0,0,0,0,0
230171,2,1,1991,0,0,0,0,0,0,0,0,0,0
230172,1,1,1991,5,5,5,5,5,5,5,5,5,5
230172,2,1,1991,14,14,14,14,14,14,14,14,14,14
230173,1,1,1991,0,0,0,0,0,0,0,0,0,0
230173,2,1,1991,0,0,0,0,16,0,0,12,0,0
230174,1,1,1991,0,0,0,0,0,0,0,0,0,0
230174,2,1,1991,0,0,0,0,0,0,0,0,0,0
230175,1,1,1991,0,0,0,0,0,0,0,0,0,0
230175,2,1,1991,0,0,0,0,0,0,0,0,0,0
230176,1,1,1991,21,21,21,21,21,21,21,21,21,21
230177,0,1,1991,0,0,0,0,0,0,0,0,0,0
230177,1,1,1991,0,0,0,0,0,0,0,0,0,0
230178,0,1,1991,0,0,0,0,0,0,0,0,0,0
230178,1,1,1991,20,0,0,0,0,0,0,0,0,0
230179,0,1,1991,17,17,17,17,17,17,17,17,17,17
230179,1,1,1991,0,0,0,0,0,0,0,0,0,0
230180,1,1,1991,0,0,0,0,0,0,0,0,0,0
230180,2,1,1991,0,0,0,0,0,0,0,0,0,0
230181,1,1,1991,0,0,0,0,0,0,0,0,0,0
230181,2,1,1991,0,0,0,0,0,0,0,14,0,0
230182,1,1,1991,0,0,0,0,0,0,0,0,0,0
230182,2,1,1991,0,0,0,0,0,0,0,0,0,0
230183,1,1,1991,0,0,0,0,0,0,0,0,0,0
230183,2,1,1991,0,0,0,0,0,0,0,0,0,0
230184,1,1,1991,0,0,0,0,0,0,0,0,0,0
230184,2,1,1991,0,0,0,0,0,0,0,0,0,0
230184,3,1,1991,0,0,0,0,0,0,0,0,0,0
230185,1,1,1991,0,0,0,0,18,0,0,0,0,0
230185,2,1,1991,0,0,0,0,0,0,0,0,0,0
240002,1,1,1991,3,3,3,3,3,3,3,3,3,3
240003,1,1,1991,0,0,0,0,0,0,0,0,0,0
240003,2,1,1991,0,0,0,0,0,0,0,0,0,0
240004,1,1,1991,0,0,0,0,0,0,0,0,0,0
240005,1,1,1991,0,0,0,0,0,0,0,0,0,0
240005,2,1,1991,0,0,0,0,0,0,0,0,0,0
240006,1,1,1991,0,0,0,0,0,0,0,0,0,0
240007,1,1,1991,26,26,26,26,26,26,26,26,26,26
240007,2,1,1991,0,0,0,0,0,0,0,0,0,0
240008,0,1,1991,0,0,0,0,0,0,0,0,0,19
240008,1,1,1991,0,0,0,0,9,0,0,0,0,0
240009,1,1,1991,7,7,7,7,7,7,7,7,7,7
240010,1,1,1991,0,0,0,0,0,0,0,0,0,0
240010,2,1,1991,0,0,0,0,0,0,0,0,0,0
240011,1,1,1991,0,0,0,0,0,0,0,0,0,9
240011,2,1,1991,0,0,14,12,0,13,0,0,0,0
240011,3,1,1991,0,0,0,0,0,0,0,0,0,0
240012,1,1,1991,23,23,23,23,23,23,23,23,23,23
240013,1,1,1991,15,15,15,15,15,15,15,15,15,15
240014,1,1,1991,0,0,0,0,0,0,0,0,0,0
240014,2,1,1991,0,0,7,8,0,0,0,0,0,0
240015,1,1,1991,0,0,0,0,0,0,0,0,0,0
240016,1,1,1991,0,0,0,0,0,0,0,0,0,0
240016,2,1,1991,0,0,0,0,0,0,21,0,0,10
240017,0,1,1991,0,0,0,0,0,0,0,0,0,0
240017,1,1,1991,0,0,0,0,0,0,0,0,0,0
240017,2,1,1991,2,4,0,0,0,0,0,0,0,0
240018,1,1,1991,19,28,26,23,34,0,0,0,21,17
240019,1,1,1991,0,0,0,0,0,0,0,0,0,0
240019,2,1,1991,0,0,0,0,0,0,0,0,0,0
240020,1,1,1991,0,0,0,0,0,0,0,0,0,0
240020,2,1,1991,0,0,0,0,0,0,0,0,0,0
240020,3,1,1991,0,0,0,0,0,0,0,0,0,0
240021,0,1,1991,0,0,0,0,0,0,0,0,0,0
240021,1,1,1991,0,0,0,0,0,0,0,0,0,0
240022,0,1,1991,0,0,0,0,0,0,0,0,0,0
240022,1,1,1991,0,0,0,0,18,0,0,0,0,19
240023,1,1,1991,0,0,0,0,0,0,0,0,0,0
240023,2,1,1991,0,0,0,0,0,0,0,0,3,0
240024,1,1,1991,0,0,0,0,0,0,0,0,0,0
240025,1,1,1991,0,0,0,0,0,0,0,0,0,0
240025,2,1,1991,0,0,0,0,0,0,0,0,0,0
240025,3,1,1991,0,0,0,0,0,0,0,0,0,0
240026,0,1,1991,0,0,0,0,0,35,19,0,17,0
240026,1,1,1991,0,0,0,0,0,0,0,0,0,0
240027,0,1,1991,0,8,0,0,0,0,0,0,0,0
240027,1,1,1991,0,0,0,0,0,0,0,0,0,0
240028,1,1,1991,0,0,0,0,0,0,0,0,0,0
240029,1,1,1991,13,13,13,13,13,13,13,13,13,13
240030,1,1,1991,0,0,0,0,0,0,0,0,0,0
240030,2,1,1991,5,11,7,0,13,7,0,0,0,3
240031,1,1,1991,0,0,0,0,0,0,0,0,0,0
240031,2,1,1991,0,0,0,0,0,0,0,0,0,0
240031,3,1,1991,0,0,0,0,0,0,0,0,0,0
240032,0,1,1991,0,0,0,0,0,0,0,0,0,0
240032,1,1,1991,0,0,0,0,0,0,0,0,0,0
240033,1,1,1991,0,0,0,0,0,0,0,0,0,0
240033,2,1,1991,0,0,0,0,0,0,0,0,0,0
240034,1,1,1991,15,15,15,15,15,15,15,15,15,15
240035,1,1,1991,24,24,24,24,24,24,24,24,24,24
240036,0,1,1991,0,0,0,0,0,0,0,0,0,0
240036,1,1,1991,0,0,0,19,0,5,16,26,22,32
240037,1,1,1991,6,6,6,6,6,6,6,6,6,6
240037,2,1,1991,29,15,15,17,0,6,9,0,24,10
240038,1,1,1991,37,37,37,37,37,37,37,37,37,37
240039,0,1,1991,26,26,26,26,26,26,26,26,26,26
240039,1,1,1991,0,0,0,0,0,0,0,0,0,0
240040,1,1,1991,0,12,0,0,0,0,0,0,0,0
240040,2,1,1991,0,0,5,13,0,9,23,0,0,0
240041,0,1,1991,0,0,0,0,0,0,0,0,0,0
240041,1,1,1991,0,0,0,0,0,0,0,0,0,0
240042,1,1,1991,0,0,0,0,0,0,0,0,0,0
240042,2,1,1991,0,0,0,0,0,0,0,0,0,0
240043,1,1,1991,0,0,0,0,0,0,0,0,0,0
240044,0,1,1991,17,16,43,27,19,11,15,18,36,16