ST_CASE,VEH_NO,PER_NO,YEAR,P1,P2,P3,P4,P5,P6,P7,P8,P9,P10
240330,1,1,1991,0,0,0,0,0,0,0,0,0,0
240330,2,1,1991,0,0,0,5,0,0,3,0,25,0
240331,1,1,1991,32,0,0,0,37,24,0,0,0,0
240332,1,1,1991,0,0,9,11,0,0,12,0,0,0
240333,1,1,1991,11,27,13,9,34,19,0,15,13,10
240334,1,1,1991,15,0,22,0,4,17,0,0,5,0
240335,0,1,1991,20,0,24,0,0,0,13,30,0,22
240335,1,1,1991,15,0,0,10,0,3,11,0,3,0
240336,1,1,1991,9,9,9,9,9,9,9,9,9,9
240336,2,1,1991,0,0,0,0,0,0,0,0,0,0
240337,0,1,1991,28,0,5,0,0,15,0,0,16,0
240337,1,1,1991,16,0,13,9,0,11,11,29,12,30
240338,0,1,1991,0,0,0,0,30,0,22,0,0,26
240338,1,1,1991,21,11,12,15,16,0,11,0,11,10
240339,1,1,1991,0,0,0,0,0,0,0,0,0,0
240340,1,1,1991,0,0,0,0,0,0,0,0,0,0
240341,0,1,1991,0,0,0,0,0,0,0,0,0,0
240341,1,1,1991,0,0,0,0,0,0,0,0,0,0
240342,0,1,1991,0,0,0,0,0,0,0,0,0,0
240342,1,1,1991,0,0,0,0,0,0,0,0,0,0
240343,1,1,1991,0,0,0,0,0,0,0,0,0,0
240343,2,1,1991,0,0,0,0,0,0,0,30,0,0
240344,1,1,1991,0,0,0,0,0,0,0,0,0,0
240344,2,1,1991,0,0,0,0,0,0,0,0,0,0
240345,1,1,1991,20,20,20,20,20,20,20,20,20,20
240346,1,1,1991,0,0,0,0,0,0,0,0,0,0
240347,1,1,1991,0,0,0,0,0,0,0,0,0,0
240348,0,1,1991,12,12,12,12,12,12,12,12,12,12
240348,1,1,1991,0,12,0,0,0,0,0,0,25,0
240349,1,1,1991,0,0,0,0,0,10,0,0,0,0
240350,1,1,1991,10,10,10,10,10,10,10,10,10,10
240350,2,1,1991,9,0,17,0,0,0,0,0,0,0
240351,1,1,1991,26,0,14,0,8,13,23,23,28,34
240352,1,1,1991,0,0,0,0,0,0,0,0,0,0
240352,2,1,1991,0,0,0,0,0,0,0,0,0,0
240353,1,1,1991,36,23,0,0,30,22,21,0,0,23
240354,1,1,1991,0,0,0,0,0,0,0,0,0,0
240354,2,1,1991,0,0,0,0,0,10,13,0,14,0
240355,1,1,1991,0,0,0,0,0,0,0,0,0,0
240355,2,1,1991,0,0,0,0,0,0,0,2,0,0
240356,1,1,1991,0,0,0,0,0,0,0,0,0,0
240357,0,1,1991,33,33,33,33,33,33,33,33,33,33
240357,1,1,1991,0,0,0,0,0,0,0,0,0,0
240358,1,1,1991,0,0,0,0,0,0,0,0,0,0
240358,2,1,1991,0,0,0,0,0,0,0,0,0,0
240359,1,1,1991,0,0,0,0,0,0,0,0,0,0
240359,2,1,1991,0,0,0,0,0,0,0,0,0,0
240360,1,1,1991,22,22,22,22,22,22,22,22,22,22
240360,2,1,1991,0,0,0,0,0,0,0,0,0,0
240361,1,1,1991,30,30,30,30,30,30,30,30,30,30
240362,1,1,1991,0,0,0,0,0,0,0,0,0,0
240363,1,1,1991,0,0,0,0,0,0,0,0,0,0
240363,2,1,1991,0,0,0,0,0,0,0,0,0,0
240364,1,1,1991,0,0,0,0,0,0,0,0,0,0
240364,2,1,1991,0,0,0,0,0,0,0,0,0,0
240365,0,1,1991,15,15,15,15,15,15,15,15,15,15
240365,1,1,1991,0,0,0,0,0,0,0,0,0,0
240366,0,1,1991,0,0,0,0,0,0,0,0,0,0
240366,1,1,1991,0,0,0,0,0,0,0,0,0,0
240367,1,1,1991,6,6,6,6,6,6,6,6,6,6
240368,1,1,1991,0,0,26,0,0,0,0,0,0,0
240368,2,1,1991,0,0,0,0,0,0,0,0,0,0
240369,1,1,1991,0,0,0,0,0,0,0,0,0,0
240370,1,1,1991,0,0,0,12,18,0,0,25,17,0
240371,1,1,1991,22,22,22,22,22,22,22,22,22,22
240372,1,1,1991,0,0,0,0,0,0,0,0,0,0
240372,2,1,1991,0,0,0,0,0,0,0,0,0,0
240373,1,1,1991,0,14,0,0,20,0,12,3,0,4
240374,1,2,1991,17,17,17,17,17,17,17,17,17,17
240375,1,1,1991,0,19,0,0,9,0,0,0,0,0
240376,1,1,1991,15,15,15,15,15,15,15,15,15,15
240377,0,1,1991,0,0,0,0,0,0,0,0,0,0
240377,1,1,1991,0,0,0,0,0,0,0,0,0,23
240378,0,1,1991,0,0,0,0,0,0,0,0,0,0
240378,1,1,1991,0,0,12,0,18,0,0,0,0,0
240379,0,1,1991,30,30,30,30,30,30,30,30,30,30
240379,1,1,1991,0,0,0,0,0,0,0,0,0,0
240380,1,1,1991,0,0,0,0,0,0,0,0,0,0
240380,2,1,1991,0,0,0,0,0,0,0,0,0,0
240381,1,1,1991,0,0,0,0,0,0,0,0,0,0
240381,2,1,1991,0,23,0,18,0,0,0,18,0,0
240382,1,1,1991,0,0,0,0,0,0,0,0,0,0
240382,2,1,1991,0,0,0,0,0,0,0,0,0,0
240383,1,1,1991,0,9,0,0,0,0,0,0,0,0
240383,2,1,1991,0,0,0,0,21,0,25,18,0,0
240384,1,1,1991,0,0,0,0,0,0,0,0,0,0
240384,2,1,1991,0,0,0,0,0,0,0,0,0,0
240385,1,1,1991,1,1,1,1,1,1,1,1,1,1
240386,1,1,1991,0,0,0,0,0,0,0,0,0,0
240386,2,1,1991,0,0,0,0,0,0,0,0,0,0
240387,1,1,1991,1,1,1,1,1,1,1,1,1,1
240388,1,1,1991,0,0,0,0,0,0,0,0,0,0
240388,2,1,1991,0,0,0,0,0,0,0,0,0,0
240389,1,1,1991,0,0,5,0,0,0,0,0,0,0
240389,2,1,1991,16,0,0,0,0,0,0,0,14,0
240390,1,1,1991,0,0,0,0,0,0,0,0,0,0
240390,2,1,1991,0,0,0,0,0,0,0,0,0,0
240391,1,1,1991,9,9,9,9,9,9,9,9,9,9
240392,1,1,1991,0,0,8,0,0,0,0,7,0,0
240392,2,1,1991,0,0,0,0,0,0,0,0,0,0
240393,1,1,1991,0,0,0,0,0,0,0,0,0,0
240393,2,1,1991,0,0,5,0,0,0,0,0,0,0
240394,1,1,1991,0,0,0,0,0,0,0,0,0,0
240394,2,1,1991,0,0,0,0,0,0,0,0,0,0
240395,1,1,1991,0,0,0,0,0,0,0,0,0,0
240395,2,1,1991,0,0,0,0,0,0,0,10,0,0
240396,1,1,1991,0,0,0,0,0,0,10,0,0,0
240397,1,1,1991,0,0,0,0,0,0,0,0,0,0
240398,1,1,1991,0,0,0,0,0,0,0,0,0,0
240398,2,1,1991,0,0,0,0,0,22,0,0,0,0
240398,3,1,1991,0,0,0,0,0,0,0,0,0,7
240399,1,2,1991,0,0,0,0,0,0,0,0,0,0
240399,2,1,1991,0,0,0,0,0,0,0,0,0,0
240399,3,1,1991,0,0,0,0,0,0,0,0,0,0
240400,0,1,1991,36,28,25,11,42,17,16,18,0,16
240400,1,1,1991,0,0,0,0,0,0,0,0,0,0
240400,2,1,1991,0,0,0,0,14,0,0,0,12,0
240401,1,1,1991,0,0,0,0,0,0,0,0,0,0
240401,2,1,1991,0,0,0,0,0,0,0,0,0,0
240402,1,1,1991,0,0,0,0,0,0,0,0,0,0
240402,2,1,1991,0,0,0,0,0,0,0,0,0,0
240403,1,1,1991,0,0,0,0,0,0,0,0,0,0
240403,2,1,1991,0,0,0,0,0,0,0,0,0,0
240404,1,1,1991,0,0,0,24,12,0,21,0,44,0
240404,2,1,1991,0,0,0,0,0,0,0,0,0,0
240405,1,1,1991,27,27,27,27,27,27,27,27,27,27
240406,1,1,1991,0,0,0,0,0,0,0,0,0,0
240406,2,1,1991,0,0,0,0,0,0,0,0,0,0
240407,1,1,1991,13,13,13,13,13,13,13,13,13,13
240407,2,1,1991,0,0,0,0,0,8,0,0,0,0
240408,0,1,1991,0,0,0,0,0,0,0,0,0,0
240408,0,2,1991,0,0,0,0,0,0,0,0,0,0
240408,2,1,1991,0,0,0,0,0,0,0,0,0,0
240408,3,1,1991,0,0,0,0,0,0,0,0,0,0
240409,1,1,1991,0,0,0,0,0,0,0,0,0,0
240410,1,1,1991,20,20,20,20,20,20,20,20,20,20
240410,2,1,1991,0,0,0,0,0,0,0,0,0,0
240411,1,1,1991,0,0,0,0,0,0,0,0,0,0
240411,2,1,1991,25,25,25,25,25,25,25,25,25,25
240412,1,1,1991,20,14,0,10,20,0,0,0,0,18
240412,2,1,1991,0,0,0,0,0,0,0,0,0,0
240412,3,1,1991,0,0,0,0,0,0,0,0,0,0
240412,4,2,1991,0,0,0,0,0,0,0,0,0,0
240413,1,1,1991,22,0,19,0,0,0,0,0,21,21
240414,1,1,1991,0,0,0,0,0,0,0,0,0,0
240414,2,2,1991,0,0,0,0,0,0,0,0,0,0
240415,1,1,1991,32,32,32,32,32,32,32,32,32,32
240415,2,1,1991,0,32,0,0,0,0,0,0,0,0
240416,1,1,1991,0,0,0,0,0,0,0,0,0,0
240416,2,1,1991,0,0,0,0,0,0,0,0,0,0
240417,1,1,1991,0,0,0,0,0,0,0,0,0,0
240417,2,1,1991,20,20,20,20,20,20,20,20,20,20
240418,1,1,1991,0,0,0,0,0,0,0,0,0,0
240418,2,1,1991,13,0,0,0,0,26,0,0,0,31
240418,3,1,1991,0,0,0,0,0,0,0,0,0,0
240419,1,1,1991,0,0,0,0,0,0,0,0,0,0
240419,2,1,1991,0,0,0,0,0,0,0,0,37,0
240420,1,1,1991,7,7,7,7,7,7,7,7,7,7
240420,2,1,1991,0,0,0,0,13,0,0,0,0,0
240421,0,1,1991,0,0,0,0,0,0,0,0,0,0
240421,1,1,1991,0,0,0,0,0,0,0,0,0,0
240422,1,1,1991,0,0,0,0,0,0,0,0,0,0
240422,2,1,1991,0,0,0,0,2,0,0,0,0,0
240422,3,1,1991,0,0,0,0,0,0,0,0,0,0
240423,1,1,1991,0,0,0,0,0,0,0,0,0,0
240423,2,1,1991,0,0,0,0,0,0,0,0,0,0
240425,1,1,1991,22,22,22,22,22,22,22,22,22,22
240427,1,1,1991,27,23,17,0,14,0,21,29,17,0
240427,2,1,1991,0,0,0,0,18,0,0,0,0,0
240428,1,1,1991,0,0,0,0,0,0,0,0,0,0
240429,1,1,1991,0,0,0,0,0,0,0,0,0,0
240429,2,1,1991,0,0,0,9,0,0,0,0,0,0
240430,1,1,1991,0,0,0,0,0,0,0,0,0,0
240431,1,1,1991,0,0,0,0,0,0,0,0,0,0
240431,2,1,1991,17,0,0,0,0,0,0,0,0,0
240432,1,1,1991,0,0,0,0,0,0,0,0,0,0
240433,1,1,1991,15,15,15,15,15,15,15,15,15,15
240434,0,1,1991,0,0,0,0,0,0,0,0,0,0
240434,1,1,1991,0,18,0,0,8,0,0,0,0,16
240435,1,1,1991,0,0,0,0,0,0,0,0,0,0
240435,2,1,1991,0,0,0,0,0,0,0,0,0,0
240436,1,1,1991,0,0,0,0,0,0,0,0,0,0
240437,1,1,1991,13,7,9,12,0,11,22,31,10,14
240438,0,1,1991,0,0,0,0,0,0,0,0,0,0
240438,1,1,1991,18,18,18,18,18,18,18,18,18,18
240440,1,1,1991,21,21,21,21,21,21,21,21,21,21
240441,1,1,1991,0,0,9,0,0,0,0,0,0,0
240442,0,1,1991,14,14,14,14,14,14,14,14,14,14
240442,1,1,1991,15,15,15,15,15,15,15,15,15,15
240443,1,1,1991,14,14,14,14,14,14,14,14,14,14
240444,1,1,1991,24,24,24,24,24,24,24,24,24,24
240445,1,1,1991,17,17,17,17,17,17,17,17,17,17
240446,1,1,1991,23,23,23,23,23,23,23,23,23,23
240447,0,1,1991,0,0,0,0,0,0,0,0,0,0
240447,1,1,1991,0,0,0,0,0,0,0,0,0,0
240448,1,1,1991,0,0,0,0,11,0,11,0,0,0
240449,1,1,1991,2,2,2,2,2,2,2,2,2,2
240450,1,1,1991,0,0,0,0,0,0,0,0,0,0
240451,0,1,1991,6,6,6,6,6,6,6,6,6,6
240451,1,1,1991,0,0,0,0,0,0,0,0,0,0
240452,1,1,1991,0,0,0,0,0,0,0,0,0,0
240452,2,1,1991,0,0,0,0,0,0,0,0,0,0
240452,3,1,1991,0,0,0,0,0,0,0,0,0,0
240452,4,1,1991,0,0,0,0,0,0,0,0,0,0
240454,1,1,1991,18,18,16,14,17,7,11,15,24,24
240455,1,1,1991,17,0,0,0,0,0,0,7,0,0
240456,1,1,1991,15,15,15,15,15,15,15,15,15,15
240457,1,1,1991,21,20,0,0,0,5,0,28,16,9
240457,2,1,1991,0,0,0,0,0,0,0,0,0,0
240457,3,1,1991,0,0,0,0,0,0,0,0,0,0
240458,1,1,1991,0,0,8,0,0,0,0,0,0,0
240458,2,1,1991,16,0,0,0,0,0,0,0,0,0
240459,1,1,1991,17,0,0,0,0,0,0,0,0,0
240460,1,1,1991,0,2,10,0,0,0,0,0,0,5
240460,2,1,1991,16,16,16,16,16,16,16,16,16,16
240461,0,1,1991,19,19,19,19,19,19,19,19,19,19
240461,1,1,1991,0,0,0,0,5,0,0,0,0,0
240462,1,1,1991,22,22,22,22,22,22,22,22,22,22
240463,1,1,1991,0,0,0,0,0,0,0,0,0,0
240463,2,1,1991,0,0,0,0,0,0,0,0,0,0
240464,1,1,1991,0,0,0,0,0,0,0,0,0,0
240464,2,1,1991,0,0,0,0,0,0,0,0,0,0
240465,1,1,1991,32,32,32,32,32,32,32,32,32,32
240466,1,1,1991,0,0,0,0,0,0,0,0,0,0
240467,1,1,1991,0,0,0,0,0,0,0,0,0,0
240467,2,1,1991,0,0,0,0,0,0,0,0,0,0
240468,0,1,1991,0,0,0,0,0,0,0,0,0,0
240468,1,1,1991,0,0,0,0,0,0,0,0,0,0
240469,0,1,1991,0,0,0,0,0,0,0,0,0,0
240469,1,1,1991,0,0,0,0,0,0,0,0,0,0
240470,1,1,1991,0,0,0,0,0,0,0,0,0,23
240472,1,1,1991,0,0,0,0,0,0,0,0,0,0
240473,1,1,1991,0,0,0,0,0,0,0,0,0,0
240474,0,1,1991,0,0,0,0,0,0,0,0,0,0
240474,1,1,1991,0,0,0,0,0,0,0,0,0,0
240475,1,1,1991,0,0,0,0,0,0,0,0,0,0
240476,1,1,1991,0,0,0,0,0,0,0,0,0,0
240477,0,1,1991,24,24,24,24,24,24,24,24,24,24
240477,1,1,1991,0,0,0,0,0,0,0,0,0,0
240478,1,1,1991,0,0,0,0,0,0,0,0,0,0
240479,1,1,1991,9,9,9,9,9,9,9,9,9,9
240479,2,1,1991,0,0,0,0,0,0,0,0,0,0
240480,1,1,1991,33,0,0,0,0,0,0,0,0,0
240481,0,1,1991,11,11,11,11,11,11,11,11,11,11
240481,1,1,1991,0,0,0,0,0,0,0,0,0,0
240482,0,1,1991,0,0,0,0,0,0,0,0,0,0
240482,1,1,1991,0,0,0,0,0,0,0,0,0,0
240483,1,1,1991,0,0,0,0,0,0,0,0,0,0
240484,1,1,1991,0,0,0,0,0,0,0,0,0,0
240484,2,1,1991,0,0,0,0,0,0,0,0,0,0
240486,1,1,1991,0,0,0,0,0,0,0,0,0,0
240486,2,1,1991,0,0,0,0,0,0,0,0,0,0
240486,3,1,1991,0,0,0,0,0,0,0,0,0,0
240487,1,1,1991,0,0,0,0,0,0,0,0,0,0
240487,2,1,1991,0,0,0,0,0,0,0,0,0,0
240488,0,1,1991,0,0,0,0,0,0,0,0,0,0
240488,1,1,1991,0,0,0,0,0,0,0,0,0,0
240489,0,1,1991,24,24,24,24,24,24,24,24,24,24
240489,1,1,1991,0,0,0,0,0,0,0,0,0,0
240490,1,1,1991,11,11,11,11,11,11,11,11,11,11
240491,1,1,1991,14,14,15,11,14,19,2,10,11,9
240492,1,1,1991,0,0,0,0,0,0,0,0,0,0
240492,2,1,1991,0,0,0,0,0,0,0,0,3,8
240494,1,1,1991,0,0,0,0,0,0,0,0,0,0
240494,2,1,1991,0,0,0,0,0,0,0,0,0,0
240495,1,1,1991,0,0,0,0,0,0,0,0,0,9
240495,2,1,1991,0,0,0,0,0,0,0,0,0,0
240495,3,1,1991,0,0,0,18,0,0,0,0,0,0
240495,4,1,1991,0,0,0,0,0,0,0,0,0,0
240496,1,1,1991,19,19,19,19,19,19,19,19,19,19
240496,2,1,1991,0,11,0,0,0,0,0,0,13,0
240497,1,1,1991,0,0,0,0,0,0,0,0,0,0
240498,1,1,1991,14,14,14,14,14,14,14,14,14,14
240499,1,1,1991,0,0,0,0,0,0,0,0,0,0
240499,2,1,1991,0,0,0,0,0,0,0,0,0,0
240500,1,1,1991,9,9,9,9,9,9,9,9,9,9
240500,2,1,1991,0,0,0,0,0,0,0,0,0,0
240500,3,1,1991,0,0,0,0,0,0,0,0,0,0
240500,4,1,1991,0,0,0,0,0,0,15,0,0,0
240500,5,1,1991,0,0,0,0,0,0,8,0,0,0
240501,0,1,1991,27,27,27,27,27,27,27,27,27,27
240501,1,1,1991,0,0,0,0,0,0,0,0,0,0
240502,1,1,1991,23,23,23,23,23,23,23,23,23,23
240503,0,1,1991,0,0,0,0,0,0,0,0,0,0
240503,0,2,1991,9,0,0,0,0,0,0,0,0,8
240503,1,1,1991,0,0,0,0,0,0,0,0,0,0
240505,1,1,1991,0,0,0,0,0,0,0,0,0,0
240505,2,1,1991,0,0,0,0,0,0,0,0,0,0
240506,1,1,1991,18,18,18,18,18,18,18,18,18,18
240507,1,1,1991,37,37,37,37,37,37,37,37,37,37
240507,2,1,1991,0,0,0,0,0,0,0,0,0,0
240508,1,1,1991,0,0,0,0,0,0,0,0,0,13
240508,2,1,1991,0,0,0,0,0,0,0,0,0,0
240508,3,1,1991,12,0,0,0,0,0,0,0,0,0
240509,1,1,1991,0,0,0,0,0,0,0,0,0,0
240509,2,1,1991,0,0,0,0,0,37,0,0,0,0
240510,0,1,1991,0,0,0,0,0,0,0,0,0,0
240510,1,1,1991,0,0,0,0,0,0,0,0,0,0
240511,1,1,1991,0,0,0,0,0,0,0,0,0,0
240512,1,1,1991,16,16,16,16,16,16,16,16,16,16
240512,2,1,1991,0,0,0,0,0,11,0,0,0,20
240513,1,1,1991,22,0,0,17,0,37,0,0,0,0
240514,1,1,1991,0,0,0,0,0,0,0,0,0,0
240514,2,1,1991,0,0,0,0,0,0,0,0,0,0
240515,1,1,1991,0,0,0,0,0,0,0,0,0,0
240516,1,1,1991,0,0,0,0,11,0,0,0,0,0
240517,0,1,1991,0,0,0,0,0,0,0,0,0,0
240517,1,1,1991,0,0,0,0,0,8,0,0,23,0
240518,1,1,1991,0,0,0,0,0,0,0,0,0,0
240519,1,1,1991,0,0,0,0,0,0,0,0,0,0
240519,2,1,1991,0,0,0,0,0,0,0,0,0,0
240520,0,1,1991,0,0,0,0,0,0,0,0,0,0
240520,0,2,1991,0,0,0,15,0,0,18,0,0,0
240520,1,1,1991,0,0,0,0,0,0,0,0,17,0
240521,1,1,1991,0,0,0,14,0,0,16,13,19,0
240522,0,1,1991,0,0,0,0,0,0,0,0,0,0
240522,1,1,1991,0,25,0,0,0,0,20,0,0,0
240523,1,1,1991,0,0,0,0,0,0,0,0,0,0
240524,1,1,1991,0,0,0,0,0,0,0,0,0,0
240524,2,1,1991,0,0,0,0,0,10,0,0,0,9
240525,1,1,1991,0,0,0,0,13,0,0,0,0,0
240525,2,1,1991,0,0,0,0,0,0,0,0,0,0
240526,0,1,1991,0,0,0,0,0,0,0,0,0,0
240526,1,1,1991,0,0,0,0,0,0,0,0,0,0
240527,0,1,1991,2,2,2,2,2,2,2,2,2,2
240527,1,1,1991,0,0,0,6,0,5,0,0,0,0
240528,1,1,1991,0,0,0,11,0,0,0,0,25,0
240528,2,1,1991,16,0,0,0,7,0,26,0,8,0
240529,0,1,1991,12,12,12,12,12,12,12,12,12,12
240529,0,2,1991,43,22,35,28,20,31,24,19,7,27
240529,1,1,1991,0,0,6,0,0,0,0,0,0,0
240530,1,1,1991,0,12,0,0,6,0,0,0,0,0
240530,2,1,1991,0,0,0,0,0,0,0,0,0,0
240531,1,1,1991,18,18,18,18,18,18,18,18,18,18
240532,1,1,1991,0,0,0,0,0,0,0,0,6,0
240533,0,1,1991,0,0,0,0,0,0,0,0,0,0
240533,1,1,1991,4,4,4,4,4,4,4,4,4,4
240534,1,1,1991,0,0,0,0,0,0,0,0,0,0
240534,2,1,1991,0,0,0,0,0,0,0,0,0,0
240535,0,1,1991,0,0,0,0,0,0,0,0,0,0
240535,1,1,1991,0,0,0,10,0,0,0,0,6,30
240536,1,1,1991,0,0,0,0,0,0,0,0,7,0
240537,1,1,1991,0,0,0,0,0,0,0,0,0,0
240537,2,1,1991,0,0,0,0,0,0,0,0,13,20
240538,1,1,1991,0,0,0,0,0,0,0,0,0,5
240538,2,1,1991,19,24,0,35,0,0,15,0,0,14
240539,1,1,1991,0,0,0,0,0,0,0,0,0,16
240539,2,1,1991,0,0,0,0,0,0,0,0,0,0
240539,3,1,1991,0,0,0,0,0,0,0,0,0,0
240540,1,1,1991,19,9,31,21,19,8,10,16,11,33
240541,0,1,1991,7,0,15,19,27,0,26,0,19,34
240541,1,1,1991,0,0,0,0,0,0,0,0,0,0
240542,1,1,1991,17,17,17,17,17,17,17,17,17,17
240543,1,1,1991,0,0,0,0,0,0,0,0,0,0
240544,1,1,1991,0,0,0,0,0,0,0,0,0,0
240544,2,1,1991,7,7,12,6,27,6,21,9,0,12
240545,1,1,1991,0,0,0,0,24,9,0,12,0,0
240545,2,1,1991,0,0,0,0,0,0,0,0,0,0
240546,1,1,1991,0,0,0,0,0,0,0,0,0,0
240546,2,1,1991,0,0,0,0,0,0,0,0,0,0
240546,3,1,1991,0,0,0,0,0,0,0,0,0,0
240547,1,1,1991,0,0,0,0,0,0,0,0,0,0
240547,2,1,1991,0,0,0,0,0,0,0,0,0,0
240548,0,1,1991,0,0,0,0,0,0,0,0,0,0
240548,1,1,1991,0,0,0,0,0,0,0,0,0,0
240549,1,1,1991,19,22,11,9,14,7,15,15,24,27
240549,2,1,1991,0,0,0,0,0,0,0,0,0,0
240550,0,1,1991,0,0,0,0,0,0,0,0,0,0
240550,1,1,1991,0,0,0,0,0,0,0,0,0,0
240551,1,1,1991,0,0,0,0,0,0,0,0,0,0
240552,1,1,1991,0,0,0,0,0,0,0,0,0,0
240553,0,1,1991,0,0,0,0,37,0,22,29,0,0
240553,1,1,1991,0,0,0,0,0,0,16,12,0,0
240554,0,1,1991,0,0,0,0,0,0,0,0,0,0
240554,1,1,1991,0,7,13,0,0,11,18,0,0,18
240555,0,1,1991,0,0,0,0,0,0,0,0,0,0
240555,1,1,1991,0,0,0,0,0,0,0,0,0,0
240556,1,1,1991,11,11,11,11,11,11,11,11,11,11
240556,2,1,1991,7,16,11,18,7,0,17,0,0,0
240557,1,1,1991,0,0,0,0,0,0,0,0,0,0
240557,2,1,1991,0,0,11,0,0,0,0,0,0,0
240557,3,1,1991,0,0,0,0,0,0,0,0,0,0
240558,1,1,1991,0,0,0,0,0,0,0,0,0,0
240558,2,1,1991,0,0,0,0,0,0,0,0,0,0
240559,1,1,1991,0,0,0,0,0,0,0,0,36,0
240560,0,1,1991,0,0,0,0,0,0,0,0,0,0
240560,1,1,1991,17,0,0,0,0,0,0,0,19,27
240561,1,1,1991,0,0,0,0,0,0,0,0,0,0
240561,2,1,1991,17,17,0,0,21,0,0,0,19,16
240562,0,1,1991,36,36,36,36,36,36,36,36,36,36
240562,1,1,1991,0,0,37,0,0,0,0,16,0,15
240563,1,1,1991,13,13,13,13,13,13,13,13,13,13
240564,1,1,1991,27,27,27,27,27,27,27,27,27,27
240565,1,1,1991,22,22,22,22,22,22,22,22,22,22
240566,0,1,1991,29,0,0,0,0,0,0,0,0,0
240566,1,1,1991,20,0,0,0,0,0,0,0,0,0
240567,1,1,1991,0,0,16,7,0,11,0,11,0,0
240568,0,1,1991,0,0,0,0,0,17,11,0,9,23
240568,1,1,1991,0,0,0,0,0,0,0,0,0,0
240568,2,1,1991,0,0,0,0,0,0,0,0,0,0
240569,0,1,1991,0,0,0,0,0,0,0,0,0,0
240569,1,1,1991,0,0,0,0,0,0,0,0,0,0
240570,1,1,1991,17,17,17,17,17,17,17,17,17,17
240571,1,1,1991,0,0,0,0,0,0,0,0,0,0
240571,2,1,1991,0,0,0,0,0,0,0,0,0,0
240572,1,1,1991,0,0,0,0,0,0,0,0,0,0
240573,1,1,1991,20,20,20,20,20,20,20,20,20,20
240574,0,1,1991,7,7,7,7,7,7,7,7,7,7
240574,1,1,1991,0,0,0,0,0,0,0,0,0,0
240575,1,1,1991,0,0,0,0,0,0,0,0,0,0
240575,2,1,1991,0,0,0,0,0,0,0,0,0,0
240575,3,1,1991,0,0,0,0,0,0,0,0,0,0
240576,1,1,1991,0,0,0,0,0,0,0,0,0,0
240576,2,1,1991,0,0,0,0,0,0,0,0,0,0
240577,1,1,1991,0,0,0,0,0,0,0,0,0,0
240577,2,1,1991,0,0,0,0,0,0,0,0,0,0
240578,1,1,1991,13,13,13,13,13,13,13,13,13,13
240579,1,1,1991,24,24,24,24,24,24,24,24,24,24
240580,1,1,1991,11,11,11,11,11,11,11,11,11,11
240581,1,1,1991,7,7,7,7,7,7,7,7,7,7
240582,1,1,1991,0,0,0,0,0,0,0,0,0,0
240582,2,1,1991,0,0,0,0,0,0,0,0,0,0
240583,1,1,1991,0,0,0,0,0,0,0,0,0,0
240583,2,1,1991,0,0,0,0,0,0,0,0,0,0
240584,1,1,1991,9,12,0,0,0,0,0,10,0,0
240585,1,1,1991,0,0,0,0,0,0,0,0,0,0
240586,1,1,1991,18,9,0,11,15,0,0,16,0,15
240587,1,1,1991,0,0,0,0,0,0,0,0,0,0
240587,2,1,1991,10,0,0,0,0,0,0,0,0,0
240588,1,1,1991,5,5,5,5,5,5,5,5,5,5
240589,1,1,1991,0,0,0,0,0,0,0,0,0,0
240590,1,1,1991,0,0,0,0,0,0,0,0,0,0
240591,1,1,1991,7,7,7,7,7,7,7,7,7,7
240591,2,1,1991,0,0,0,0,0,0,0,0,0,0
240592,0,1,1991,0,0,0,0,0,0,0,0,0,0
240592,1,1,1991,13,13,13,13,13,13,13,13,13,13
240593,0,1,1991,0,0,0,0,0,0,0,0,0,0
240593,1,1,1991,0,0,0,0,0,0,0,0,0,0
240594,1,1,1991,0,0,0,0,0,0,0,0,0,0
240594,2,1,1991,0,0,0,0,0,0,0,0,0,0
240595,1,1,1991,16,16,16,16,16,16,16,16,16,16
240596,0,1,1991,11,11,11,11,11,11,11,11,11,11
240596,1,1,1991,0,0,0,0,0,0,0,0,0,17
240597,1,1,1991,18,18,18,18,18,18,18,18,18,18
240598,0,1,1991,0,0,0,0,0,0,0,0,0,0
240598,1,1,1991,0,0,0,0,0,0,0,0,0,0
240598,2,1,1991,0,0,0,0,0,0,0,0,0,0
240599,1,1,1991,0,0,0,0,0,0,0,0,0,0
240599,2,1,1991,0,0,0,0,0,0,0,0,0,0
240600,0,1,1991,0,0,0,0,0,0,0,0,0,0
240600,1,1,1991,0,0,0,0,0,0,0,0,0,0
240601,0,1,1991,18,18,18,18,18,18,18,18,18,18
240601,1,1,1991,0,0,0,0,0,0,0,10,0,0
240602,1,1,1991,0,0,0,0,0,0,0,0,0,0
240603,1,1,1991,0,0,0,0,0,0,0,0,0,0
240603,2,1,1991,0,0,0,0,0,0,0,0,0,0
240604,1,1,1991,0,29,13,4,14,12,20,24,0,0
240604,2,1,1991,0,0,0,0,0,0,0,0,0,0
240605,1,1,1991,0,0,0,0,0,23,0,15,0,0
240605,2,1,1991,0,0,0,0,0,0,0,0,0,0
240606,1,1,1991,0,0,0,0,0,0,0,0,0,0
240606,2,1,1991,0,0,0,0,0,0,0,0,0,0
240607,0,1,1991,0,0,0,0,0,0,0,0,0,0
240607,1,1,1991,0,0,0,0,0,0,0,0,0,0
240608,0,1,1991,30,30,30,30,30,30,30,30,30,30
240608,1,1,1991,0,0,0,0,0,0,13,0,0,0
240609,0,1,1991,0,0,0,0,0,0,0,0,0,0
240609,1,1,1991,0,7,0,0,0,0,0,0,0,0
240610,1,1,1991,0,0,0,0,0,0,0,0,0,0
240611,1,1,1991,19,19,19,19,19,19,19,19,19,19
240612,1,1,1991,8,8,8,8,8,8,8,8,8,8