ST_CASE,VEH_NO,PER_NO,YEAR,P1,P2,P3,P4,P5,P6,P7,P8,P9,P10
240612,2,1,1991,14,0,24,0,0,0,0,0,27,0
240613,1,1,1991,0,0,0,0,0,0,0,0,0,0
240613,2,1,1991,0,0,0,0,0,0,0,0,0,0
240614,1,1,1991,13,13,13,13,13,13,13,13,13,13
240615,1,1,1991,0,0,0,0,0,0,0,0,0,0
240616,1,1,1991,17,17,17,17,17,17,17,17,17,17
240617,0,1,1991,0,0,0,0,0,0,0,0,0,0
240617,1,1,1991,0,0,0,0,0,0,0,0,0,0
240618,0,1,1991,0,0,0,0,0,0,0,0,0,0
240619,0,1,1991,0,0,0,0,0,0,0,0,0,0
240619,1,1,1991,0,0,0,0,0,0,0,0,0,0
240619,2,1,1991,0,0,0,0,0,0,0,0,0,0
240620,1,1,1991,0,0,0,0,0,0,0,0,0,0
240620,2,2,1991,0,0,0,0,0,0,0,0,0,0
240621,1,1,1991,0,0,0,4,7,0,0,0,0,0
240622,1,1,1991,0,0,0,0,0,0,0,0,0,0
240622,2,1,1991,0,0,0,0,0,0,0,0,0,0
240623,1,1,1991,0,0,0,0,0,0,0,0,0,0
240623,2,1,1991,0,0,0,0,0,0,0,0,0,0
240624,1,1,1991,28,11,35,13,9,27,21,18,18,14
240624,2,1,1991,0,13,0,0,0,7,8,0,0,0
240625,0,1,1991,0,0,0,0,0,0,0,0,0,0
240625,1,1,1991,13,19,23,6,14,13,7,13,8,11
240626,0,1,1991,0,0,0,0,0,0,0,0,0,0
240626,1,1,1991,0,0,0,0,0,0,0,0,0,0
240627,1,1,1991,0,0,0,0,0,0,0,0,0,0
240627,2,1,1991,0,0,0,0,0,0,0,0,0,0
240628,0,1,1991,21,0,3,0,16,12,11,0,4,38
240628,1,1,1991,0,0,0,0,0,0,0,0,0,0
240629,0,1,1991,0,0,0,0,0,0,0,0,0,13
240629,1,1,1991,0,0,0,0,0,0,0,0,0,0
240630,0,1,1991,0,0,0,0,0,0,0,0,0,0
240630,1,1,1991,0,0,0,0,0,0,0,0,0,0
240631,1,1,1991,2,2,2,2,2,2,2,2,2,2
240631,2,1,1991,0,0,0,0,0,0,8,0,0,0
240632,1,1,1991,0,0,0,0,0,0,0,0,0,0
240632,2,1,1991,0,0,0,0,0,0,0,0,0,0
240632,3,1,1991,0,0,0,0,0,0,0,0,0,0
240633,0,1,1991,0,0,0,17,0,0,0,0,0,0
240633,1,1,1991,0,0,0,0,0,0,0,0,0,0
240635,1,1,1991,0,0,0,0,0,0,0,0,0,9
240636,1,1,1991,0,0,0,0,0,0,0,0,0,0
240636,2,1,1991,0,0,0,0,0,0,0,0,0,0
240637,1,1,1991,0,0,0,0,0,0,0,0,0,0
240638,0,1,1991,0,0,0,0,0,0,0,0,0,13
240638,1,1,1991,0,0,0,0,0,0,0,0,0,0
240639,0,1,1991,12,12,12,12,12,12,12,12,12,12
240639,1,1,1991,0,0,0,0,0,0,0,0,0,0
240640,1,1,1991,0,0,0,0,0,0,0,0,0,0
240641,0,1,1991,0,0,0,0,0,0,0,0,0,0
240641,1,1,1991,0,0,0,0,0,0,0,0,0,0
240643,1,1,1991,0,0,0,0,11,0,0,0,9,0
240643,2,1,1991,0,0,0,0,0,0,0,0,0,0
240644,0,1,1991,20,20,20,20,20,20,20,20,20,20
240644,1,1,1991,0,0,0,0,0,0,0,0,0,0
240645,1,1,1991,0,0,0,0,28,0,0,28,0,0
240646,1,1,1991,0,0,0,0,0,0,0,0,0,0
240647,0,1,1991,0,0,0,0,0,0,0,0,0,0
240647,1,1,1991,0,0,0,0,0,0,0,0,0,0
240648,0,1,1991,10,10,10,10,10,10,10,10,10,10
240648,1,1,1991,15,0,2,0,0,0,16,0,29,17
240649,1,1,1991,13,31,0,0,20,0,0,24,10,15
240650,1,1,1991,5,5,5,5,5,5,5,5,5,5
240650,2,1,1991,0,0,0,0,0,0,0,0,0,0
240651,1,1,1991,0,0,0,0,0,0,0,0,0,0
240652,0,1,1991,0,0,0,0,16,0,24,0,0,24
240652,1,1,1991,0,0,0,0,0,0,0,0,0,0
240653,1,1,1991,0,0,0,0,0,0,0,0,0,0
240653,2,1,1991,0,0,0,0,0,0,0,0,0,0
250001,1,1,1991,22,22,22,22,22,22,22,22,22,22
250002,1,1,1991,0,0,0,0,15,0,0,0,0,0
250002,2,1,1991,10,0,0,0,0,0,0,0,8,0
250003,1,1,1991,0,0,21,23,12,34,33,0,29,0
250004,1,1,1991,24,24,24,24,24,24,24,24,24,24
250004,2,1,1991,26,19,0,0,0,14,21,0,14,0
250005,0,1,1991,0,0,0,0,0,0,0,0,0,0
250005,1,1,1991,0,0,8,0,0,0,0,0,0,0
250005,2,1,1991,0,0,0,26,0,0,0,0,0,17
250005,3,1,1991,0,0,0,0,0,0,0,17,0,0
250005,4,1,1991,5,0,0,0,0,0,25,0,0,0
250007,1,1,1991,0,0,0,0,0,0,0,0,0,0
250008,1,1,1991,12,12,12,12,12,12,12,12,12,12
250009,1,1,1991,14,14,14,14,14,14,14,14,14,14
250010,0,1,1991,0,0,0,0,0,0,0,0,0,0
250010,1,1,1991,0,0,0,21,0,0,0,0,0,15
250011,1,1,1991,0,0,0,29,0,0,0,0,0,0
250012,1,1,1991,19,19,19,19,19,19,19,19,19,19
250013,1,1,1991,0,0,0,17,0,0,0,0,0,21
250013,2,1,1991,0,0,0,0,0,0,0,0,0,0
250013,3,1,1991,0,0,0,0,0,0,0,0,0,0
250014,0,1,1991,0,0,0,0,0,0,0,0,0,0
250014,1,1,1991,0,0,0,0,0,0,0,17,0,0
250015,0,1,1991,0,0,0,0,0,0,0,0,0,0
250015,1,1,1991,0,23,0,0,0,0,0,0,0,22
250016,1,1,1991,0,0,0,0,0,0,0,0,0,0
250016,2,1,1991,0,0,0,0,0,0,0,0,0,0
250017,1,1,1991,0,0,0,0,0,0,0,0,0,0
250017,2,1,1991,0,0,0,0,0,0,0,0,0,0
250018,1,1,1991,15,17,0,25,0,10,0,0,0,0
250018,2,1,1991,20,20,20,20,20,20,20,20,20,20
250019,1,1,1991,8,6,24,17,16,0,14,37,14,24
250020,1,1,1991,0,7,25,20,0,0,9,17,0,5
250021,1,1,1991,0,0,0,0,0,0,0,0,0,0
250021,2,1,1991,0,0,0,0,0,0,0,0,0,0
250022,1,1,1991,0,0,0,0,11,0,0,0,0,0
250022,2,1,1991,0,0,0,0,0,0,0,0,0,0
250023,1,1,1991,16,16,16,16,16,16,16,16,16,16
250024,1,1,1991,0,0,0,0,0,0,0,0,0,0
250024,2,1,1991,0,0,0,0,0,15,0,0,0,0
250025,1,1,1991,0,0,0,0,0,0,20,0,0,0
250025,2,1,1991,0,0,0,0,0,0,0,0,0,0
250026,1,1,1991,0,0,0,0,0,0,0,0,0,0
250026,2,1,1991,0,7,4,0,0,0,0,0,0,0
250027,1,1,1991,0,0,0,0,0,0,0,0,17,6
250027,2,1,1991,0,0,0,0,0,0,0,0,0,0
250027,3,1,1991,0,0,0,0,0,0,0,0,0,0
250028,1,1,1991,0,0,0,0,0,0,0,0,0,0
250029,1,1,1991,0,0,0,0,0,0,0,0,0,0
250030,0,1,1991,0,0,0,0,0,0,0,0,0,0
250030,1,1,1991,0,0,40,0,0,0,0,0,0,0
250031,1,1,1991,0,0,0,0,0,0,0,0,0,0
250031,2,1,1991,0,0,0,0,0,0,0,0,0,0
250032,1,1,1991,0,0,0,0,0,0,0,0,0,0
250033,0,1,1991,0,0,0,0,0,0,0,0,0,0
250033,1,1,1991,0,0,0,0,0,0,0,0,0,0
250034,1,1,1991,0,0,0,0,0,0,0,0,0,0
250034,2,1,1991,0,0,0,0,0,0,0,0,0,0
250035,1,1,1991,0,0,0,0,0,0,0,0,0,0
250035,2,1,1991,0,0,0,0,0,0,0,0,0,0
250036,0,1,1991,18,18,18,18,18,18,18,18,18,18
250036,1,1,1991,0,0,0,0,7,0,0,16,0,0
250037,1,1,1991,7,14,22,13,15,11,20,16,9,8
250038,1,1,1991,11,0,0,0,17,0,8,0,0,0
250039,1,1,1991,23,23,23,23,23,23,23,23,23,23
250040,1,1,1991,17,36,11,0,21,34,17,24,13,12
250041,1,1,1991,35,35,35,35,35,35,35,35,35,35
250042,1,1,1991,20,18,21,12,4,18,6,15,11,34
250042,2,1,1991,0,0,0,19,17,0,0,0,6,0
250043,0,1,1991,0,0,0,0,0,0,0,0,0,0
250043,1,1,1991,0,18,3,0,0,0,13,0,0,23
250044,1,1,1991,0,0,0,0,0,0,0,0,0,0
250044,2,1,1991,0,0,0,0,0,0,0,0,0,0
250044,3,1,1991,10,0,0,0,0,0,0,0,0,0
250044,4,1,1991,0,0,0,0,0,0,0,15,12,0
250045,1,1,1991,20,20,20,20,20,20,20,20,20,20
250046,1,1,1991,0,0,0,0,0,18,0,6,0,8
250047,1,1,1991,7,7,7,7,7,7,7,7,7,7
250048,1,1,1991,32,32,32,32,32,32,32,32,32,32
250048,2,1,1991,7,7,23,20,14,24,19,7,12,20
250049,1,1,1991,17,17,17,17,17,17,17,17,17,17
250050,1,1,1991,0,0,0,0,0,0,0,0,0,0
250050,2,1,1991,15,0,9,0,0,0,0,21,0,0
250051,1,1,1991,0,0,0,0,0,0,0,0,0,0
250052,1,1,1991,22,22,22,22,22,22,22,22,22,22
250052,2,1,1991,0,0,0,0,0,0,0,0,0,0
250053,1,1,1991,8,8,8,8,8,8,8,8,8,8
250054,1,1,1991,16,11,17,0,15,17,8,7,9,2
250054,2,1,1991,0,0,0,0,0,0,0,0,0,0
250055,1,1,1991,0,0,0,0,0,0,0,0,0,0
250056,1,1,1991,0,0,0,0,0,0,0,0,0,0
250057,1,1,1991,0,0,0,0,0,0,0,0,0,0
250057,2,1,1991,0,0,0,0,0,0,0,0,0,0
250057,3,1,1991,0,0,0,0,0,0,0,0,0,0
250058,0,1,1991,0,0,0,0,0,0,0,0,0,0
250058,0,2,1991,0,0,0,0,0,0,0,0,0,0
250058,0,3,1991,10,6,7,9,0,28,23,0,0,0
250058,0,4,1991,7,19,10,26,0,8,16,23,0,8
250058,0,5,1991,0,0,6,0,0,0,10,0,15,0
250058,0,6,1991,8,0,0,0,0,30,0,26,16,18
250058,1,1,1991,0,18,15,24,11,14,19,8,10,10
250059,0,1,1991,0,0,0,0,0,0,0,0,0,0
250059,0,2,1991,0,0,0,0,25,7,0,10,19,0
250059,1,1,1991,0,0,0,0,0,0,0,15,0,0
250060,1,1,1991,11,32,21,0,20,16,21,17,11,6
250061,1,1,1991,33,33,33,33,33,33,33,33,33,33
250062,1,1,1991,28,28,28,28,28,28,28,28,28,28
250063,1,1,1991,25,25,25,25,25,25,25,25,25,25
250064,1,1,1991,0,0,0,0,0,0,0,0,0,0
250064,2,1,1991,0,0,0,0,0,0,0,0,0,0
250065,0,1,1991,14,14,14,14,14,14,14,14,14,14
250065,1,1,1991,19,0,0,0,0,0,0,0,0,0
250066,1,1,1991,25,25,25,25,25,25,25,25,25,25
250067,1,1,1991,27,27,27,27,27,27,27,27,27,27
250067,2,1,1991,0,0,0,0,0,0,0,0,0,0
250068,0,1,1991,0,0,0,0,0,0,0,0,0,0
250068,0,2,1991,0,0,0,0,0,0,0,0,0,0
250068,1,1,1991,6,6,6,6,6,6,6,6,6,6
250069,1,2,1991,15,11,32,18,0,0,0,4,14,14
250070,1,1,1991,19,19,19,19,19,19,19,19,19,19
250070,2,1,1991,0,0,28,6,13,0,2,0,0,12
250071,1,1,1991,0,0,0,0,13,0,22,0,0,0
250071,2,1,1991,9,0,0,0,0,0,0,0,0,0
250072,1,1,1991,13,14,6,16,3,21,0,16,15,17
250073,1,1,1991,17,17,17,17,17,17,17,17,17,17
250074,1,1,1991,0,0,0,0,0,0,0,0,0,0
250075,0,1,1991,0,0,0,0,0,0,0,0,0,0
250075,1,1,1991,0,0,0,0,0,0,0,7,0,0
250076,1,1,1991,3,3,3,3,3,3,3,3,3,3
250077,1,1,1991,0,0,0,0,0,0,0,0,0,0
250077,2,1,1991,0,0,0,0,0,0,0,0,0,0
250078,1,1,1991,0,0,0,0,0,0,0,0,0,0
250079,1,1,1991,0,0,0,0,0,0,0,0,0,0
250079,2,1,1991,0,0,0,0,0,0,0,0,0,0
250080,0,1,1991,11,11,11,11,11,11,11,11,11,11
250080,0,2,1991,0,0,0,0,0,0,0,0,0,0
250080,1,1,1991,0,0,0,0,0,0,0,0,0,0
250081,1,1,1991,5,5,5,5,5,5,5,5,5,5
250082,1,1,1991,29,29,29,29,29,29,29,29,29,29
250083,1,1,1991,19,19,19,19,19,19,19,19,19,19
250084,1,1,1991,0,0,0,0,0,0,0,0,0,0
250084,2,1,1991,0,0,0,0,0,0,0,0,0,0
250085,0,1,1991,0,0,0,0,0,0,0,0,0,0
250085,1,1,1991,10,0,19,0,0,9,5,2,15,0
250086,1,1,1991,0,0,0,0,10,0,0,0,0,0
250086,2,1,1991,0,0,0,0,0,0,0,0,0,0
250087,1,1,1991,0,0,0,0,0,0,0,0,0,0
250087,2,1,1991,0,0,0,0,0,0,0,0,0,0
250088,1,1,1991,15,15,15,15,15,15,15,15,15,15
250089,0,1,1991,3,3,3,3,3,3,3,3,3,3
250089,1,1,1991,0,0,0,0,0,0,0,0,0,0
250090,0,1,1991,24,24,24,24,24,24,24,24,24,24
250090,1,1,1991,2,0,9,0,0,8,0,11,23,0
250091,0,1,1991,0,0,0,0,9,0,0,0,0,0
250091,1,1,1991,0,0,0,0,0,0,0,0,0,0
250092,1,1,1991,0,0,0,9,0,2,0,0,0,13
250092,2,1,1991,8,21,11,17,6,10,20,18,0,9
250093,1,1,1991,0,0,0,0,0,0,0,0,0,0
250094,0,1,1991,28,28,28,28,28,28,28,28,28,28
250094,1,1,1991,0,21,19,4,17,0,0,0,0,0
250095,0,1,1991,34,0,0,13,0,0,18,21,0,21
250095,1,1,1991,0,8,0,0,0,8,12,12,0,20
250096,0,1,1991,0,0,0,0,0,0,0,0,0,0
250096,1,1,1991,0,0,0,0,0,0,0,0,0,0
250097,1,1,1991,0,0,0,0,0,0,0,0,0,0
250098,1,1,1991,0,0,0,8,18,0,0,7,0,0
250099,0,1,1991,0,0,0,0,0,0,0,0,0,0
250099,1,1,1991,0,0,0,0,0,0,0,0,0,0
250100,0,1,1991,26,26,26,26,26,26,26,26,26,26
250100,1,1,1991,6,6,6,6,6,6,6,6,6,6
250101,1,1,1991,0,0,0,0,0,0,0,0,0,0
250101,2,1,1991,0,0,0,0,0,13,0,0,0,0
250102,1,1,1991,16,0,0,3,14,0,10,0,4,7
250103,1,1,1991,25,25,25,25,25,25,25,25,25,25
250104,1,1,1991,20,20,20,20,20,20,20,20,20,20
250105,1,1,1991,0,17,8,26,24,0,7,5,14,0
250105,2,1,1991,10,10,10,10,10,10,10,10,10,10
250106,1,1,1991,19,19,19,19,19,19,19,19,19,19
250107,1,1,1991,18,8,27,14,11,0,9,15,14,26
250108,1,1,1991,1,1,1,1,1,1,1,1,1,1
250109,0,1,1991,22,22,22,22,22,22,22,22,22,22
250109,1,1,1991,6,0,0,0,0,0,0,0,0,0
250110,1,1,1991,0,0,0,0,0,0,0,0,0,0
250110,2,1,1991,0,0,0,0,0,0,0,0,0,0
250111,0,1,1991,0,0,0,0,0,0,0,0,0,0
250111,1,1,1991,0,0,0,0,0,0,0,0,21,0
250112,1,1,1991,17,14,18,13,7,17,10,13,18,19
250112,2,1,1991,0,0,0,0,0,0,0,0,0,0
250113,1,1,1991,5,5,5,5,5,5,5,5,5,5
250114,1,1,1991,21,21,21,21,21,21,21,21,21,21
250115,1,1,1991,18,0,22,17,0,0,21,14,0,15
250116,1,1,1991,11,9,37,0,0,5,0,13,18,17
250117,1,1,1991,14,14,14,14,14,14,14,14,14,14
250117,2,1,1991,0,0,0,0,0,0,0,0,0,12
250118,1,1,1991,13,11,14,12,21,28,0,0,19,10
250119,1,1,1991,0,0,0,0,0,0,0,0,0,0
250120,1,1,1991,0,0,0,0,0,0,0,0,0,0
250121,1,1,1991,7,32,11,0,0,0,12,15,23,23
250122,0,1,1991,0,0,0,0,0,0,0,0,0,0
250122,1,1,1991,0,0,0,0,0,0,0,0,0,0
250123,0,1,1991,0,0,0,0,0,0,0,0,0,0
250123,1,1,1991,0,0,0,0,0,0,0,0,0,0
250124,1,1,1991,0,0,0,0,0,0,0,0,0,0
250124,2,1,1991,0,0,0,0,14,0,0,0,0,0
250125,0,1,1991,0,0,0,0,0,0,0,0,0,0
250125,1,1,1991,14,9,10,0,16,0,0,0,0,0
250126,1,1,1991,31,31,31,31,31,31,31,31,31,31
250127,1,1,1991,0,0,0,11,0,0,0,0,17,0
250128,1,1,1991,0,0,0,0,0,0,0,0,0,0
250129,0,1,1991,0,0,0,0,0,0,0,0,0,0
250129,1,1,1991,0,0,0,0,0,0,0,15,10,0
250130,0,1,1991,0,0,0,0,0,0,0,0,0,0
250130,1,1,1991,0,0,0,0,0,0,0,0,0,0
250131,1,1,1991,26,26,26,26,26,26,26,26,26,26
250132,1,1,1991,0,20,0,0,0,0,0,0,0,0
250133,0,1,1991,0,0,0,0,0,0,0,0,0,0
250133,1,1,1991,5,8,0,0,0,0,0,0,15,0
250134,1,1,1991,14,14,14,14,14,14,14,14,14,14
250135,1,1,1991,0,0,0,0,0,0,0,0,0,0
250136,1,1,1991,15,0,0,0,9,0,0,0,0,0
250136,2,1,1991,13,13,13,13,13,13,13,13,13,13
250137,1,1,1991,32,14,15,15,10,12,21,17,26,16
250137,2,1,1991,0,0,16,8,9,21,0,0,0,0
250138,0,1,1991,9,9,9,9,9,9,9,9,9,9
250138,1,1,1991,6,0,13,21,0,22,23,0,21,0
250139,1,1,1991,30,30,30,30,30,30,30,30,30,30
250140,1,1,1991,1,1,1,1,1,1,1,1,1,1
250141,1,1,1991,0,0,0,0,0,0,0,0,0,0
250141,2,1,1991,0,13,17,0,10,0,0,9,12,0
250142,1,1,1991,0,0,24,0,25,15,0,0,0,9
250143,1,1,1991,0,0,0,0,0,0,0,0,0,0
250143,2,1,1991,0,0,0,0,0,0,0,0,0,0
250143,3,1,1991,0,0,0,0,0,0,0,0,0,0
250144,1,1,1991,13,0,0,0,0,0,0,0,0,0
250144,2,1,1991,1,1,1,1,1,1,1,1,1,1
250145,1,1,1991,0,14,13,25,9,0,15,19,17,0
250146,1,1,1991,24,32,32,0,12,0,11,0,28,0
250147,0,1,1991,0,0,0,0,0,0,0,0,0,0
250147,1,1,1991,19,15,18,19,13,10,8,0,13,10
250148,1,1,1991,1,1,1,1,1,1,1,1,1,1
250148,2,1,1991,0,0,0,0,0,0,0,0,0,0
250149,1,1,1991,26,0,0,0,20,12,0,0,5,0
250149,2,1,1991,0,0,0,0,0,0,0,0,0,0
250150,1,1,1991,19,19,19,19,19,19,19,19,19,19
250151,1,1,1991,0,0,0,17,2,9,10,33,0,16
250151,2,1,1991,4,4,4,4,4,4,4,4,4,4
250152,1,1,1991,0,0,0,0,11,0,0,0,0,0
250152,2,1,1991,0,0,0,0,0,9,0,0,0,0
250153,1,1,1991,18,17,6,0,5,11,4,9,30,18
250154,1,1,1991,9,9,9,9,9,9,9,9,9,9
250155,1,1,1991,25,25,25,25,25,25,25,25,25,25
250156,1,1,1991,0,0,9,0,0,0,0,0,0,0
250156,2,1,1991,0,13,0,0,0,25,0,0,0,0
250156,3,1,1991,0,0,14,0,0,0,0,0,0,0
250157,1,1,1991,0,0,0,0,0,0,0,0,0,0
250157,2,1,1991,0,0,0,0,0,0,0,0,0,0
250158,0,1,1991,0,0,0,0,0,0,0,0,0,13
250158,1,1,1991,0,0,0,0,0,0,0,0,0,0
250158,2,1,1991,0,0,0,0,0,0,0,0,0,0
250159,1,1,1991,15,15,15,15,15,15,15,15,15,15
250160,1,1,1991,0,0,0,0,0,0,0,0,0,0
250160,2,1,1991,0,0,0,0,0,0,0,0,0,0
250161,1,1,1991,19,15,18,29,26,18,32,12,23,17
250161,2,1,1991,0,0,0,0,0,0,0,0,0,0
250162,1,1,1991,9,9,9,9,9,9,9,9,9,9
250163,0,1,1991,0,0,0,0,0,0,0,0,0,0
250163,0,2,1991,0,0,0,0,0,0,9,0,0,0
250163,1,1,1991,0,0,7,14,0,0,0,0,0,0
250164,1,1,1991,24,24,24,24,24,24,24,24,24,24
250165,1,1,1991,11,4,21,7,17,13,18,10,12,20
250166,1,1,1991,17,17,17,17,17,17,17,17,17,17
250167,1,1,1991,0,0,0,0,0,0,0,0,0,0
250167,2,1,1991,0,0,0,0,0,0,0,8,0,0
250168,1,1,1991,0,0,10,5,19,0,0,0,20,0
250170,1,1,1991,29,9,28,17,19,14,9,26,13,5
250171,1,1,1991,0,0,0,0,0,0,0,0,0,0
250171,2,1,1991,15,0,0,0,0,0,0,0,0,0
250172,1,1,1991,1,1,1,1,1,1,1,1,1,1
250173,1,1,1991,20,0,0,0,0,0,0,0,0,0
250173,2,1,1991,0,0,0,0,0,0,0,0,0,0
250174,1,1,1991,5,5,5,5,5,5,5,5,5,5
250175,1,1,1991,10,0,0,10,4,6,11,0,9,0
250175,2,1,1991,24,16,12,8,0,0,0,0,0,11
250176,1,1,1991,10,0,0,0,0,0,0,0,0,0
250176,2,1,1991,22,12,49,15,10,14,11,24,0,22
250177,0,1,1991,16,16,16,16,16,16,16,16,16,16
250177,1,1,1991,0,21,0,4,0,0,0,0,19,0
250178,1,1,1991,9,11,40,21,15,33,12,5,15,19
250179,1,1,1991,0,0,0,0,0,0,0,0,0,0
250180,1,1,1991,0,0,0,0,0,0,0,0,0,0
250180,2,1,1991,0,0,0,0,0,0,0,0,0,0
250181,0,1,1991,27,27,27,27,27,27,27,27,27,27
250181,1,1,1991,36,36,36,36,36,36,36,36,36,36
250182,1,1,1991,0,0,0,0,0,0,0,0,0,0
250182,2,1,1991,0,0,0,0,0,0,0,0,0,0
250183,0,1,1991,0,0,0,0,0,0,0,0,0,0
250183,1,1,1991,0,0,0,0,0,0,0,14,0,0
250184,1,1,1991,22,0,0,0,0,0,15,5,13,0
250186,1,1,1991,0,0,0,0,0,0,0,0,0,0
250186,2,1,1991,0,22,0,0,0,0,0,0,0,0
250188,0,1,1991,0,0,0,0,0,0,0,0,0,0
250188,1,1,1991,0,0,0,0,0,0,4,0,0,0
250189,1,1,1991,9,9,9,9,9,9,9,9,9,9
250190,1,1,1991,0,0,0,0,0,0,0,0,0,0
250191,1,1,1991,8,8,8,8,8,8,8,8,8,8
250192,0,1,1991,0,0,0,0,0,0,0,0,0,0
250192,1,1,1991,0,0,0,0,0,0,0,0,0,0
250193,1,1,1991,18,0,8,8,21,17,6,6,0,22
250193,2,1,1991,0,0,27,0,0,0,0,0,0,11
250194,1,1,1991,23,23,23,23,23,23,23,23,23,23
250195,0,1,1991,0,0,0,0,0,0,0,0,0,0
250195,1,1,1991,0,0,0,0,0,0,0,0,0,0
250196,0,1,1991,0,0,0,0,0,0,0,0,0,0
250196,1,1,1991,0,15,0,14,16,0,0,0,0,0
250197,1,1,1991,0,0,0,0,0,0,0,0,0,0
250197,2,1,1991,0,0,14,0,4,0,0,0,0,0
250198,1,1,1991,0,0,0,0,0,0,0,0,0,0
250198,2,1,1991,0,0,0,0,0,0,0,0,0,0
250199,1,1,1991,27,27,27,27,27,27,27,27,27,27
250199,2,1,1991,0,0,0,0,0,0,0,0,0,0
250199,3,1,1991,0,0,0,0,0,0,0,0,0,0
250199,4,1,1991,0,10,0,0,0,0,0,0,0,0
250199,5,1,1991,0,0,0,0,0,0,0,0,0,0
250200,1,1,1991,0,0,0,0,0,0,0,0,0,0
250200,2,1,1991,0,0,0,0,0,0,0,0,0,0
250201,1,1,1991,0,0,0,0,0,0,0,0,0,0
250201,2,1,1991,0,0,0,0,0,0,0,0,0,0
250202,1,1,1991,0,0,0,0,0,0,0,0,0,0
250202,2,1,1991,0,34,0,0,17,0,0,0,30,0
250202,3,1,1991,0,0,0,0,0,0,0,0,0,0
250203,0,1,1991,28,28,28,28,28,28,28,28,28,28
250203,1,1,1991,20,11,9,14,6,3,5,27,19,15
250204,1,1,1991,0,0,0,0,37,19,0,0,0,0
250205,1,1,1991,0,0,0,20,11,13,0,0,0,11
250205,2,1,1991,0,0,0,0,8,0,0,7,0,0
250206,0,1,1991,0,0,0,0,0,0,0,0,0,0
250206,0,2,1991,0,0,0,0,0,0,0,0,0,0
250206,1,1,1991,0,0,0,0,0,0,0,0,0,0
250207,0,1,1991,0,0,0,0,0,0,0,0,0,0
250207,1,1,1991,0,0,0,0,0,0,0,0,0,0
250208,1,1,1991,0,0,0,0,0,0,0,0,0,0
250208,2,1,1991,0,0,0,0,0,0,0,0,0,0
250209,1,1,1991,0,0,0,0,0,0,0,0,0,0
250210,0,1,1991,0,0,0,0,0,0,0,0,0,0
250210,1,1,1991,0,0,0,27,0,0,0,0,0,0
250211,1,1,1991,7,31,13,26,6,8,16,7,32,6
250212,1,1,1991,0,0,0,0,0,0,0,0,0,0
250213,1,1,1991,14,12,2,16,30,27,0,5,11,5
250213,2,1,1991,1,1,1,1,1,1,1,1,1,1
250214,1,1,1991,0,0,0,0,0,0,0,0,0,0
250214,2,1,1991,0,0,0,0,0,0,15,0,0,0
250215,1,1,1991,0,0,0,0,0,0,0,0,0,0
250216,1,1,1991,0,18,9,19,21,34,18,10,24,10
250217,1,1,1991,0,0,0,3,0,0,0,0,0,0
250217,2,1,1991,0,0,0,0,0,0,0,0,0,0
250217,3,1,1991,0,0,0,0,0,0,0,0,0,0
250218,0,1,1991,25,25,25,25,25,25,25,25,25,25
250218,1,1,1991,0,0,0,15,0,15,0,0,0,0
250219,0,1,1991,0,0,0,0,0,0,0,0,0,0
250219,1,1,1991,0,0,0,0,0,0,0,0,0,0
250220,1,1,1991,22,22,22,22,22,22,22,22,22,22
250221,0,1,1991,0,0,0,0,0,0,0,0,0,0
250221,1,1,1991,24,0,0,0,0,10,12,10,9,10
250222,0,1,1991,25,33,16,22,26,28,24,28,0,58
250222,1,1,1991,0,0,0,0,0,0,0,0,0,0
250223,1,1,1991,0,0,0,0,0,0,0,0,0,0
250224,1,1,1991,0,0,0,0,0,0,0,0,0,11
250225,1,1,1991,18,18,18,18,18,18,18,18,18,18
250226,1,1,1991,0,0,0,0,0,0,0,0,0,0
250226,2,1,1991,15,0,0,0,0,0,0,0,0,0
250226,3,1,1991,0,0,0,0,0,0,0,0,0,0
250227,1,1,1991,19,19,19,19,19,19,19,19,19,19
250228,1,1,1991,0,0,0,0,0,0,0,0,0,0
250229,1,1,1991,13,8,3,8,10,17,7,13,9,13
250230,1,1,1991,0,0,0,0,7,0,0,0,0,0
250231,1,1,1991,18,2,33,10,20,11,18,11,16,3
250232,1,1,1991,0,0,0,0,0,0,0,11,0,0
250232,2,1,1991,0,0,0,0,0,0,0,0,0,0
250233,1,1,1991,0,13,17,20,5,12,11,23,19,0
250233,2,1,1991,0,0,0,24,0,0,0,0,0,0
250233,3,1,1991,0,0,0,0,0,0,0,0,0,0
250234,1,1,1991,0,0,0,0,0,0,0,0,0,0
250234,2,1,1991,0,0,0,0,0,0,0,0,0,0
250235,1,1,1991,0,0,0,0,0,0,0,0,0,0
250235,2,1,1991,0,0,0,0,0,0,0,0,0,0
250236,1,1,1991,25,25,25,25,25,25,25,25,25,25
250237,1,1,1991,20,15,7,11,26,12,13,11,22,22
250238,1,1,1991,0,0,0,0,0,0,0,0,0,0
250238,2,1,1991,0,0,0,0,0,0,0,0,0,0
250239,1,1,1991,0,8,0,0,0,0,14,0,14,0
250239,2,1,1991,18,0,0,0,0,0,7,0,0,25
250240,0,1,1991,0,0,0,0,0,0,0,0,0,0
250240,0,2,1991,4,8,20,8,5,21,13,0,12,12
250240,0,5,1991,4,0,0,17,18,30,8,0,0,10
250240,1,1,1991,19,5,11,11,29,28,28,20,37,25
250241,1,1,1991,0,0,0,0,0,0,0,0,0,0