ST_CASE,VEH_NO,PER_NO,YEAR,P1,P2,P3,P4,P5,P6,P7,P8,P9,P10
290167,1,1,1991,22,22,22,22,22,22,22,22,22,22
290168,1,1,1991,24,24,24,24,24,24,24,24,24,24
290169,1,1,1991,0,0,0,0,0,0,14,0,0,0
290169,2,1,1991,0,0,0,0,0,0,0,0,0,0
290169,3,1,1991,0,0,0,6,0,0,0,0,0,0
290169,4,1,1991,0,0,0,0,0,0,0,0,0,0
290170,1,1,1991,0,0,0,0,0,0,0,0,0,0
290171,1,1,1991,29,15,10,22,8,17,14,24,28,21
290172,1,1,1991,0,0,0,0,0,0,0,0,0,0
290172,2,1,1991,0,0,0,0,15,0,0,0,0,0
290172,3,1,1991,0,0,0,0,0,6,0,17,0,0
290173,1,1,1991,0,0,9,0,35,6,0,0,0,0
290173,2,1,1991,21,21,21,21,21,21,21,21,21,21
290174,1,1,1991,15,6,26,0,10,15,22,0,0,27
290174,2,1,1991,16,16,16,16,16,16,16,16,16,16
290175,1,1,1991,0,0,0,0,0,0,18,0,0,27
290175,2,1,1991,0,0,0,0,0,0,0,0,0,0
290176,1,1,1991,25,0,0,0,21,0,0,0,0,0
290177,1,1,1991,10,10,10,10,10,10,10,10,10,10
290178,1,1,1991,0,0,0,0,0,0,0,0,0,0
290178,2,1,1991,0,0,0,0,0,0,0,0,0,0
290179,1,1,1991,20,24,24,15,10,17,14,16,28,8
290180,1,1,1991,0,0,0,0,0,0,0,0,0,0
290180,2,1,1991,27,27,27,27,27,27,27,27,27,27
290181,1,1,1991,0,0,0,0,0,0,0,0,0,0
290181,2,1,1991,0,0,0,0,0,0,0,0,0,0
290181,3,1,1991,0,0,0,0,0,0,0,0,0,0
290181,4,1,1991,0,0,0,0,0,0,0,0,0,0
290182,1,1,1991,0,0,0,0,0,0,13,0,16,0
290182,2,1,1991,0,0,0,0,0,0,0,0,0,0
290183,1,1,1991,0,0,0,0,8,0,0,0,0,0
290183,2,1,1991,0,0,4,0,21,0,0,0,0,0
290184,1,1,1991,0,0,0,0,0,0,0,0,0,0
290184,2,1,1991,0,0,0,0,0,0,0,0,0,0
290185,1,1,1991,0,0,0,0,0,0,0,0,0,0
290185,2,1,1991,0,0,0,0,0,0,0,0,0,0
290186,1,1,1991,24,15,4,24,16,12,30,19,15,16
290187,1,1,1991,0,0,0,0,0,0,0,21,0,22
290188,1,1,1991,0,0,0,0,0,0,0,0,0,0
290188,2,1,1991,0,0,0,0,0,0,0,0,0,0
290189,1,1,1991,10,10,10,10,10,10,10,10,10,10
290190,1,1,1991,0,0,9,0,23,13,21,0,11,16
290191,1,1,1991,14,14,14,14,14,14,14,14,14,14
290192,1,1,1991,0,0,0,0,0,0,0,0,0,0
290192,2,1,1991,0,0,0,0,0,0,0,0,0,0
290193,1,1,1991,16,16,16,16,16,16,16,16,16,16
290194,1,1,1991,0,8,0,0,0,0,0,0,0,0
290194,2,1,1991,11,0,0,0,0,0,0,0,0,0
290194,3,1,1991,0,0,0,0,0,0,0,22,0,22
290195,1,1,1991,17,0,0,0,0,0,0,0,0,0
290195,2,1,1991,0,0,0,0,0,0,0,0,0,0
290195,3,1,1991,0,0,0,0,0,0,0,0,0,0
290196,1,1,1991,0,6,0,0,0,0,20,8,0,0
290197,1,1,1991,0,0,0,0,0,0,0,0,0,0
290197,2,1,1991,0,0,0,18,0,0,0,0,0,0
290197,3,1,1991,0,0,0,0,0,0,0,0,0,0
290198,1,1,1991,18,18,18,18,18,18,18,18,18,18
290199,1,1,1991,0,0,0,0,0,0,0,0,0,0
290199,2,1,1991,0,0,0,0,0,0,0,0,0,0
290199,3,1,1991,0,0,0,0,0,0,0,0,0,0
290201,1,1,1991,5,5,5,5,5,5,5,5,5,5
290202,1,1,1991,19,19,19,19,19,19,19,19,19,19
290203,1,1,1991,6,0,0,0,0,0,0,0,0,0
290203,2,1,1991,0,0,0,0,0,0,0,0,0,0
290204,1,1,1991,31,31,31,31,31,31,31,31,31,31
290204,2,1,1991,24,0,0,0,3,0,4,0,0,22
290205,1,1,1991,0,0,0,0,0,0,0,0,0,0
290206,1,1,1991,18,18,22,11,26,7,18,29,14,8
290207,1,1,1991,26,26,26,26,26,26,26,26,26,26
290208,1,1,1991,0,0,0,0,0,0,0,0,0,0
290208,2,1,1991,0,0,0,0,0,0,0,0,0,0
290209,0,1,1991,0,0,0,0,0,0,0,0,0,0
290209,0,2,1991,0,0,0,0,0,0,0,0,0,0
290209,1,1,1991,16,7,28,28,9,14,0,9,16,8
290210,1,1,1991,24,24,24,24,24,24,24,24,24,24
290210,2,1,1991,0,0,0,0,0,0,0,0,0,0
290211,1,1,1991,0,0,0,0,0,0,0,0,0,0
290212,1,1,1991,19,0,0,0,0,0,0,0,0,0
290213,1,1,1991,0,0,0,0,0,0,0,0,0,11
290214,0,1,1991,0,0,0,0,0,0,0,0,0,0
290214,1,1,1991,0,0,0,0,0,0,0,0,0,0
290215,1,1,1991,27,27,27,27,27,27,27,27,27,27
290215,2,1,1991,8,14,0,0,13,0,0,18,21,0
290216,1,1,1991,0,0,4,10,0,0,0,0,0,0
290217,1,1,1991,0,0,0,0,0,0,0,0,0,0
290218,1,1,1991,0,0,0,0,0,0,0,0,0,0
290218,2,1,1991,0,0,0,0,0,0,11,0,0,0
290219,1,1,1991,9,0,0,12,0,10,0,0,0,4
290220,1,1,1991,0,0,0,15,18,31,17,12,27,0
290221,1,1,1991,18,23,14,11,11,23,4,11,15,11
290222,1,1,1991,16,16,16,16,16,16,16,16,16,16
290222,2,1,1991,12,12,12,12,12,12,12,12,12,12
290223,0,1,1991,0,0,0,0,0,0,0,0,0,0
290223,1,1,1991,6,3,0,0,2,0,0,0,0,0
290224,1,1,1991,0,0,0,0,0,0,0,0,0,0
290225,1,1,1991,0,0,0,0,0,0,0,0,0,0
290226,1,1,1991,13,13,13,13,13,13,13,13,13,13
290227,1,1,1991,0,0,0,0,0,0,0,0,0,0
290227,2,1,1991,0,0,0,0,0,0,0,0,0,0
290228,1,1,1991,0,0,0,0,0,0,0,0,0,0
290229,1,1,1991,0,0,0,0,0,0,0,7,0,0
290229,2,1,1991,0,0,0,0,0,0,0,0,0,0
290230,0,1,1991,0,0,0,0,0,0,0,0,0,0
290230,1,1,1991,0,0,0,0,0,0,0,0,0,0
290231,1,1,1991,0,0,0,21,17,0,12,3,11,12
290231,2,1,1991,8,0,11,0,0,0,0,11,0,15
290232,1,1,1991,0,0,0,0,0,0,0,0,0,0
290232,2,1,1991,0,0,0,0,0,0,0,0,0,0
290233,1,1,1991,15,15,15,15,15,15,15,15,15,15
290233,2,1,1991,23,0,0,20,25,0,7,0,8,0
290234,1,1,1991,0,13,26,0,0,18,0,0,0,0
290235,1,1,1991,0,0,0,0,0,0,0,0,0,0
290235,2,1,1991,0,0,0,0,0,0,0,0,8,0
290236,0,1,1991,0,0,0,0,0,0,0,0,0,0
290236,0,2,1991,0,0,0,0,6,23,0,0,21,38
290236,1,1,1991,19,19,19,19,19,19,19,19,19,19
290237,0,1,1991,24,0,0,30,0,0,0,0,0,0
290237,1,1,1991,21,31,24,38,31,30,20,0,27,28
290238,1,1,1991,7,7,7,7,7,7,7,7,7,7
290239,1,1,1991,0,0,0,0,0,0,0,0,0,0
290240,1,1,1991,0,0,0,0,0,0,0,0,0,0
290240,2,1,1991,0,0,0,0,0,0,0,0,0,0
290240,3,1,1991,0,0,0,0,0,0,0,0,0,0
290241,0,1,1991,0,31,0,0,0,0,0,0,0,0
290241,1,1,1991,0,0,0,0,0,0,0,0,0,0
290242,1,1,1991,10,5,12,16,15,14,4,12,25,10
290243,1,1,1991,0,14,0,0,0,0,0,0,0,0
290243,2,1,1991,23,23,23,23,23,23,23,23,23,23
290244,1,1,1991,0,12,0,0,0,0,0,6,0,0
290244,2,1,1991,14,14,14,14,14,14,14,14,14,14
290245,0,1,1991,0,0,0,0,0,0,0,0,0,0
290245,1,1,1991,0,0,0,0,0,0,0,0,0,0
290246,1,1,1991,18,0,0,0,16,4,0,18,13,0
290246,2,1,1991,33,33,33,33,33,33,33,33,33,33
290246,3,1,1991,0,0,0,0,0,0,0,0,0,0
290247,1,1,1991,0,0,0,0,0,0,0,0,0,0
290247,2,1,1991,17,6,6,3,5,12,11,16,11,3
290248,1,1,1991,0,0,0,0,0,10,20,0,0,0
290248,2,1,1991,0,0,12,0,0,0,10,5,0,16
290249,1,1,1991,0,0,0,0,0,0,0,0,0,0
290249,2,1,1991,0,0,0,20,0,0,0,0,0,0
290250,1,1,1991,0,0,0,0,0,0,0,0,0,0
290250,2,1,1991,0,0,0,0,0,0,0,0,0,0
290251,1,1,1991,29,29,29,29,29,29,29,29,29,29
290252,1,1,1991,7,0,26,18,0,8,15,8,0,0
290252,2,1,1991,11,25,4,15,20,19,9,10,10,6
290253,1,1,1991,8,13,19,13,15,14,8,16,15,6
290254,1,1,1991,25,25,25,25,25,25,25,25,25,25
290255,1,1,1991,15,7,10,6,20,14,9,10,19,16
290255,2,1,1991,0,0,0,0,0,0,12,0,0,0
290256,1,1,1991,0,0,0,0,0,0,0,0,0,0
290256,2,1,1991,0,0,0,0,0,0,0,0,0,0
290257,1,1,1991,6,17,20,15,0,0,0,9,8,0
290258,1,1,1991,22,22,22,22,22,22,22,22,22,22
290259,1,1,1991,0,0,0,0,0,0,0,0,0,0
290259,2,1,1991,0,0,0,0,0,0,8,0,0,0
290260,1,1,1991,0,0,0,0,0,0,0,0,0,0
290261,1,1,1991,0,0,0,0,0,0,0,0,0,0
290261,2,1,1991,0,0,0,0,0,0,0,0,0,0
290262,1,1,1991,0,0,0,0,0,0,0,0,0,0
290262,2,1,1991,13,0,0,0,0,0,28,0,0,0
290263,1,1,1991,17,7,20,20,18,31,15,42,4,6
290264,1,1,1991,0,0,0,0,0,0,0,0,0,0
290264,2,1,1991,0,0,0,0,0,0,0,0,0,0
290265,1,1,1991,6,0,0,0,10,0,8,10,0,0
290265,2,1,1991,0,0,0,0,0,0,0,0,0,0
290266,1,1,1991,0,0,0,0,0,0,0,0,0,0
290266,2,1,1991,0,0,0,0,0,0,0,0,0,0
290267,1,1,1991,11,11,11,11,11,11,11,11,11,11
290267,2,1,1991,0,0,0,0,0,0,10,0,0,0
290268,0,1,1991,0,0,0,0,0,0,0,0,0,0
290268,1,1,1991,0,0,0,0,0,0,0,0,0,0
290269,1,1,1991,26,26,26,26,26,26,26,26,26,26
290270,1,1,1991,14,14,14,14,14,14,14,14,14,14
290271,1,1,1991,0,0,0,0,0,0,0,0,0,0
290271,2,1,1991,0,0,0,0,0,0,0,0,0,0
290272,1,1,1991,26,26,26,26,26,26,26,26,26,26
290273,0,1,1991,0,0,0,0,0,0,0,0,0,0
290274,1,1,1991,0,0,0,0,0,0,0,0,0,0
290274,2,1,1991,0,0,0,0,0,0,0,0,0,0
290275,1,1,1991,0,0,0,9,0,0,0,0,0,0
290275,2,1,1991,0,0,0,0,0,0,0,0,0,0
290276,1,1,1991,0,0,0,0,0,0,0,0,0,0
290276,2,1,1991,0,0,0,0,0,0,0,0,0,0
290277,1,2,1991,0,11,20,0,0,0,18,0,14,0
290278,1,1,1991,0,0,0,0,0,0,0,0,0,0
290278,2,1,1991,0,0,0,0,0,0,0,0,0,0
290279,1,1,1991,0,0,0,0,0,0,0,0,0,0
290280,1,1,1991,22,22,22,22,22,22,22,22,22,22
290281,1,1,1991,0,0,0,0,0,0,0,0,0,0
290281,2,1,1991,0,0,0,0,0,0,0,0,0,0
290282,1,1,1991,0,20,11,16,10,0,21,12,16,4
290282,2,1,1991,14,14,14,14,14,14,14,14,14,14
290283,1,1,1991,9,6,4,0,11,17,6,11,8,10
290284,1,1,1991,0,0,0,0,0,0,0,0,0,0
290285,1,1,1991,0,0,0,0,0,0,0,0,0,0
290286,1,1,1991,14,0,9,0,0,0,0,0,0,0
290287,1,1,1991,0,0,0,0,0,0,0,0,0,0
290288,1,1,1991,0,0,0,0,0,0,0,0,0,0
290288,2,1,1991,0,0,0,0,0,11,0,0,0,0
290289,1,1,1991,0,0,0,0,0,0,0,0,0,0
290289,2,1,1991,9,0,0,0,0,0,0,0,0,0
290289,3,1,1991,0,0,0,0,0,14,15,0,0,0
290290,1,1,1991,0,0,0,0,0,0,0,0,0,0
290290,2,1,1991,0,0,0,0,0,0,0,11,0,0
290292,1,1,1991,14,14,14,14,14,14,14,14,14,14
290293,1,1,1991,27,27,27,27,27,27,27,27,27,27
290293,2,1,1991,11,12,0,7,0,0,11,0,0,6
290294,1,1,1991,0,0,0,0,0,0,0,0,0,0
290295,1,1,1991,0,0,0,0,0,0,0,0,0,0
290295,2,1,1991,0,0,0,0,0,0,0,0,0,0
290296,1,1,1991,10,10,10,10,10,10,10,10,10,10
290297,1,1,1991,0,0,0,0,0,0,0,0,0,0
290297,2,1,1991,29,10,4,15,25,0,14,0,0,0
290298,1,1,1991,0,0,0,0,0,0,0,0,0,0
290299,1,1,1991,0,0,0,0,0,0,0,0,0,0
290300,1,1,1991,20,20,20,20,20,20,20,20,20,20
290301,1,1,1991,16,16,16,16,16,16,16,16,16,16
290302,1,1,1991,0,0,0,0,0,0,0,0,0,0
290302,2,1,1991,0,0,0,0,0,0,0,0,0,0
290303,1,1,1991,0,0,0,0,0,0,0,0,0,0
290303,2,1,1991,0,0,0,0,0,0,0,0,0,0
290304,1,1,1991,13,0,0,0,15,0,0,4,0,10
290305,1,1,1991,0,0,0,0,0,0,0,0,0,0
290306,1,1,1991,0,0,0,14,0,0,24,0,0,0
290306,2,1,1991,0,0,0,0,0,0,0,0,0,0
290307,1,1,1991,0,0,0,0,0,0,14,0,0,0
290307,2,1,1991,0,0,0,0,0,0,0,0,0,0
290308,0,1,1991,33,33,33,33,33,33,33,33,33,33
290308,1,1,1991,0,0,0,0,0,0,0,0,0,0
290309,1,1,1991,5,17,7,14,19,17,22,27,24,13
290309,2,1,1991,0,0,0,0,0,0,0,0,0,0
290310,1,1,1991,29,16,30,22,19,31,34,8,18,16
290311,1,1,1991,0,9,0,0,0,0,0,0,0,0
290311,2,1,1991,27,27,27,27,27,27,27,27,27,27
290312,1,1,1991,15,15,15,15,15,15,15,15,15,15
290313,1,1,1991,15,15,15,15,15,15,15,15,15,15
290314,1,1,1991,0,0,0,0,0,0,0,0,0,0
290314,2,1,1991,0,0,0,0,0,0,0,0,0,0
290315,1,1,1991,16,16,16,16,16,16,16,16,16,16
290316,1,1,1991,0,15,0,0,0,0,0,0,0,14
290317,1,1,1991,0,0,0,0,0,0,0,0,0,0
290317,2,1,1991,0,0,0,0,0,0,0,0,0,0
290318,1,1,1991,0,0,0,0,0,0,0,12,0,0
290318,2,1,1991,0,0,0,0,0,0,0,0,0,0
290319,1,1,1991,41,10,0,23,8,20,22,4,0,14
290320,1,1,1991,20,20,20,20,20,20,20,20,20,20
290321,1,1,1991,7,0,0,0,13,0,0,0,0,0
290322,1,1,1991,0,0,32,0,0,0,0,0,0,0
290323,1,1,1991,20,22,20,14,19,30,0,0,0,15
290324,1,1,1991,17,17,17,17,17,17,17,17,17,17
290325,1,1,1991,0,0,0,0,0,17,0,0,0,0
290326,1,1,1991,0,0,0,0,0,0,0,0,0,16
290326,2,1,1991,0,0,0,0,0,0,0,0,0,0
290327,1,1,1991,14,14,11,0,25,0,19,0,9,0
290328,1,1,1991,28,28,28,28,28,28,28,28,28,28
290329,1,1,1991,20,20,20,20,20,20,20,20,20,20
290330,1,1,1991,0,0,5,0,0,0,0,0,0,0
290330,2,1,1991,0,6,14,0,9,18,0,0,8,0
290331,0,1,1991,0,0,0,0,0,0,0,0,0,0
290331,1,1,1991,15,21,17,6,29,0,0,11,0,12
290332,1,1,1991,21,21,21,21,21,21,21,21,21,21
290333,1,1,1991,15,19,15,33,28,15,17,28,22,15
290334,1,1,1991,17,24,5,22,0,0,18,8,3,10
290335,1,1,1991,0,0,0,0,0,0,0,0,0,0
290335,2,1,1991,0,0,0,0,0,0,8,7,0,0
290335,3,1,1991,0,0,0,0,0,0,0,0,0,0
290336,1,1,1991,16,0,0,9,24,20,4,23,15,19
290337,1,1,1991,0,0,0,0,0,0,0,0,0,0
290337,2,1,1991,0,0,0,0,0,0,0,0,0,0
290337,3,1,1991,0,0,0,0,0,0,0,0,0,0
290338,1,1,1991,0,0,0,9,0,20,0,0,0,0
290338,2,1,1991,15,15,15,15,15,15,15,15,15,15
290339,1,1,1991,14,14,14,14,14,14,14,14,14,14
290340,1,1,1991,0,0,0,0,0,0,0,0,0,0
290341,1,1,1991,0,0,0,0,0,0,0,0,0,0
290341,2,1,1991,0,0,0,0,0,0,0,0,0,0
290341,3,1,1991,0,0,0,0,0,0,0,0,0,7
290342,1,1,1991,0,0,0,0,0,0,0,0,0,0
290342,2,1,1991,10,0,10,17,0,5,0,0,0,20
290343,1,1,1991,29,29,29,29,29,29,29,29,29,29
290344,1,1,1991,11,15,12,10,7,5,6,21,21,0
290345,1,1,1991,19,5,42,8,0,12,0,0,10,27
290346,1,1,1991,0,0,0,0,0,0,0,0,0,0
290346,2,1,1991,0,0,0,0,0,0,0,0,0,0
290347,1,1,1991,0,0,0,0,0,0,0,0,0,0
290347,2,1,1991,0,0,0,0,0,0,0,0,16,0
290348,1,1,1991,25,0,0,0,9,0,0,0,0,0
290349,1,1,1991,22,12,20,12,34,10,10,27,13,19
290350,1,1,1991,23,14,13,12,8,27,11,8,28,23
290351,1,1,1991,30,18,16,8,18,16,5,10,20,0
290352,1,1,1991,0,0,0,0,0,0,0,0,0,0
290352,2,1,1991,0,0,0,0,0,0,0,0,2,0
290353,1,1,1991,0,0,0,0,0,0,0,0,0,0
290353,2,1,1991,9,0,0,0,0,0,0,0,14,0
290354,1,1,1991,21,12,18,0,8,23,0,0,29,0
290355,0,1,1991,27,27,27,27,27,27,27,27,27,27
290355,1,1,1991,0,0,0,0,0,0,0,0,0,0
290356,1,1,1991,0,0,0,0,0,0,0,0,0,0
290358,1,1,1991,0,0,0,0,0,0,0,0,0,0
290358,2,1,1991,0,0,0,0,0,0,0,0,0,0
290358,3,1,1991,23,0,0,0,16,0,19,0,0,0
290359,1,1,1991,0,0,0,0,0,0,0,0,0,0
290359,2,1,1991,0,0,0,0,0,0,0,0,0,0
290359,3,1,1991,0,0,0,0,0,0,0,0,0,0
290359,4,1,1991,0,0,0,0,0,0,0,10,0,0
290360,1,1,1991,24,21,0,15,20,26,20,15,17,11
290360,2,1,1991,0,0,0,0,0,0,0,0,0,0
290361,1,1,1991,15,15,15,15,15,15,15,15,15,15
290362,1,1,1991,0,0,0,0,0,0,0,0,0,0
290363,1,1,1991,9,9,9,9,9,9,9,9,9,9
290364,1,1,1991,0,0,0,0,0,0,0,0,0,0
290365,1,1,1991,0,0,0,0,0,0,0,0,0,0
290365,2,1,1991,0,0,0,0,0,0,15,0,0,0
290366,1,1,1991,12,13,22,8,34,20,18,20,13,35
290367,1,1,1991,21,14,6,15,0,8,12,0,0,13
290367,2,1,1991,23,23,23,23,23,23,23,23,23,23
290368,1,1,1991,18,22,19,33,12,19,14,21,25,15
290369,1,1,1991,17,0,0,0,0,0,0,17,0,0
290369,2,1,1991,14,7,11,21,12,13,23,6,11,23
290370,1,1,1991,0,0,38,0,0,12,0,0,0,0
290371,1,1,1991,0,0,0,0,0,0,0,0,0,0
290371,2,1,1991,4,4,4,4,4,4,4,4,4,4
290372,1,1,1991,0,0,0,0,0,0,0,0,0,0
290372,2,1,1991,0,0,0,0,0,0,0,0,0,0
290373,1,1,1991,0,22,0,14,25,0,0,32,0,11
290374,1,1,1991,0,0,0,0,0,0,0,0,0,0
290375,1,1,1991,22,16,19,0,20,22,20,25,22,17
290376,1,1,1991,0,0,0,0,0,0,0,0,0,0
290376,2,1,1991,0,0,0,0,0,0,0,0,0,0
290377,1,1,1991,13,10,0,0,0,0,0,0,0,0
290377,2,1,1991,8,19,20,18,16,5,6,12,0,11
290378,1,1,1991,21,21,21,21,21,21,21,21,21,21
290379,1,1,1991,31,31,31,31,31,31,31,31,31,31
290380,1,1,1991,12,12,12,12,12,12,12,12,12,12
290381,1,1,1991,0,0,0,0,0,0,0,0,0,0
290381,2,1,1991,5,5,5,5,5,5,5,5,5,5
290382,1,1,1991,0,0,12,15,0,0,0,24,0,22
290382,2,1,1991,0,0,0,0,0,9,0,0,0,0
290382,3,1,1991,0,0,0,0,0,0,0,0,6,0
290383,0,1,1991,0,0,0,0,0,0,0,0,0,0
290383,0,2,1991,1,1,1,1,1,1,1,1,1,1
290383,1,1,1991,0,0,0,0,0,0,0,0,0,0
290383,2,1,1991,0,0,0,0,0,0,0,8,0,16
290384,1,1,1991,16,16,16,16,16,16,16,16,16,16
290385,1,1,1991,27,10,25,17,12,11,17,20,32,11
290386,1,1,1991,0,0,0,0,12,16,0,13,0,0
290387,1,1,1991,0,8,0,0,0,0,0,0,0,0
290387,2,1,1991,0,0,0,0,0,0,0,0,0,0
290388,1,1,1991,0,0,0,0,20,0,0,0,0,0
290389,1,1,1991,0,0,0,0,0,0,0,0,0,0
290390,1,1,1991,22,22,22,22,22,22,22,22,22,22
290391,1,1,1991,0,0,0,0,0,0,0,0,0,0
290392,1,1,1991,0,0,0,0,0,0,0,0,0,0
290393,1,1,1991,0,0,0,0,0,0,0,0,0,0
290393,2,1,1991,0,0,0,0,0,0,0,0,0,0
290394,1,1,1991,0,0,0,0,0,0,0,0,0,0
290394,2,1,1991,10,4,0,8,12,20,0,12,14,0
290395,1,1,1991,10,10,10,10,10,10,10,10,10,10
290396,1,1,1991,0,0,0,0,0,0,0,0,0,0
290396,2,1,1991,0,0,0,0,0,0,0,0,0,0
290397,0,1,1991,0,0,0,0,0,0,0,0,0,0
290397,1,1,1991,0,0,0,0,0,13,0,0,0,0
290399,1,1,1991,8,8,8,8,8,8,8,8,8,8
290400,1,1,1991,0,0,0,0,0,0,0,0,0,0
290401,1,1,1991,0,0,0,0,0,0,0,0,0,0
290402,1,1,1991,26,26,26,26,26,26,26,26,26,26
290403,1,1,1991,12,0,0,0,0,0,0,0,0,0
290403,2,1,1991,0,0,0,0,0,0,0,0,0,0
290404,1,1,1991,17,17,17,17,17,17,17,17,17,17
290404,2,1,1991,20,27,0,0,0,9,0,12,0,0
290405,1,1,1991,0,0,0,17,0,0,0,0,0,0
290405,2,1,1991,0,0,0,0,0,0,0,0,0,0
290406,1,1,1991,15,19,24,8,11,6,17,19,6,15
290407,1,1,1991,16,16,16,16,16,16,16,16,16,16
290408,1,1,1991,14,18,7,3,17,29,6,14,3,0
290409,1,1,1991,0,0,0,11,0,0,0,0,0,0
290409,2,1,1991,13,13,13,13,13,13,13,13,13,13
290410,1,1,1991,0,0,0,0,0,0,0,0,7,0
290411,1,1,1991,0,0,0,0,0,0,0,0,0,0
290412,1,1,1991,0,0,10,0,24,0,0,7,0,4
290413,1,1,1991,10,0,9,0,0,17,0,23,17,8
290413,2,1,1991,0,0,0,0,0,0,0,0,0,0
290414,0,1,1991,0,0,0,0,0,0,0,0,0,0
290414,1,1,1991,0,0,0,0,0,0,0,0,0,0
290415,1,1,1991,18,18,18,18,18,18,18,18,18,18
290416,1,1,1991,0,0,0,0,0,0,0,0,14,0
290416,2,1,1991,28,8,20,7,6,6,15,10,0,28
290417,1,1,1991,21,11,15,15,24,13,0,29,21,20
290418,1,1,1991,0,0,0,0,0,0,0,0,0,0
290419,1,1,1991,0,0,0,0,0,0,0,0,0,0
290420,1,1,1991,0,0,0,0,0,0,0,0,0,0
290420,2,1,1991,0,0,0,0,0,0,0,0,0,0
290421,1,1,1991,8,8,8,8,8,8,8,8,8,8
290422,1,1,1991,0,0,0,0,0,0,0,0,0,0
290422,2,1,1991,0,0,0,0,0,0,0,0,0,0
290423,1,1,1991,6,6,6,6,6,6,6,6,6,6
290423,2,1,1991,0,0,0,21,0,0,0,0,12,0
290424,1,1,1991,32,14,30,32,30,11,15,31,21,38
290425,1,1,1991,0,0,0,0,0,0,0,0,0,0
290426,1,1,1991,22,22,22,22,22,22,22,22,22,22
290427,1,1,1991,9,9,9,9,9,9,9,9,9,9
290427,2,1,1991,0,0,0,0,16,0,0,13,0,5
290428,1,1,1991,10,10,10,10,10,10,10,10,10,10
290429,1,1,1991,10,10,10,10,10,10,10,10,10,10
290430,1,1,1991,0,19,9,8,0,12,17,6,18,11
290431,1,1,1991,0,0,0,0,0,0,0,0,0,0
290431,2,1,1991,0,0,0,0,0,0,8,0,0,0
290432,1,1,1991,25,26,15,20,22,24,6,17,9,34
290433,1,1,1991,0,0,0,0,0,0,0,0,0,0
290433,2,1,1991,0,0,0,0,0,0,0,0,0,0
290434,1,1,1991,0,0,0,0,0,0,0,0,0,0
290434,2,1,1991,0,0,0,0,0,0,0,0,0,0
290435,1,1,1991,26,14,0,27,38,0,24,9,9,25
290436,1,1,1991,13,0,0,0,40,0,12,0,0,0
290437,1,1,1991,0,0,0,0,0,0,0,0,0,0
290437,2,1,1991,24,24,24,24,24,24,24,24,24,24
290438,1,1,1991,11,11,11,11,11,11,11,11,11,11
290439,0,1,1991,24,22,16,28,20,44,16,9,21,32
290439,1,1,1991,20,0,17,5,6,0,0,9,0,26
290440,1,1,1991,18,18,18,18,18,18,18,18,18,18
290441,1,1,1991,0,0,0,0,0,0,0,0,0,0
290441,2,1,1991,0,0,0,0,0,0,0,0,0,0
290442,1,1,1991,31,31,31,31,31,31,31,31,31,31
290443,1,1,1991,15,9,0,21,9,34,16,29,15,12
290444,1,1,1991,19,6,16,19,16,17,11,15,14,14
290445,1,1,1991,0,0,0,0,0,0,0,0,0,0
290446,1,1,1991,17,17,17,17,17,17,17,17,17,17
290447,1,1,1991,0,0,15,0,0,0,0,0,17,0
290447,2,1,1991,0,0,0,0,0,0,0,0,0,0
290448,0,1,1991,0,0,0,0,0,0,0,0,0,0
290448,1,1,1991,0,0,0,0,0,0,0,0,0,0
290449,1,1,1991,4,23,16,0,10,0,7,0,4,0
290450,1,1,1991,0,0,0,11,0,0,0,0,0,0
290450,2,1,1991,0,0,0,0,0,0,0,0,0,0
290451,1,1,1991,13,5,0,24,12,6,19,15,19,2
290452,0,1,1991,0,0,9,0,0,0,0,0,0,0
290452,1,1,1991,0,0,0,0,0,0,0,0,18,0
290452,2,1,1991,0,16,0,0,0,0,0,21,0,0
290453,1,1,1991,16,14,12,7,26,34,5,10,14,22
290454,1,1,1991,9,9,9,9,9,9,9,9,9,9
290455,1,1,1991,0,0,0,13,0,0,18,0,0,0
290456,1,1,1991,23,23,23,23,23,23,23,23,23,23
290457,1,1,1991,0,0,0,18,17,0,0,0,0,0
290458,1,1,1991,14,14,14,14,14,14,14,14,14,14
290459,1,1,1991,0,0,0,0,0,0,0,0,0,0
290459,2,1,1991,0,5,0,0,0,0,0,0,0,0
290460,1,1,1991,0,0,0,0,0,0,0,0,0,0
290461,0,1,1991,36,34,16,14,3,22,12,5,22,5
290461,1,1,1991,5,0,30,13,15,11,8,0,0,3
290462,1,1,1991,0,0,0,0,0,0,0,0,0,0
290462,2,1,1991,0,0,0,0,0,0,0,0,12,0
290462,3,1,1991,0,0,0,0,0,0,0,0,0,0
290463,1,1,1991,0,0,0,24,0,0,0,0,0,0
290464,1,1,1991,0,0,0,0,0,0,0,0,0,0
290464,2,1,1991,0,0,0,0,0,0,0,0,0,0
290464,3,1,1991,0,0,0,0,0,0,0,0,0,0
290465,1,1,1991,0,0,0,0,0,0,0,0,0,0
290465,2,1,1991,0,0,0,0,0,0,0,0,0,0
290466,1,1,1991,0,0,0,0,0,12,0,0,0,0