ST_CASE,VEH_NO,PER_NO,YEAR,P1,P2,P3,P4,P5,P6,P7,P8,P9,P10
360135,1,1,1991,0,0,0,0,0,0,0,0,0,0
360135,2,1,1991,0,0,0,0,0,0,0,0,0,0
360136,0,1,1991,0,0,0,0,0,0,0,0,0,0
360136,1,1,1991,0,5,0,0,0,0,0,0,0,0
360137,0,1,1991,0,0,0,0,0,0,0,0,0,0
360137,1,1,1991,0,0,0,0,0,0,19,0,0,0
360138,0,1,1991,0,0,0,0,0,0,0,0,0,0
360138,1,1,1991,0,0,0,0,0,0,0,11,0,0
360139,1,1,1991,0,0,0,0,0,0,0,0,0,0
360139,2,1,1991,0,0,0,0,0,0,0,0,0,0
360140,1,1,1991,0,0,0,0,4,0,17,0,0,0
360140,2,1,1991,0,0,0,0,0,0,0,0,0,0
360141,1,1,1991,24,28,14,22,15,23,33,8,11,13
360142,1,1,1991,0,0,4,18,15,0,0,0,0,0
360143,0,1,1991,0,0,0,0,0,0,0,0,0,0
360143,1,1,1991,0,0,0,0,0,0,0,0,0,0
360144,1,1,1991,21,21,21,21,21,21,21,21,21,21
360145,1,1,1991,0,0,0,0,0,0,0,0,0,0
360145,2,1,1991,0,0,0,4,0,0,30,0,0,0
360146,0,1,1991,0,0,0,0,0,0,0,0,0,0
360146,1,1,1991,0,0,0,0,0,0,0,0,0,0
360147,0,1,1991,0,0,0,0,0,0,0,0,0,0
360147,0,2,1991,0,0,0,0,0,0,0,0,0,0
360147,1,1,1991,0,0,0,0,0,0,0,0,0,0
360148,1,1,1991,0,0,0,0,0,0,0,0,0,0
360148,2,1,1991,0,0,0,0,0,0,0,0,0,0
360149,0,1,1991,0,0,0,0,0,0,0,0,0,0
360149,1,1,1991,0,18,0,0,0,0,0,23,0,0
360150,1,1,1991,0,0,0,0,0,0,0,0,0,0
360151,1,1,1991,0,0,0,0,0,0,0,0,0,0
360151,2,1,1991,27,27,27,27,27,27,27,27,27,27
360151,3,1,1991,0,0,0,0,0,11,0,0,0,0
360152,0,1,1991,0,0,0,0,0,0,0,0,0,0
360152,1,1,1991,0,0,0,0,0,0,0,0,0,0
360153,1,1,1991,15,15,15,15,15,15,15,15,15,15
360154,0,1,1991,0,0,0,0,0,0,0,0,0,0
360154,1,1,1991,0,0,0,0,0,0,0,0,0,0
360155,1,1,1991,0,0,0,0,0,0,0,0,0,0
360156,0,1,1991,0,0,0,0,0,0,0,0,0,0
360156,1,1,1991,5,21,17,12,17,22,9,8,11,13
360157,1,1,1991,0,0,0,0,0,0,0,0,0,0
360157,2,1,1991,0,0,0,0,0,0,0,0,0,0
360158,1,1,1991,21,21,21,21,21,21,21,21,21,21
360159,0,1,1991,1,1,1,1,1,1,1,1,1,1
360159,1,1,1991,0,0,0,0,0,0,0,0,0,0
360160,0,1,1991,0,0,0,15,0,0,0,0,0,0
360160,1,1,1991,0,0,0,0,0,0,0,0,0,0
360161,1,1,1991,0,0,0,0,0,0,0,0,0,0
360161,2,1,1991,0,0,0,0,0,0,0,0,0,0
360162,1,1,1991,18,18,18,18,18,18,18,18,18,18
360163,1,1,1991,0,0,0,0,0,0,0,0,0,0
360164,0,1,1991,0,0,0,0,0,0,19,0,0,0
360164,1,1,1991,0,0,0,27,0,0,0,0,0,0
360165,0,1,1991,0,0,0,0,0,0,0,0,0,0
360165,1,1,1991,0,0,11,0,0,0,0,0,0,0
360167,1,1,1991,0,0,0,0,0,0,0,0,0,0
360167,2,1,1991,0,0,0,0,0,0,0,0,0,0
360168,1,1,1991,0,0,0,0,0,0,0,0,0,0
360169,0,1,1991,13,13,13,13,13,13,13,13,13,13
360169,1,1,1991,0,0,0,0,0,0,0,0,0,0
360169,2,1,1991,0,0,0,0,0,0,0,0,0,0
360170,0,1,1991,13,13,13,13,13,13,13,13,13,13
360170,1,1,1991,0,0,0,0,0,0,0,0,0,0
360171,1,1,1991,0,0,0,0,0,0,0,0,0,0
360171,2,1,1991,0,0,0,0,0,0,0,0,0,0
360172,1,1,1991,10,0,0,18,18,17,0,13,0,0
360173,0,1,1991,0,0,0,0,0,0,0,0,0,0
360173,1,1,1991,0,0,0,0,20,0,0,9,0,13
360174,0,1,1991,5,5,5,5,5,5,5,5,5,5
360174,0,2,1991,0,11,35,0,19,0,0,0,0,0
360174,3,1,1991,19,12,8,9,22,14,0,0,9,0
360175,1,1,1991,17,9,11,17,11,14,7,13,28,14
360175,2,1,1991,3,0,24,0,14,0,9,29,17,6
360176,1,1,1991,0,0,0,0,0,0,0,0,0,0
360176,2,1,1991,0,0,0,0,0,0,0,0,0,0
360177,1,1,1991,17,17,17,17,17,17,17,17,17,17
360178,1,1,1991,13,12,32,0,0,0,14,15,0,24
360179,1,1,1991,17,17,17,17,17,17,17,17,17,17
360180,1,1,1991,0,0,0,0,0,0,0,0,0,0
360180,2,1,1991,0,0,0,0,0,0,0,0,0,0
360181,1,1,1991,0,0,0,0,0,0,0,0,0,0
360181,2,1,1991,0,0,0,0,0,0,0,0,0,0
360182,1,1,1991,0,0,0,0,0,0,0,0,0,0
360182,2,1,1991,0,0,0,0,0,0,0,0,0,0
360183,0,1,1991,0,0,0,0,0,0,0,0,0,0
360183,1,1,1991,0,0,0,0,0,0,0,0,0,0
360184,1,1,1991,14,35,16,35,16,30,25,10,15,25
360185,0,1,1991,0,30,0,31,0,24,7,0,0,0
360185,0,2,1991,0,19,28,30,0,26,0,43,24,27
360185,1,1,1991,0,0,0,0,0,0,0,0,0,0
360185,2,1,1991,0,0,0,0,0,0,0,0,0,0
360186,0,1,1991,0,0,0,0,0,0,0,0,0,0
360186,1,1,1991,0,0,0,0,0,0,0,0,0,0
360187,1,1,1991,0,0,0,0,0,0,0,0,0,0
360187,2,1,1991,0,0,0,0,0,0,0,0,0,0
360187,3,1,1991,0,0,0,0,0,0,0,0,0,0
360188,1,1,1991,21,18,22,9,11,13,11,12,12,9
360188,2,1,1991,0,0,0,0,0,0,5,0,0,0
360188,3,1,1991,0,0,0,0,0,0,0,0,0,0
360189,1,1,1991,5,3,26,21,17,4,4,14,16,12
360190,1,1,1991,11,11,11,11,11,11,11,11,11,11
360190,2,1,1991,0,0,0,0,0,0,0,0,0,15
360191,1,1,1991,0,0,0,0,0,0,0,0,0,20
360192,1,1,1991,35,21,5,7,17,32,16,13,23,26
360193,0,1,1991,0,0,0,0,0,29,0,0,0,0
360193,1,1,1991,0,0,0,0,0,0,0,0,0,0
360194,1,1,1991,14,14,14,14,14,14,14,14,14,14
360195,1,1,1991,0,0,0,0,0,0,0,0,0,0
360195,2,1,1991,0,0,0,0,0,0,0,0,0,0
360195,3,1,1991,0,0,0,0,0,0,0,0,0,0
360196,1,1,1991,0,0,0,0,0,0,0,0,0,0
360196,2,1,1991,15,0,0,0,0,0,0,0,0,9
360197,1,1,1991,21,21,21,21,21,21,21,21,21,21
360198,1,1,1991,0,0,0,0,0,0,0,0,0,0
360199,1,1,1991,0,0,0,0,0,0,0,0,0,0
360199,2,1,1991,0,0,0,0,0,0,0,0,0,0
360200,0,1,1991,0,0,0,0,0,0,0,0,0,0
360200,1,1,1991,0,0,0,6,0,0,0,0,0,0
360201,1,1,1991,15,15,15,15,15,15,15,15,15,15
360202,0,1,1991,0,0,0,0,0,0,0,0,0,0
360202,1,1,1991,0,0,0,0,0,0,0,0,0,0
360203,1,1,1991,0,0,0,0,0,0,0,0,0,0
360203,2,1,1991,0,0,0,0,0,0,0,0,0,0
360204,1,1,1991,0,0,0,0,0,14,0,0,0,0
360205,0,1,1991,0,0,0,0,0,0,0,0,0,0
360205,1,1,1991,0,0,0,0,0,0,0,0,0,0
360206,0,1,1991,0,0,0,0,0,0,0,0,0,0
360206,1,1,1991,0,0,0,15,0,9,17,0,0,0
360207,1,1,1991,8,8,8,8,8,8,8,8,8,8
360208,1,1,1991,0,0,0,0,0,0,0,0,0,0
360208,2,1,1991,0,0,0,0,0,0,0,0,0,0
360209,1,1,1991,0,0,0,0,0,0,0,0,0,0
360209,2,1,1991,0,0,0,0,0,0,0,0,0,0
360210,1,1,1991,0,0,0,0,0,0,0,0,0,0
360210,2,1,1991,0,0,0,0,0,0,0,0,0,0
360211,1,1,1991,12,7,21,20,14,4,19,16,19,23
360211,2,1,1991,9,9,9,9,9,9,9,9,9,9
360213,1,1,1991,0,0,0,0,0,0,0,0,0,0
360214,1,1,1991,0,0,0,0,0,0,0,0,0,0
360214,2,1,1991,0,4,0,0,0,0,10,0,0,2
360215,0,1,1991,17,17,17,17,17,17,17,17,17,17
360215,1,1,1991,0,0,0,0,0,0,0,12,0,0
360216,0,1,1991,0,0,0,0,0,0,0,0,0,0
360216,1,1,1991,0,0,0,0,0,0,0,0,0,0
360217,0,1,1991,0,0,0,0,0,0,0,0,0,0
360217,1,1,1991,0,0,0,0,0,0,0,0,0,0
360218,1,1,1991,15,16,18,9,9,8,20,25,25,22
360218,2,1,1991,0,0,0,0,0,0,0,0,0,0
360219,1,1,1991,0,0,0,0,0,0,22,0,0,0
360220,1,1,1991,0,0,0,0,0,0,0,0,0,0
360220,2,1,1991,0,0,0,0,0,0,0,0,0,0
360221,1,1,1991,0,0,0,0,0,0,0,0,0,0
360222,1,1,1991,0,0,0,0,0,0,0,0,0,0
360222,2,1,1991,0,0,0,0,0,0,0,0,0,0
360223,1,1,1991,0,0,0,0,0,0,0,0,0,0
360223,2,1,1991,0,0,0,0,0,0,0,0,0,0
360224,1,1,1991,2,2,2,2,2,2,2,2,2,2
360225,1,1,1991,0,0,0,6,0,0,0,0,0,0
360226,1,1,1991,0,8,0,0,0,0,0,0,0,0
360226,2,1,1991,0,0,0,0,0,0,0,0,0,0
360227,0,1,1991,12,12,12,12,12,12,12,12,12,12
360227,2,1,1991,0,0,0,0,0,0,0,0,0,0
360228,1,1,1991,0,0,0,0,0,0,0,0,0,0
360229,0,1,1991,0,0,0,0,0,0,0,0,0,0
360229,1,1,1991,0,0,7,27,0,23,9,20,22,9
360230,0,1,1991,0,0,0,0,0,0,0,0,0,0
360230,1,1,1991,16,0,6,7,0,30,0,25,12,7
360231,1,1,1991,26,26,26,26,26,26,26,26,26,26
360232,1,1,1991,12,12,12,12,12,12,12,12,12,12
360233,0,1,1991,0,0,0,0,0,0,0,0,0,0
360233,1,1,1991,0,0,0,0,0,0,0,0,0,0
360234,1,1,1991,0,0,0,0,0,0,0,0,0,0
360235,1,1,1991,13,22,13,16,10,14,19,17,30,14
360235,2,1,1991,0,0,0,0,0,0,0,0,0,0
360236,1,1,1991,0,0,0,0,0,0,0,0,0,0
360237,1,1,1991,0,0,0,21,18,0,29,0,0,0
360238,1,1,1991,0,0,0,0,0,0,0,0,0,0
360238,2,1,1991,0,0,0,0,0,0,0,0,0,0
360239,0,1,1991,0,0,0,0,0,0,0,0,0,0
360239,1,1,1991,0,0,0,0,0,0,0,0,0,0
360240,1,1,1991,0,0,0,0,0,0,0,0,0,0
360240,2,1,1991,0,0,0,0,0,0,0,0,0,0
360241,0,1,1991,0,0,0,0,0,0,0,0,0,0
360241,1,1,1991,0,0,0,0,0,0,0,0,0,0
360241,2,1,1991,0,0,0,0,0,0,0,0,0,0
360243,1,1,1991,0,0,22,0,0,0,17,0,0,0
360243,2,1,1991,0,0,3,0,41,0,10,0,15,19
360244,1,1,1991,13,13,13,13,13,13,13,13,13,13
360245,1,1,1991,15,15,15,15,15,15,15,15,15,15
360246,1,1,1991,0,0,6,11,0,25,0,0,0,8
360246,2,1,1991,0,0,0,0,0,0,0,0,0,0
360247,1,1,1991,14,13,14,15,22,22,10,21,11,21
360248,1,1,1991,0,0,0,0,0,0,0,0,0,0
360248,2,1,1991,4,4,4,4,4,4,4,4,4,4
360249,1,1,1991,12,16,19,11,23,17,17,15,16,9
360250,1,1,1991,14,10,16,13,26,12,14,23,9,13
360251,1,1,1991,0,0,0,0,0,0,0,0,0,0
360251,2,1,1991,0,0,0,0,2,0,0,0,0,0
360252,1,1,1991,0,0,0,0,0,0,0,0,0,0
360252,2,1,1991,0,0,0,0,0,0,0,0,0,0
360253,0,1,1991,0,0,0,0,0,0,0,0,0,0
360253,1,1,1991,0,0,0,0,0,0,0,0,0,0
360254,0,1,1991,0,0,0,0,0,0,0,0,0,0
360254,1,1,1991,0,0,0,0,0,0,0,0,0,0
360255,0,1,1991,0,0,0,21,0,0,0,0,0,0
360255,1,1,1991,0,0,0,0,0,0,0,0,0,0
360256,0,1,1991,5,5,5,5,5,5,5,5,5,5
360256,1,1,1991,0,0,0,0,0,0,0,0,6,0
360257,1,1,1991,0,0,0,0,0,0,0,0,0,0
360257,2,1,1991,21,0,0,18,0,0,0,0,24,0
360258,0,1,1991,0,0,0,0,0,0,0,0,0,0
360258,1,1,1991,0,0,0,0,0,0,0,0,0,0
360260,1,1,1991,0,0,0,0,0,0,0,0,0,0
360260,2,1,1991,0,0,0,0,0,0,0,0,0,0
360261,1,1,1991,0,0,0,0,0,0,0,0,0,0
360262,0,1,1991,0,0,0,0,0,0,0,0,0,0
360262,1,1,1991,0,0,0,0,0,0,0,0,0,0
360263,1,1,1991,0,0,0,0,0,0,0,0,0,0
360263,2,1,1991,0,0,0,0,0,0,0,0,0,0
360264,1,1,1991,0,0,0,0,35,0,0,0,0,0
360265,0,1,1991,0,0,0,0,0,0,0,0,0,0
360265,1,1,1991,0,0,0,0,0,0,0,0,0,0
360266,0,1,1991,0,0,0,0,0,0,0,0,0,0
360266,1,1,1991,0,26,0,0,0,0,0,0,0,0
360267,1,1,1991,0,0,0,0,0,0,0,0,0,0
360267,2,1,1991,0,0,0,0,0,0,0,0,0,0
360269,1,1,1991,0,0,0,0,0,0,0,12,0,0
360269,2,1,1991,16,16,16,16,16,16,16,16,16,16
360270,1,1,1991,0,0,0,0,0,0,0,0,0,0
360270,2,1,1991,0,0,0,0,0,0,0,0,0,0
360272,1,1,1991,18,18,18,18,18,18,18,18,18,18
360273,1,1,1991,0,6,13,24,18,0,0,23,7,5
360274,1,1,1991,0,0,0,0,0,0,0,0,0,0
360274,2,1,1991,0,0,0,0,0,0,0,0,0,0
360276,1,1,1991,0,0,0,13,0,0,0,0,0,0
360276,2,1,1991,0,0,0,0,0,0,0,0,0,0
360277,1,1,1991,18,18,18,18,18,18,18,18,18,18
360278,0,1,1991,0,0,0,0,0,0,0,0,0,0
360278,1,1,1991,0,0,0,0,0,0,0,0,0,0
360279,1,1,1991,0,0,0,0,0,0,14,0,0,0
360280,0,1,1991,0,0,0,0,0,0,0,0,0,0
360280,1,1,1991,0,10,18,15,8,3,19,21,11,9
360281,1,1,1991,10,10,10,10,10,10,10,10,10,10
360282,1,1,1991,0,0,0,0,0,0,0,0,0,0
360283,1,1,1991,0,0,0,0,0,0,0,0,0,0
360284,0,1,1991,0,0,0,0,0,0,0,0,0,0
360284,1,1,1991,0,0,0,0,0,0,0,0,0,0
360284,2,1,1991,10,0,8,15,12,17,6,0,0,15
360284,3,1,1991,0,39,10,21,15,14,18,17,0,10
360285,1,1,1991,0,0,0,0,0,0,0,0,0,0
360286,1,1,1991,0,0,0,0,0,0,0,0,0,0
360286,2,1,1991,0,0,23,7,15,6,0,14,19,0
360287,0,1,1991,0,0,0,0,0,0,0,0,0,0
360287,1,1,1991,0,0,0,0,0,0,0,0,0,0
360288,1,1,1991,24,21,0,10,15,15,13,16,17,18
360289,1,1,1991,9,18,13,9,18,24,20,21,18,31
360290,1,1,1991,0,0,0,0,0,0,0,0,0,0
360291,1,1,1991,20,20,20,20,20,20,20,20,20,20
360292,1,1,1991,0,0,0,0,0,0,0,0,0,0
360293,1,1,1991,0,0,0,0,0,0,0,0,0,0
360295,1,1,1991,0,0,0,13,0,0,0,0,0,0
360296,0,1,1991,0,0,0,0,0,0,0,0,0,0
360296,1,1,1991,0,0,0,0,0,0,0,0,0,0
360297,0,1,1991,12,12,12,12,12,12,12,12,12,12
360297,1,1,1991,9,15,0,0,23,0,12,12,0,0
360298,1,1,1991,0,0,0,0,0,0,0,0,0,0
360299,0,1,1991,0,0,24,0,0,15,24,0,12,21
360299,0,2,1991,0,0,0,0,0,0,0,0,0,0
360299,1,1,1991,0,0,0,0,0,0,13,0,0,0
360300,1,1,1991,21,21,21,21,21,21,21,21,21,21
360301,1,1,1991,0,0,0,0,6,0,0,0,0,0
360301,2,1,1991,0,0,0,0,0,0,0,0,0,0
360302,1,1,1991,18,18,8,13,9,5,4,16,22,6
360302,2,1,1991,0,0,0,0,0,0,0,0,0,0
360303,1,1,1991,2,2,2,2,2,2,2,2,2,2
360303,2,1,1991,6,6,6,6,6,6,6,6,6,6
360303,3,1,1991,0,0,0,20,0,0,0,0,8,0
360303,4,1,1991,21,0,0,0,0,0,10,0,0,0
360304,1,1,1991,0,29,19,10,21,19,23,13,24,0
360304,2,1,1991,0,0,0,0,0,0,0,0,0,0
360305,1,1,1991,0,0,0,0,0,0,0,0,0,0
360306,1,1,1991,21,0,7,3,12,13,9,20,0,7
360306,2,1,1991,0,0,0,0,0,0,0,0,0,0
360306,3,1,1991,0,0,0,0,0,0,0,0,0,0
360307,1,1,1991,0,0,0,0,0,0,0,0,0,0
360308,1,1,1991,0,7,0,0,0,0,0,0,0,0
360308,2,1,1991,0,0,0,0,0,0,0,0,0,0
360309,1,1,1991,13,24,18,9,15,11,17,16,7,14
360310,0,1,1991,0,0,0,0,0,0,0,0,0,0
360310,1,1,1991,0,0,0,0,16,0,0,0,0,0
360312,0,1,1991,26,26,26,26,26,26,26,26,26,26
360312,1,1,1991,0,0,0,0,0,16,0,0,0,0
360313,1,1,1991,0,0,0,0,0,0,0,0,0,0
360313,2,1,1991,0,0,0,0,0,0,0,0,0,0
360315,0,1,1991,0,0,0,0,0,0,0,0,0,0
360315,1,1,1991,0,0,0,0,0,0,0,0,0,0
360316,1,1,1991,13,13,13,13,13,13,13,13,13,13
360317,1,1,1991,14,41,24,28,24,22,23,14,25,11
360318,1,1,1991,0,0,0,0,0,0,0,0,0,0
360318,2,1,1991,0,0,0,0,0,0,0,0,0,0
360318,3,1,1991,0,0,0,0,0,0,0,0,0,0
360319,0,1,1991,0,0,0,0,0,0,0,0,0,0
360319,1,1,1991,0,0,0,0,0,0,0,0,0,0
360320,0,1,1991,0,0,0,0,0,0,0,0,0,0
360320,1,1,1991,0,0,0,0,0,0,0,0,0,0
360321,1,1,1991,0,0,0,0,0,0,0,0,0,0
360321,2,1,1991,0,0,0,0,0,0,0,0,0,0
360322,1,1,1991,0,0,0,0,0,0,0,0,0,0
360322,2,1,1991,0,0,0,0,0,0,0,0,0,0
360322,3,1,1991,0,0,0,0,0,0,0,7,0,0
360323,1,1,1991,22,22,22,22,22,22,22,22,22,22
360324,1,1,1991,30,0,0,0,6,0,20,0,0,0
360326,1,1,1991,7,0,0,20,0,0,0,16,0,0
360326,2,1,1991,7,7,7,7,7,7,7,7,7,7
360327,1,1,1991,0,0,0,0,0,0,0,0,0,0
360327,2,1,1991,0,0,0,0,0,0,0,0,0,0
360328,1,1,1991,4,44,19,18,31,15,36,35,14,0
360328,2,1,1991,0,0,0,0,0,0,0,6,0,0
360328,3,1,1991,0,0,9,0,0,0,0,0,0,0
360328,4,1,1991,0,0,0,0,0,0,0,0,0,0
360329,0,1,1991,0,0,0,0,0,0,0,0,0,0
360329,1,1,1991,0,0,19,0,0,14,13,0,0,0
360330,0,1,1991,0,0,0,0,0,0,0,0,0,0
360330,0,2,1991,0,0,8,0,36,0,0,0,19,0
360330,1,1,1991,0,0,0,0,0,0,0,0,0,0
360331,0,1,1991,25,25,25,25,25,25,25,25,25,25
360331,1,1,1991,0,0,0,0,0,0,0,0,0,0
360332,1,1,1991,0,0,0,0,0,0,0,0,0,0
360332,2,1,1991,0,0,0,0,0,0,0,0,0,0
360333,1,1,1991,0,0,0,0,0,0,0,0,0,0
360334,1,1,1991,0,0,0,0,0,0,0,0,0,0
360335,0,1,1991,2,2,2,2,2,2,2,2,2,2
360335,1,1,1991,11,0,17,25,0,5,21,0,0,17
360336,1,1,1991,18,0,0,27,17,0,0,10,0,0
360337,1,1,1991,0,0,0,0,0,0,0,0,0,0
360337,2,1,1991,13,0,22,15,0,0,6,11,11,13
360338,0,1,1991,0,0,0,0,0,0,0,0,0,0
360338,1,1,1991,0,0,0,0,0,0,0,0,0,0
360339,0,1,1991,0,0,0,0,0,0,0,0,0,0
360339,1,1,1991,0,0,0,14,0,0,0,0,0,0
360340,1,1,1991,0,0,0,0,0,0,0,0,0,0
360340,2,1,1991,0,0,0,0,0,0,0,0,25,0
360341,0,1,1991,0,0,0,0,0,0,0,0,0,0
360341,1,1,1991,0,0,0,0,0,0,0,0,0,0
360342,0,1,1991,0,0,0,0,0,0,0,0,0,0
360342,1,1,1991,0,0,0,0,0,0,0,0,0,0
360343,0,1,1991,0,0,0,0,0,0,0,0,0,0
360343,1,1,1991,0,0,0,11,0,0,0,0,0,0
360346,0,1,1991,0,0,0,0,0,0,0,0,0,0
360346,1,1,1991,0,0,0,0,0,0,0,0,0,0
360347,0,1,1991,0,0,7,0,0,13,0,14,8,16
360347,0,2,1991,0,7,0,0,0,0,0,0,0,0
360347,0,3,1991,0,32,0,0,0,12,0,0,0,0
360347,0,4,1991,0,0,17,0,0,0,11,0,0,0
360347,2,1,1991,0,0,0,0,0,0,0,0,0,0
360348,1,1,1991,0,0,0,0,0,0,0,0,0,0
360348,2,1,1991,0,0,0,15,0,0,0,0,0,0
360349,1,1,1991,0,0,0,0,0,0,0,0,0,0
360350,1,1,1991,0,0,0,0,0,0,0,0,0,0
360350,2,1,1991,0,0,0,0,0,0,0,0,0,0
360351,1,1,1991,0,0,0,0,0,0,0,0,0,0
360352,1,1,1991,0,0,0,0,0,0,0,0,0,0
360353,0,1,1991,0,0,0,0,0,0,0,0,0,0
360353,1,1,1991,0,0,0,0,0,0,0,0,0,0
360354,1,1,1991,0,0,20,0,0,0,0,0,0,25
360355,1,1,1991,0,0,0,0,0,0,0,0,0,0
360357,0,1,1991,0,0,0,0,0,0,0,0,0,0
360357,1,1,1991,25,0,15,21,16,7,29,26,17,10
360358,1,1,1991,0,0,0,0,0,0,0,0,0,0
360358,2,1,1991,0,0,0,0,0,0,0,0,0,0
360359,0,1,1991,0,0,0,0,0,0,0,0,0,0
360359,1,1,1991,0,16,0,21,12,0,14,0,0,0
360360,0,1,1991,0,0,0,0,0,0,0,0,0,0
360360,1,1,1991,0,0,0,0,0,0,0,0,0,0
360361,0,1,1991,0,0,0,0,0,0,0,0,0,0
360361,1,1,1991,0,0,0,0,0,0,0,0,0,0
360362,1,1,1991,0,0,0,4,22,0,0,11,0,0
360363,0,1,1991,0,0,0,0,0,0,0,0,0,0
360363,1,1,1991,0,0,0,0,0,0,0,0,0,0
360365,1,1,1991,10,21,17,16,24,8,11,21,30,19
360366,0,1,1991,0,0,0,0,0,0,0,0,0,0
360366,1,1,1991,0,0,0,0,0,0,0,0,0,0
360367,1,1,1991,0,0,0,0,0,0,9,13,0,0
360367,2,1,1991,4,4,4,4,4,4,4,4,4,4
360368,1,1,1991,16,16,16,16,16,16,16,16,16,16
360369,1,1,1991,19,19,19,19,19,19,19,19,19,19
360370,1,1,1991,9,9,8,10,7,0,15,10,7,16
360370,2,1,1991,0,0,0,0,0,0,0,0,0,0
360371,1,1,1991,0,0,0,0,0,0,0,0,0,0
360372,1,1,1991,0,0,0,0,0,16,0,0,12,0
360373,1,1,1991,0,0,0,0,0,0,0,0,0,0
360373,2,1,1991,0,0,0,0,0,0,0,0,0,0
360374,1,1,1991,0,0,0,0,0,0,0,0,0,0
360375,1,1,1991,10,7,12,20,14,0,9,13,15,5
360375,2,1,1991,0,0,0,0,0,0,0,0,0,0
360376,1,1,1991,0,0,0,0,0,0,0,0,0,0
360376,2,1,1991,0,0,0,0,0,0,0,0,0,0
360376,3,1,1991,0,0,0,0,0,0,0,0,0,0
360377,1,1,1991,0,0,0,0,0,0,0,0,0,0
360378,1,1,1991,0,0,0,0,0,0,0,9,0,0
360378,2,1,1991,6,19,7,0,17,11,9,0,9,5
360379,1,1,1991,0,0,0,0,0,0,0,0,0,0
360379,2,1,1991,0,0,0,0,0,0,0,0,0,0
360379,3,1,1991,0,0,0,0,0,0,0,0,0,0
360380,1,1,1991,26,26,26,26,26,26,26,26,26,26
360381,1,1,1991,0,12,13,0,21,0,0,0,0,0
360382,1,1,1991,0,0,0,0,0,0,0,0,0,0
360383,1,1,1991,8,8,8,8,8,8,8,8,8,8
360384,1,1,1991,25,8,18,32,25,30,26,27,24,11
360385,0,1,1991,0,0,0,0,4,0,0,0,0,0
360385,1,1,1991,16,9,17,13,16,16,10,13,17,2
360387,0,1,1991,0,0,0,0,0,0,0,0,0,0
360387,1,1,1991,0,0,0,0,0,0,10,0,0,0
360388,0,1,1991,0,0,0,0,0,0,0,0,0,0
360388,1,1,1991,0,0,0,0,0,0,0,0,0,0
360389,1,1,1991,0,0,0,0,0,0,0,0,0,0
360389,2,1,1991,0,0,0,0,0,0,0,0,0,0
360390,0,1,1991,0,16,19,9,0,0,9,4,0,23
360390,1,1,1991,8,0,20,0,13,0,22,0,6,29
360392,1,1,1991,20,15,35,11,13,9,17,11,12,15
360393,1,1,1991,0,0,0,0,0,0,0,0,0,0
360393,2,1,1991,0,0,0,0,0,0,0,0,0,0
360394,1,1,1991,31,31,31,31,31,31,31,31,31,31
360395,1,1,1991,14,14,14,14,14,14,14,14,14,14
360396,1,1,1991,0,15,0,0,0,0,0,0,0,0
360396,2,1,1991,0,0,0,0,0,0,0,0,0,0
360397,0,1,1991,0,0,0,0,0,0,0,0,0,0
360397,1,1,1991,0,0,0,0,0,0,0,0,0,0
360398,1,1,1991,14,14,14,14,14,14,14,14,14,14
360399,1,1,1991,0,0,0,0,0,0,0,0,0,0
360400,1,1,1991,8,8,8,8,8,8,8,8,8,8
360401,0,1,1991,0,0,0,0,0,0,0,0,0,0
360401,1,1,1991,0,13,0,0,0,0,0,0,12,0
360402,1,1,1991,0,0,0,0,0,0,0,0,0,0
360402,2,1,1991,0,0,0,0,0,0,0,0,0,0
360403,1,1,1991,0,0,0,0,11,0,16,0,0,0
360403,2,1,1991,21,0,29,16,14,15,10,17,14,34
360404,0,1,1991,0,0,0,0,0,0,0,0,0,0
360404,1,1,1991,0,0,0,0,0,0,0,0,0,0
360405,0,1,1991,0,0,0,0,0,0,0,0,0,0
360405,1,1,1991,0,0,0,0,0,0,0,0,0,0
360406,1,1,1991,12,12,12,12,12,12,12,12,12,12
360407,1,1,1991,32,32,32,32,32,32,32,32,32,32
360408,1,1,1991,13,13,13,13,13,13,13,13,13,13
360410,1,1,1991,0,0,0,14,0,0,20,0,15,0
360411,0,1,1991,0,0,0,0,0,0,0,0,0,0
360411,1,1,1991,0,0,0,0,0,0,0,0,0,0
360412,0,1,1991,0,0,0,0,0,0,0,0,0,0
360412,1,1,1991,15,5,16,8,12,12,0,25,5,5
360413,1,1,1991,27,27,27,27,27,27,27,27,27,27
360415,1,1,1991,22,0,26,9,35,20,13,15,21,18
360416,1,1,1991,0,0,0,0,0,0,0,0,0,0
360416,2,1,1991,0,0,0,0,0,0,0,0,0,0
360417,1,1,1991,0,0,0,0,0,0,0,0,0,0
360417,2,1,1991,0,0,0,0,0,14,0,0,0,0
360418,1,1,1991,7,27,16,12,19,15,13,0,17,26
360418,2,1,1991,0,0,0,0,0,0,0,0,0,0
360419,0,1,1991,0,0,0,0,0,0,0,0,0,0
360419,1,1,1991,0,0,0,0,0,0,0,0,0,0
360420,0,1,1991,13,13,13,13,13,13,13,13,13,13
360420,1,1,1991,0,0,0,0,9,0,0,0,0,0
360421,1,1,1991,3,3,3,3,3,3,3,3,3,3
360422,1,1,1991,0,0,0,0,0,0,0,0,0,0
360423,0,1,1991,0,0,0,0,0,0,0,0,0,0
360423,1,1,1991,0,0,0,0,0,0,0,0,0,7
360424,0,1,1991,0,0,0,0,0,0,0,0,0,0
360424,1,1,1991,0,14,0,0,0,0,13,0,0,0
360425,1,1,1991,22,22,22,22,22,22,22,22,22,22
360426,1,1,1991,0,0,0,0,0,0,0,0,0,0
360427,1,1,1991,0,0,0,0,0,0,0,0,0,0
360427,2,1,1991,0,0,8,0,0,0,0,0,0,0
360428,1,1,1991,0,0,0,0,0,0,0,0,0,0
360428,2,1,1991,0,0,0,0,0,0,0,0,0,0