ST_CASE,VEH_NO,PER_NO,YEAR,P1,P2,P3,P4,P5,P6,P7,P8,P9,P10
390279,1,1,1991,36,12,20,0,14,0,19,22,28,16
390280,1,1,1991,28,28,28,28,28,28,28,28,28,28
390281,1,1,1991,16,16,16,16,16,16,16,16,16,16
390282,1,1,1991,23,23,23,23,23,23,23,23,23,23
390283,1,1,1991,0,0,0,24,12,0,0,0,0,0
390284,0,1,1991,0,0,0,0,0,0,0,0,0,0
390284,1,1,1991,0,0,0,0,0,0,0,0,0,0
390285,1,1,1991,18,18,18,18,18,18,18,18,18,18
390286,1,1,1991,16,12,9,12,15,30,13,14,17,5
390287,1,1,1991,0,0,0,0,13,0,0,0,0,0
390287,2,1,1991,0,0,0,0,0,0,0,0,0,0
390287,3,1,1991,0,0,0,0,0,0,0,0,0,0
390288,1,1,1991,18,18,18,18,18,18,18,18,18,18
390289,1,1,1991,20,20,20,20,20,20,20,20,20,20
390289,2,1,1991,0,0,0,0,0,0,0,0,0,0
390290,0,1,1991,0,0,26,0,0,17,0,0,0,0
390290,1,1,1991,0,0,0,0,0,0,18,0,15,10
390291,1,1,1991,0,0,0,0,0,0,0,0,0,0
390291,2,1,1991,0,0,0,4,14,0,0,0,0,0
390292,1,1,1991,11,11,11,11,11,11,11,11,11,11
390293,1,1,1991,0,0,0,0,0,0,0,0,0,0
390293,2,1,1991,0,0,0,0,0,0,0,0,0,0
390294,1,1,1991,0,0,0,0,0,0,0,0,0,0
390294,2,1,1991,0,0,0,12,0,0,0,0,0,0
390295,1,1,1991,0,0,0,0,0,0,0,0,0,0
390296,1,1,1991,13,13,13,13,13,13,13,13,13,13
390296,2,1,1991,0,0,17,0,0,0,0,17,0,0
390297,1,1,1991,0,0,0,0,0,7,0,0,0,0
390297,2,1,1991,0,0,0,0,0,0,0,0,0,0
390298,1,1,1991,15,9,25,18,21,26,10,6,0,13
390299,1,1,1991,0,0,0,0,0,0,0,0,0,0
390299,2,1,1991,0,9,0,9,0,0,0,0,0,0
390300,1,1,1991,25,25,25,25,25,25,25,25,25,25
390301,1,1,1991,0,0,0,0,0,0,0,0,0,0
390301,2,1,1991,0,0,0,0,0,0,0,0,0,0
390302,1,1,1991,0,11,27,22,0,0,0,0,0,0
390303,1,1,1991,0,0,0,0,0,0,0,0,0,0
390303,2,1,1991,0,8,0,0,0,0,0,0,0,0
390304,1,1,1991,17,17,17,17,17,17,17,17,17,17
390305,1,1,1991,13,19,9,24,19,20,21,21,12,0
390305,2,1,1991,0,0,0,0,0,0,0,0,0,0
390306,1,1,1991,0,0,0,0,0,0,0,0,0,0
390307,1,1,1991,0,0,0,0,13,0,0,0,0,0
390307,2,1,1991,0,0,0,0,0,0,0,0,0,0
390307,3,1,1991,0,0,0,0,0,0,0,0,0,0
390308,1,1,1991,0,0,3,0,0,0,0,6,0,0
390308,2,1,1991,0,0,0,0,0,0,0,0,0,0
390309,1,1,1991,0,0,0,0,0,0,0,0,0,0
390310,1,1,1991,16,22,22,22,15,12,34,27,33,24
390311,1,1,1991,20,25,41,6,8,15,27,42,0,13
390312,1,1,1991,27,27,27,27,27,27,27,27,27,27
390312,2,1,1991,0,0,0,15,14,13,0,0,0,0
390313,0,1,1991,15,15,15,15,15,15,15,15,15,15
390313,1,1,1991,0,18,0,0,0,0,0,0,0,0
390313,2,1,1991,0,0,23,0,10,0,0,0,2,0
390314,1,1,1991,0,0,0,0,0,0,0,0,0,0
390314,2,1,1991,0,3,0,8,0,17,0,0,0,11
390315,1,1,1991,22,22,22,22,22,22,22,22,22,22
390315,2,1,1991,0,0,8,0,0,0,0,0,0,0
390316,1,1,1991,0,0,0,0,0,0,0,0,0,0
390316,2,1,1991,0,0,0,0,0,0,0,0,0,0
390317,1,1,1991,24,24,24,24,24,24,24,24,24,24
390318,1,1,1991,15,15,18,34,13,18,16,37,9,23
390318,2,1,1991,0,0,0,0,0,0,0,0,0,0
390319,0,1,1991,28,29,0,31,53,15,10,17,0,23
390319,1,1,1991,0,13,4,2,7,30,0,14,0,19
390320,0,1,1991,12,12,12,12,12,12,12,12,12,12
390320,1,1,1991,0,0,0,0,0,0,0,0,0,0
390321,1,1,1991,0,0,0,0,0,0,0,0,0,0
390321,2,1,1991,0,0,0,0,0,0,0,0,0,0
390322,1,1,1991,0,0,0,0,0,0,0,0,0,0
390322,2,1,1991,0,0,0,0,0,0,0,0,0,0
390322,3,1,1991,0,0,0,0,0,0,0,0,0,0
390322,4,1,1991,0,0,0,0,0,0,0,0,0,0
390323,1,1,1991,17,17,17,17,17,17,17,17,17,17
390324,1,1,1991,0,0,0,0,0,0,0,0,0,0
390324,2,1,1991,17,17,0,0,26,0,0,8,18,14
390325,1,1,1991,0,0,0,0,0,0,0,0,0,0
390325,2,1,1991,0,0,0,0,0,0,0,0,0,0
390325,3,1,1991,0,0,0,0,0,0,0,0,0,0
390326,1,1,1991,22,22,22,22,22,22,22,22,22,22
390327,1,1,1991,0,0,0,0,0,0,0,0,0,0
390327,2,1,1991,0,0,0,0,0,0,0,0,0,0
390328,1,1,1991,0,0,0,0,0,0,0,0,0,0
390329,1,1,1991,13,0,31,45,9,21,10,23,0,28
390330,1,1,1991,0,0,0,0,0,0,0,0,0,22
390331,1,1,1991,0,0,0,0,0,0,0,0,0,0
390332,1,1,1991,14,11,15,13,13,32,10,12,7,18
390332,2,1,1991,0,0,0,0,0,0,0,0,0,0
390333,1,1,1991,0,0,7,0,0,0,0,31,13,8
390334,1,1,1991,9,0,0,0,0,0,0,0,0,0
390334,2,1,1991,0,0,0,0,0,0,0,0,0,0
390335,0,1,1991,0,0,0,0,0,0,0,0,0,0
390335,1,1,1991,0,0,0,0,0,0,0,0,0,0
390336,1,1,1991,0,0,0,0,0,0,0,23,9,0
390337,1,1,1991,19,26,15,0,21,21,25,0,21,13
390337,2,1,1991,13,0,14,0,16,11,4,21,0,18
390338,1,1,1991,11,11,11,11,11,11,11,11,11,11
390338,2,1,1991,23,23,23,23,23,23,23,23,23,23
390339,1,1,1991,26,13,25,11,0,0,13,19,14,9
390340,1,1,1991,0,0,0,0,0,0,0,0,0,0
390341,1,1,1991,0,0,0,0,0,0,0,0,0,0
390341,2,1,1991,0,0,0,0,0,0,0,13,0,0
390341,3,1,1991,0,0,0,0,0,0,0,0,0,0
390341,4,1,1991,0,0,0,0,0,0,1,0,0,0
390341,5,1,1991,0,0,0,0,0,0,0,0,0,0
390341,6,1,1991,0,0,0,0,0,0,0,0,0,0
390342,1,1,1991,17,17,17,17,17,17,17,17,17,17
390342,2,1,1991,0,0,0,0,0,0,0,0,0,0
390343,1,1,1991,0,0,0,0,0,0,0,0,0,0
390343,2,1,1991,0,0,0,0,0,0,19,0,0,0
390344,1,1,1991,12,12,12,12,12,12,12,12,12,12
390345,1,1,1991,26,26,26,26,26,26,26,26,26,26
390346,1,1,1991,17,28,19,22,22,19,7,24,32,17
390347,1,1,1991,9,7,18,0,0,19,11,15,53,0
390348,1,1,1991,0,0,0,0,0,0,0,0,17,0
390348,2,1,1991,0,0,0,0,0,0,0,0,0,0
390349,1,1,1991,16,16,16,16,16,16,16,16,16,16
390349,2,1,1991,0,10,6,9,0,13,10,29,41,7
390350,1,1,1991,0,0,0,0,0,0,0,0,0,0
390350,2,1,1991,0,0,0,0,0,0,0,0,0,0
390350,3,1,1991,0,0,0,0,0,0,0,0,0,0
390351,1,1,1991,11,11,11,11,11,11,11,11,11,11
390351,2,1,1991,7,10,17,7,18,0,8,6,8,26
390353,1,1,1991,0,0,0,0,0,0,0,0,0,0
390353,2,1,1991,0,0,0,0,0,0,0,0,0,0
390354,1,1,1991,0,0,0,0,0,0,0,0,0,0
390355,0,1,1991,0,0,0,0,0,0,0,0,0,0
390355,1,1,1991,0,0,0,0,0,0,0,0,0,0
390356,1,1,1991,14,14,14,14,14,14,14,14,14,14
390357,1,1,1991,0,0,0,0,0,0,0,0,0,0
390358,1,1,1991,29,29,29,29,29,29,29,29,29,29
390359,1,1,1991,43,43,43,43,43,43,43,43,43,43
390361,1,1,1991,0,0,0,0,0,0,12,0,0,0
390362,1,1,1991,0,0,0,0,0,0,0,0,0,0
390363,1,1,1991,0,0,0,0,0,0,0,0,0,0
390363,2,1,1991,0,0,0,0,0,0,0,0,0,0
390364,1,1,1991,6,6,6,6,6,6,6,6,6,6
390365,1,1,1991,10,10,10,10,10,10,10,10,10,10
390366,1,1,1991,0,0,0,0,0,0,0,0,0,0
390366,2,1,1991,0,0,0,0,0,0,0,0,0,0
390367,1,1,1991,8,8,8,8,8,8,8,8,8,8
390368,1,1,1991,25,0,0,0,0,0,10,0,0,0
390368,2,1,1991,0,0,0,0,0,0,0,0,0,0
390369,1,1,1991,53,24,29,32,12,18,16,17,23,7
390370,1,1,1991,15,21,9,32,17,14,16,8,24,19
390371,1,1,1991,17,17,17,17,17,17,17,17,17,17
390372,1,1,1991,25,25,25,25,25,25,25,25,25,25
390373,1,1,1991,39,39,39,39,39,39,39,39,39,39
390374,1,1,1991,18,0,12,11,19,0,25,9,15,0
390375,1,1,1991,0,0,0,0,0,0,0,0,0,0
390375,2,1,1991,0,0,0,0,0,0,0,0,0,0
390376,0,1,1991,0,0,13,21,0,18,24,0,0,0
390376,0,2,1991,0,33,0,12,10,0,10,0,0,0
390376,1,1,1991,15,15,15,15,15,15,15,15,15,15
390377,1,1,1991,28,28,28,28,28,28,28,28,28,28
390378,1,1,1991,20,20,20,20,20,20,20,20,20,20
390379,1,1,1991,9,22,23,15,0,7,0,11,0,16
390380,1,1,1991,14,14,14,14,14,14,14,14,14,14
390381,1,1,1991,0,0,0,0,0,0,0,0,0,0
390381,2,1,1991,0,0,0,0,0,0,0,0,0,0
390382,1,1,1991,19,0,0,0,0,0,0,0,5,0
390383,1,1,1991,0,0,0,0,0,0,0,0,0,0
390383,2,1,1991,12,13,0,0,0,0,11,20,18,10
390384,1,1,1991,34,0,32,0,0,0,0,0,0,0
390384,2,1,1991,6,18,22,19,15,16,22,14,12,21
390385,1,1,1991,0,0,0,0,0,0,0,0,0,0
390386,1,1,1991,13,16,7,3,7,9,0,20,6,13
390387,0,1,1991,20,11,0,15,23,6,0,0,3,7
390387,1,1,1991,12,6,0,0,0,27,0,14,0,14
390388,1,1,1991,0,0,0,0,19,0,0,0,0,0
390388,2,1,1991,0,0,0,0,0,0,16,0,0,0
390389,1,1,1991,0,15,0,24,0,18,0,16,0,37
390390,1,1,1991,19,19,19,19,19,19,19,19,19,19
390390,2,1,1991,0,0,0,0,0,0,0,0,0,0
390391,1,1,1991,0,0,0,0,0,0,0,0,0,0
390391,2,1,1991,0,0,0,0,0,0,0,0,0,0
390391,3,1,1991,0,0,0,0,0,0,0,0,0,0
390391,4,1,1991,0,0,0,0,0,0,0,0,0,0
390392,1,1,1991,21,10,28,28,24,13,25,7,42,15
390393,1,1,1991,0,0,0,0,0,14,0,0,0,8
390393,2,1,1991,0,0,0,0,0,0,0,0,0,16
390393,3,1,1991,0,0,0,0,0,0,0,0,0,0
390394,1,1,1991,0,0,0,0,0,0,0,0,0,0
390395,1,1,1991,0,0,0,0,0,0,0,0,0,0
390395,2,1,1991,0,13,0,0,6,0,13,0,19,0
390396,1,1,1991,8,0,0,7,11,16,11,11,0,17
390397,1,1,1991,0,0,0,0,0,0,0,0,0,0
390397,2,1,1991,0,0,0,0,0,0,0,0,0,0
390397,3,1,1991,0,0,0,0,0,0,0,0,0,0
390398,1,1,1991,0,0,0,0,0,0,0,0,0,0
390398,2,1,1991,0,0,0,0,0,0,0,0,0,0
390399,1,1,1991,17,17,17,17,17,17,17,17,17,17
390400,1,1,1991,0,0,0,0,0,0,0,0,0,0
390400,2,1,1991,0,0,0,0,0,0,0,0,0,0
390401,1,1,1991,11,0,0,0,0,0,0,0,0,0
390402,1,1,1991,0,0,0,0,0,0,0,0,0,0
390402,2,1,1991,0,0,0,0,0,0,0,0,0,0
390403,1,1,1991,0,0,0,0,0,0,0,0,0,0
390403,2,1,1991,28,28,28,28,28,28,28,28,28,28
390404,1,1,1991,0,0,0,0,0,0,0,0,0,0
390404,2,1,1991,0,0,0,0,0,0,0,0,0,0
390405,0,1,1991,0,0,0,0,0,32,0,0,0,0
390405,1,1,1991,0,0,0,0,0,0,0,0,0,0
390407,1,1,1991,0,0,0,0,0,0,0,0,0,0
390408,1,1,1991,0,0,0,0,0,16,0,11,0,0
390408,2,1,1991,0,0,0,0,0,0,0,22,0,0
390409,1,1,1991,0,20,0,0,0,27,0,0,0,0
390410,1,1,1991,23,23,23,23,23,23,23,23,23,23
390410,2,1,1991,0,0,0,0,0,0,0,0,0,0
390410,3,1,1991,0,0,0,0,0,0,0,0,0,0
390410,4,1,1991,0,9,0,0,0,0,0,0,0,0
390411,1,1,1991,0,0,0,0,0,0,0,0,0,0
390412,1,1,1991,0,0,0,0,0,0,0,0,0,0
390412,2,1,1991,17,0,0,0,0,0,0,0,0,0
390413,1,1,1991,10,10,10,10,10,10,10,10,10,10
390414,1,1,1991,0,0,0,0,0,0,0,0,0,0
390415,1,1,1991,2,2,2,2,2,2,2,2,2,2
390416,1,1,1991,6,16,0,2,0,0,19,9,0,16
390416,2,1,1991,0,0,0,0,0,0,0,0,0,0
390417,0,1,1991,13,13,13,13,13,13,13,13,13,13
390417,1,1,1991,0,0,0,0,0,0,0,0,0,0
390418,1,1,1991,0,0,0,0,0,0,0,0,0,0
390419,1,1,1991,0,0,0,0,0,0,0,0,0,0
390420,1,1,1991,0,0,0,0,0,0,0,0,0,0
390420,2,1,1991,0,0,0,0,0,0,0,0,0,0
390421,0,1,1991,0,0,0,0,0,0,0,0,0,0
390421,1,1,1991,0,0,0,0,0,0,0,0,0,0
390423,0,1,1991,0,0,0,0,0,0,0,0,0,0
390423,1,1,1991,0,0,0,0,0,0,0,0,0,0
390424,1,1,1991,0,0,0,0,0,0,0,0,0,0
390425,1,1,1991,0,0,0,0,0,0,0,0,0,0
390425,2,1,1991,6,6,6,6,6,6,6,6,6,6
390426,1,1,1991,0,0,0,0,0,0,0,0,0,0
390427,1,1,1991,0,0,0,0,0,0,0,0,0,0
390428,1,1,1991,0,0,0,0,0,0,0,0,0,0
390428,2,1,1991,0,0,0,0,0,0,0,0,0,0
390429,1,1,1991,0,0,0,0,0,0,0,0,0,0
390430,1,1,1991,0,0,0,0,0,0,0,0,0,0
390430,2,1,1991,17,17,17,17,17,17,17,17,17,17
390431,1,1,1991,11,0,4,20,7,14,0,24,0,38
390432,1,1,1991,0,0,0,0,7,0,29,0,0,0
390433,1,1,1991,0,0,0,0,0,0,0,0,0,0
390434,0,1,1991,0,0,0,0,0,0,0,0,0,0
390434,1,1,1991,26,26,26,26,26,26,26,26,26,26
390435,1,1,1991,0,0,16,0,0,0,0,0,21,17
390436,0,1,1991,0,0,0,0,0,0,0,0,0,0
390436,1,1,1991,0,15,0,0,0,0,0,0,0,0
390437,1,1,1991,0,0,0,0,0,0,0,0,0,0
390437,2,1,1991,0,0,0,0,0,0,0,0,0,0
390438,1,1,1991,0,0,0,0,0,0,0,0,0,0
390438,2,1,1991,0,0,0,0,0,0,0,0,0,0
390439,1,1,1991,0,0,0,0,0,0,0,0,0,0
390439,2,1,1991,1,1,1,1,1,1,1,1,1,1
390440,1,1,1991,0,0,0,0,0,0,0,0,0,0
390441,0,1,1991,0,29,19,0,23,0,0,0,0,0
390441,1,1,1991,0,0,0,0,0,0,0,0,0,0
390441,2,1,1991,0,0,0,0,0,0,0,0,0,0
390442,1,1,1991,0,0,0,0,0,0,0,0,0,0
390442,2,1,1991,0,4,0,0,0,0,0,0,0,0
390443,1,1,1991,9,3,34,16,13,18,10,14,23,19
390444,1,1,1991,6,6,6,6,6,6,6,6,6,6
390445,0,1,1991,0,0,0,0,0,0,0,0,0,0
390445,1,1,1991,0,0,0,0,0,0,0,0,0,0
390446,1,1,1991,0,0,0,0,0,0,0,36,0,0
390447,1,1,1991,10,10,10,10,10,10,10,10,10,10
390447,2,1,1991,11,11,11,11,11,11,11,11,11,11
390448,1,1,1991,0,0,0,0,0,0,0,0,0,0
390448,2,1,1991,0,0,0,0,0,0,0,0,0,0
390449,1,1,1991,0,0,0,0,0,0,0,0,18,0
390449,2,1,1991,0,0,0,0,0,0,0,0,0,0
390450,0,1,1991,0,0,10,0,0,0,0,0,0,0
390450,0,2,1991,0,0,0,0,0,0,0,0,0,0
390450,0,3,1991,0,0,0,0,0,0,0,0,0,0
390450,1,1,1991,0,0,0,0,0,0,0,0,0,0
390451,1,1,1991,0,0,0,0,0,0,0,0,0,0
390452,1,1,1991,0,0,0,0,0,0,0,0,0,0
390452,2,1,1991,0,0,0,0,0,0,0,0,0,0
390453,1,1,1991,23,23,23,23,23,23,23,23,23,23
390454,1,1,1991,0,15,30,21,23,11,30,15,17,10
390455,1,1,1991,0,0,0,0,0,0,0,0,0,0
390455,2,1,1991,31,10,25,15,19,11,20,11,11,20
390456,1,1,1991,0,0,0,0,0,0,0,0,0,0
390456,2,1,1991,0,0,0,0,0,0,0,0,22,18
390456,3,1,1991,0,0,0,0,0,0,0,0,0,0
390457,1,1,1991,0,0,0,0,0,0,0,0,0,0
390458,1,1,1991,0,0,0,0,0,0,0,0,0,0
390458,2,1,1991,0,0,0,0,0,0,0,0,0,0
390459,1,1,1991,5,0,0,0,0,0,0,0,0,0
390459,2,1,1991,6,11,7,21,26,16,0,10,30,24
390460,1,1,1991,0,0,0,0,0,0,0,0,0,0
390460,2,1,1991,0,0,0,0,0,0,0,0,0,0
390461,1,1,1991,0,0,0,0,0,0,0,0,0,0
390462,1,1,1991,0,0,0,0,0,0,0,0,0,0
390463,1,1,1991,0,8,15,0,15,0,0,3,0,0
390464,1,1,1991,0,0,0,0,0,0,0,0,0,0
390464,2,1,1991,0,0,0,0,0,0,0,0,0,0
390465,1,1,1991,0,23,0,0,0,17,0,0,0,0
390465,2,1,1991,0,0,0,0,0,0,0,0,0,22
390466,1,1,1991,0,0,0,0,0,0,0,0,0,0
390466,2,1,1991,26,4,4,0,0,10,8,0,4,0
390467,1,1,1991,0,0,0,0,0,0,0,0,0,0
390468,1,1,1991,0,0,0,0,0,0,0,9,0,0
390468,2,1,1991,0,0,0,0,0,0,0,0,0,15
390469,1,1,1991,0,0,0,7,0,0,0,0,0,0
390469,2,1,1991,0,0,0,0,0,0,0,0,0,0
390470,1,1,1991,19,19,19,19,19,19,19,19,19,19
390471,1,1,1991,10,14,17,20,29,27,18,10,10,20
390472,1,1,1991,27,27,27,27,27,27,27,27,27,27
390473,1,1,1991,0,0,0,0,0,0,0,0,0,0
390473,2,1,1991,21,19,7,0,11,20,18,0,0,0
390474,1,1,1991,0,0,0,0,0,0,7,0,19,21
390475,1,1,1991,22,22,22,22,22,22,22,22,22,22
390475,2,1,1991,0,0,0,0,0,0,0,0,0,0
390476,1,1,1991,0,14,13,0,31,0,8,0,0,0
390477,1,1,1991,0,0,0,0,0,0,0,0,20,0
390478,1,1,1991,16,16,16,16,16,16,16,16,16,16
390478,2,1,1991,0,0,0,0,0,0,0,0,0,0
390479,1,1,1991,0,0,0,0,0,0,0,0,0,0
390479,2,1,1991,0,0,0,0,0,0,0,0,0,0
390480,1,1,1991,0,0,0,0,0,0,0,0,0,0
390480,2,1,1991,0,0,0,0,0,0,0,0,0,0
390480,3,1,1991,0,0,0,0,0,0,0,0,0,0
390481,1,1,1991,15,0,20,0,20,16,5,31,9,17
390482,1,1,1991,4,0,0,0,0,0,0,4,0,0
390482,2,1,1991,0,0,0,0,0,0,0,0,0,0
390483,1,1,1991,9,9,9,9,9,9,9,9,9,9
390484,1,1,1991,0,0,0,0,0,0,0,0,0,0
390484,2,1,1991,0,0,0,0,0,0,0,0,0,0
390485,1,1,1991,0,0,13,22,0,0,40,0,0,0
390486,0,1,1991,0,0,0,0,0,0,0,0,0,21
390486,1,1,1991,0,0,0,0,0,0,0,0,0,0
390487,1,1,1991,14,14,14,14,14,14,14,14,14,14
390487,2,1,1991,0,0,0,0,0,0,0,11,0,0
390488,1,1,1991,0,0,0,0,0,0,0,0,0,0
390488,2,1,1991,9,9,9,9,9,9,9,9,9,9
390489,1,1,1991,8,8,8,8,8,8,8,8,8,8
390489,2,1,1991,0,0,0,0,0,0,0,0,0,0
390490,1,1,1991,10,10,10,10,10,10,10,10,10,10
390491,1,1,1991,17,17,17,17,17,17,17,17,17,17
390491,2,1,1991,12,12,12,12,12,12,12,12,12,12
390492,1,1,1991,0,0,6,0,0,0,0,0,0,0
390492,2,1,1991,19,27,17,25,14,15,14,32,13,20
390493,1,1,1991,0,0,0,0,0,0,0,0,0,0
390494,1,1,1991,15,15,15,15,15,15,15,15,15,15
390495,1,1,1991,28,0,0,0,0,0,0,0,0,0
390496,1,1,1991,0,0,0,0,0,0,0,0,0,0
390497,1,1,1991,0,0,0,0,0,10,0,0,0,0
390498,1,1,1991,0,0,0,0,0,0,0,0,0,0
390498,2,1,1991,0,0,0,0,0,0,0,0,0,0
390499,1,1,1991,17,17,17,17,17,17,17,17,17,17
390500,1,1,1991,17,17,17,17,17,17,17,17,17,17
390501,1,1,1991,18,17,20,10,19,20,7,20,15,7
390502,1,1,1991,0,0,22,0,0,0,0,0,0,0
390503,1,1,1991,0,0,0,0,0,0,0,0,0,0
390504,1,1,1991,0,0,0,0,0,0,0,0,0,0
390504,2,1,1991,0,0,0,0,0,0,0,0,0,0
390505,1,1,1991,0,0,0,0,0,0,0,0,0,0
390505,2,1,1991,0,0,0,0,0,0,0,0,0,11
390506,1,1,1991,14,0,0,0,34,22,0,0,17,0
390507,1,1,1991,0,0,0,0,0,0,0,0,0,0
390508,1,1,1991,13,13,13,13,13,13,13,13,13,13
390509,1,1,1991,0,0,0,0,0,0,0,0,0,0
390510,1,1,1991,0,0,0,0,0,0,0,0,0,0
390510,2,1,1991,0,0,0,0,0,0,0,0,0,0
390511,0,1,1991,0,0,0,0,0,0,0,0,0,0
390511,1,1,1991,0,0,0,0,0,0,0,0,0,0
390512,1,1,1991,0,0,0,0,0,0,0,0,0,0
390513,1,1,1991,27,23,0,0,0,0,0,0,0,0
390513,2,1,1991,0,0,0,0,0,0,0,0,0,0
390514,1,1,1991,21,10,0,17,14,9,16,0,0,39
390515,0,1,1991,31,0,0,0,0,24,33,0,0,0
390515,1,1,1991,12,0,0,0,0,0,0,0,0,0
390516,1,1,1991,9,9,9,9,9,9,9,9,9,9
390517,1,1,1991,11,19,14,6,11,16,13,14,24,14
390518,1,1,1991,13,0,0,0,21,0,13,0,25,0
390520,1,1,1991,15,15,15,15,15,15,15,15,15,15
390521,1,1,1991,0,0,0,0,0,0,0,0,0,0
390521,2,1,1991,0,0,0,0,0,0,0,0,0,0
390522,1,1,1991,14,14,14,14,14,14,14,14,14,14
390523,1,1,1991,0,0,0,0,9,0,0,0,0,0
390523,2,1,1991,13,13,13,13,13,13,13,13,13,13
390525,1,1,1991,0,0,0,0,0,0,0,0,0,0
390526,1,1,1991,0,0,0,0,0,0,0,0,0,0
390526,2,1,1991,0,0,0,0,0,0,0,0,0,0
390526,3,1,1991,0,0,0,0,0,0,0,0,0,0
390527,1,1,1991,0,0,0,0,0,0,0,0,0,0
390527,2,1,1991,0,0,0,0,0,0,0,0,0,0
390528,0,1,1991,0,0,0,0,0,0,0,0,0,0
390528,1,1,1991,0,0,0,0,0,0,0,0,0,0
390529,1,1,1991,0,0,0,0,0,0,0,0,0,0
390529,2,1,1991,12,13,6,0,0,20,0,19,0,0
390530,1,1,1991,0,0,0,0,0,0,0,0,0,0
390530,2,1,1991,11,11,11,11,11,11,11,11,11,11
390531,0,1,1991,0,0,0,0,0,0,0,0,0,0
390531,1,1,1991,22,0,0,0,22,15,0,19,0,0
390532,1,1,1991,0,0,0,0,0,0,0,7,0,15
390533,1,1,1991,0,0,0,0,0,0,0,0,0,0
390533,2,1,1991,20,0,0,0,10,0,0,12,10,21
390534,1,1,1991,0,0,0,0,0,0,0,0,0,0
390534,2,1,1991,0,0,0,0,0,0,0,0,0,0
390537,0,1,1991,0,0,0,0,0,0,0,0,0,0
390537,1,1,1991,19,0,16,0,0,14,0,0,0,21
390538,1,1,1991,0,0,0,0,0,0,0,0,0,0
390539,0,1,1991,0,0,0,0,0,0,0,0,0,0
390539,1,1,1991,0,0,0,0,0,0,0,0,0,0
390540,1,1,1991,0,0,0,0,0,0,0,0,0,0
390540,2,1,1991,0,0,0,0,0,0,0,0,0,0
390541,1,1,1991,0,0,0,0,0,0,0,0,0,0
390541,2,1,1991,0,0,0,0,0,0,0,0,0,0
390541,3,1,1991,0,0,0,0,0,0,0,0,0,0
390542,1,1,1991,0,0,0,0,0,0,0,0,0,0
390542,2,1,1991,0,0,0,0,0,0,0,0,0,0
390542,3,1,1991,0,0,0,0,0,0,0,0,0,0
390543,1,1,1991,20,17,19,12,21,21,9,0,22,0
390544,0,1,1991,12,9,27,26,0,33,25,9,0,5
390544,1,1,1991,10,12,13,11,19,24,25,20,17,20
390545,1,1,1991,23,0,0,17,8,14,18,0,0,21
390546,1,1,1991,0,0,0,0,0,0,0,0,0,0
390546,2,1,1991,0,0,29,0,0,0,0,0,0,23
390547,1,1,1991,28,28,28,28,28,28,28,28,28,28
390548,1,1,1991,0,0,0,0,0,0,0,0,0,0
390549,1,1,1991,0,0,0,0,0,0,0,0,10,0
390549,2,1,1991,29,12,14,13,18,20,26,14,15,17
390550,1,1,1991,0,0,0,0,0,0,0,0,0,0
390550,2,1,1991,0,0,0,0,0,0,0,0,0,0
390551,1,1,1991,13,13,13,13,13,13,13,13,13,13
390552,0,1,1991,19,0,0,0,0,0,0,0,0,0
390552,1,1,1991,0,0,0,0,0,0,0,0,0,0
390553,1,1,1991,29,29,29,29,29,29,29,29,29,29
390554,1,1,1991,0,0,0,0,0,0,0,0,0,0
390555,0,1,1991,0,0,0,0,0,0,0,0,0,0
390555,1,1,1991,0,0,0,0,0,0,0,0,0,0
390556,1,1,1991,0,0,0,0,0,0,0,0,0,0
390556,2,1,1991,0,0,0,0,0,0,0,0,0,0
390557,1,1,1991,12,0,0,0,0,0,0,23,0,0
390559,1,1,1991,35,0,22,14,27,40,0,20,0,26
390560,0,1,1991,0,0,0,0,0,0,0,0,0,0
390560,1,1,1991,0,0,0,0,0,0,0,0,0,0
390561,1,1,1991,0,0,0,0,0,0,0,0,0,0
390561,2,1,1991,0,0,0,0,0,0,0,0,0,0
390562,1,1,1991,0,0,0,0,0,0,0,0,0,0
390563,0,1,1991,0,16,0,0,0,10,0,0,0,0
390563,1,1,1991,0,0,0,0,0,0,0,0,0,0
390564,1,1,1991,13,0,0,17,0,0,0,4,0,0
390565,1,1,1991,0,0,0,0,0,0,0,0,0,0
390566,1,1,1991,3,15,9,9,17,23,13,15,4,10
390567,1,1,1991,0,0,0,0,0,0,0,0,0,0
390567,2,1,1991,0,0,0,0,0,0,0,0,0,0
390568,1,1,1991,28,28,28,28,28,28,28,28,28,28
390568,2,1,1991,0,0,0,0,0,0,0,0,20,0
390569,0,1,1991,0,0,0,0,0,0,0,0,0,0
390569,1,1,1991,0,0,0,0,0,0,0,0,0,0
390570,1,1,1991,0,0,0,0,0,0,7,0,0,25
390570,2,1,1991,26,26,26,26,26,26,26,26,26,26
390571,1,1,1991,0,0,0,0,0,0,0,0,0,0
390572,1,1,1991,0,0,0,0,0,0,0,0,0,0
390572,2,1,1991,0,0,0,0,0,0,0,0,0,0
390573,1,1,1991,2,2,2,2,2,2,2,2,2,2
390573,2,1,1991,0,0,0,0,0,0,0,0,0,0
390574,1,1,1991,0,0,0,0,0,0,0,0,0,0
390574,2,1,1991,0,0,0,0,0,0,0,0,0,0
390575,1,1,1991,24,24,24,24,24,24,24,24,24,24
390576,1,1,1991,13,13,13,13,13,13,13,13,13,13