ST_CASE,VEH_NO,PER_NO,YEAR,P1,P2,P3,P4,P5,P6,P7,P8,P9,P10
390864,1,1,1991,21,21,21,21,21,21,21,21,21,21
390864,2,1,1991,0,0,0,0,0,0,0,0,0,0
390865,1,1,1991,0,0,0,0,0,0,0,0,0,0
390866,1,1,1991,0,27,0,7,0,0,13,0,11,9
390866,2,1,1991,0,0,0,0,0,0,0,0,0,0
390867,1,1,1991,0,0,0,0,0,0,0,0,0,0
390867,2,1,1991,0,8,0,0,0,0,0,0,23,0
390868,1,1,1991,0,15,16,23,0,0,8,11,0,0
390868,2,1,1991,0,30,34,5,0,0,0,0,16,25
390869,1,1,1991,19,19,19,19,19,19,19,19,19,19
390870,1,1,1991,4,4,4,4,4,4,4,4,4,4
390870,2,1,1991,0,0,0,0,0,0,0,0,0,0
390871,1,1,1991,18,0,32,0,0,8,0,0,0,0
390871,2,1,1991,9,9,9,9,9,9,9,9,9,9
390872,1,1,1991,8,17,10,17,4,9,21,9,18,17
390872,2,1,1991,0,0,0,0,0,0,19,0,0,16
390874,1,1,1991,21,0,17,0,0,5,0,23,16,19
390875,1,1,1991,34,27,15,26,21,20,17,17,19,24
390876,1,1,1991,3,3,3,3,3,3,3,3,3,3
390877,0,1,1991,27,27,27,27,27,27,27,27,27,27
390877,1,1,1991,10,0,12,20,0,0,8,9,0,20
390878,0,1,1991,37,15,26,20,13,14,14,19,20,27
390878,1,1,1991,0,0,0,0,0,0,0,0,0,0
390879,1,1,1991,0,0,15,31,3,0,9,0,0,0
390879,2,1,1991,7,4,0,19,0,0,0,16,0,0
390880,1,1,1991,0,22,10,0,18,6,0,0,36,11
390881,1,1,1991,17,0,0,24,0,18,0,18,0,34
390882,1,1,1991,15,16,27,14,10,26,14,22,11,10
390882,2,1,1991,0,0,0,0,0,0,0,0,0,0
390883,1,1,1991,0,0,0,0,0,0,0,0,0,0
390883,2,1,1991,0,0,0,0,0,0,0,0,0,0
390884,1,1,1991,0,20,7,0,0,0,0,0,0,0
390884,2,1,1991,0,16,0,0,40,23,0,11,0,0
390885,1,1,1991,17,17,17,17,17,17,17,17,17,17
390886,1,1,1991,0,0,0,0,0,0,0,0,0,0
390886,2,1,1991,0,0,0,0,0,0,0,0,0,0
390887,1,1,1991,0,0,0,0,0,0,0,0,0,0
390887,2,1,1991,0,0,0,0,0,0,0,0,0,0
390888,1,1,1991,35,0,12,13,0,0,18,0,0,21
390888,2,1,1991,0,0,0,0,0,0,0,0,0,0
390889,1,1,1991,0,0,0,0,0,0,0,0,0,0
390890,1,1,1991,33,33,33,33,33,33,33,33,33,33
390890,2,1,1991,0,0,0,0,0,0,0,0,0,0
390890,3,1,1991,0,0,0,0,0,0,0,0,0,0
390891,1,1,1991,0,17,0,0,0,7,0,0,0,15
390893,1,1,1991,15,15,15,15,15,15,15,15,15,15
390893,2,1,1991,0,0,9,0,0,12,0,18,0,0
390894,0,1,1991,15,15,15,15,15,15,15,15,15,15
390894,1,1,1991,0,0,0,0,0,0,0,9,0,0
390895,1,1,1991,16,6,21,20,15,29,10,17,19,14
390896,1,1,1991,0,28,0,0,0,0,9,14,3,15
390896,2,1,1991,0,0,15,18,0,15,0,12,34,0
390896,3,1,1991,0,0,19,6,0,0,0,0,0,0
390897,1,1,1991,22,22,22,22,22,22,22,22,22,22
390898,1,1,1991,0,0,0,0,0,0,0,0,0,0
390898,2,1,1991,0,0,0,0,0,0,0,0,0,0
390898,3,1,1991,0,0,0,0,0,0,0,0,0,0
390899,1,1,1991,0,0,0,0,0,0,0,0,0,0
390900,0,1,1991,0,0,0,0,0,0,0,0,0,0
390900,1,1,1991,0,0,0,0,0,0,0,0,0,0
390900,2,1,1991,0,0,0,0,0,0,0,0,0,0
390901,1,1,1991,12,12,12,12,12,12,12,12,12,12
390902,1,1,1991,30,19,0,22,0,0,12,8,19,0
390903,0,1,1991,9,34,40,12,16,38,25,19,9,11
390903,1,1,1991,0,0,0,0,0,0,0,19,0,0
390904,1,1,1991,0,0,0,0,0,0,0,0,0,0
390904,2,1,1991,18,18,18,18,18,18,18,18,18,18
390905,1,1,1991,0,0,0,0,0,0,0,0,0,0
390905,2,1,1991,0,0,0,0,0,0,0,0,0,0
390906,1,1,1991,0,0,0,0,0,0,0,0,3,3
390906,2,1,1991,0,0,0,0,0,0,0,0,0,0
390907,1,1,1991,0,24,12,28,0,23,12,0,0,0
390908,1,1,1991,10,10,10,10,10,10,10,10,10,10
390909,0,1,1991,0,0,0,0,0,0,0,20,29,0
390909,1,1,1991,0,0,0,0,0,0,0,0,0,0
390910,1,1,1991,0,0,0,0,0,0,0,0,0,0
390911,1,1,1991,0,20,0,17,0,13,22,10,24,0
390912,1,1,1991,0,0,0,0,0,0,0,0,0,0
390912,2,1,1991,0,0,0,0,0,0,0,0,0,0
390913,1,1,1991,18,18,18,18,18,18,18,18,18,18
390914,1,1,1991,0,0,0,0,0,0,0,0,0,0
390914,2,1,1991,0,0,0,0,0,0,0,0,0,0
390915,0,1,1991,0,0,0,0,0,0,0,0,0,0
390915,1,1,1991,0,0,0,0,0,0,0,0,0,0
390916,1,1,1991,19,19,19,19,19,19,19,19,19,19
390917,1,1,1991,17,17,17,17,17,17,17,17,17,17
390918,1,1,1991,21,21,21,21,21,21,21,21,21,21
390919,1,1,1991,0,0,0,0,0,0,0,0,0,0
390919,2,1,1991,0,0,0,0,0,0,0,0,0,0
390921,0,1,1991,0,0,0,0,2,12,0,0,0,5
390921,1,1,1991,0,0,0,0,0,0,0,0,0,0
390922,1,1,1991,0,0,0,0,0,0,0,0,0,0
390922,2,1,1991,0,0,0,0,0,0,0,0,0,0
390923,1,1,1991,30,30,30,30,30,30,30,30,30,30
390923,2,1,1991,0,0,0,11,0,0,0,0,0,0
390924,1,1,1991,0,25,12,22,0,0,7,0,11,0
390925,1,1,1991,0,0,0,0,0,16,0,0,0,0
390926,1,1,1991,0,0,0,0,0,0,0,0,0,0
390926,2,1,1991,0,0,0,0,0,0,0,0,0,0
390927,1,1,1991,0,0,0,0,0,0,0,0,0,0
390927,2,1,1991,14,14,14,14,14,14,14,14,14,14
390928,1,1,1991,0,0,0,0,0,17,0,0,0,11
390928,2,1,1991,0,0,0,0,0,0,0,0,0,0
390930,1,1,1991,0,0,0,0,0,0,0,0,0,0
390930,2,1,1991,19,19,19,19,19,19,19,19,19,19
390931,1,1,1991,24,0,0,0,0,6,0,0,0,0
390932,1,1,1991,0,0,0,0,0,7,0,0,0,0
390933,1,1,1991,0,0,0,0,0,0,0,0,0,0
390934,0,1,1991,0,0,0,23,0,0,0,0,0,0
390934,1,1,1991,0,0,0,0,0,0,0,0,0,0
390935,1,1,1991,0,0,0,0,0,0,0,0,0,0
390935,2,1,1991,0,0,0,0,0,0,0,0,0,0
390935,3,1,1991,0,0,0,0,0,0,0,0,0,0
390936,1,1,1991,12,12,12,12,12,12,12,12,12,12
390937,1,1,1991,0,0,0,0,0,0,0,0,0,0
390937,2,1,1991,0,0,0,0,0,0,0,0,0,0
390938,1,1,1991,0,0,0,0,0,0,0,0,0,0
390939,1,1,1991,19,19,19,19,19,19,19,19,19,19
390940,1,1,1991,5,5,5,5,5,5,5,5,5,5
390941,1,1,1991,0,0,0,0,0,0,0,0,0,0
390941,2,1,1991,0,0,0,0,0,0,0,0,0,0
390942,1,1,1991,27,19,0,22,0,8,29,0,18,14
390943,1,1,1991,16,16,16,16,16,16,16,16,16,16
390944,1,1,1991,0,0,0,0,0,0,0,0,0,0
390944,2,1,1991,0,0,0,0,0,0,0,0,0,0
390945,1,1,1991,7,7,7,7,7,7,7,7,7,7
390946,1,1,1991,0,0,0,0,0,0,0,0,0,0
390946,2,1,1991,0,0,0,0,0,0,0,0,0,0
390946,3,1,1991,31,14,0,33,0,0,0,16,0,0
390947,0,1,1991,15,0,0,16,29,13,0,31,0,0
390947,1,1,1991,10,10,10,10,10,10,10,10,10,10
390948,1,1,1991,13,13,13,13,13,13,13,13,13,13
390949,1,1,1991,18,18,18,18,18,18,18,18,18,18
390950,1,1,1991,0,10,0,0,0,0,0,0,0,0
390951,1,1,1991,0,0,0,0,0,0,0,0,0,0
390951,2,1,1991,0,0,0,0,0,0,0,0,0,0
390952,1,1,1991,0,0,0,0,0,0,0,0,0,0
390952,2,1,1991,0,0,0,0,0,0,0,0,0,0
390953,1,1,1991,0,0,0,0,0,0,0,0,0,0
390953,2,1,1991,0,0,0,0,0,0,0,0,0,0
390953,3,1,1991,0,0,0,0,0,0,0,0,0,0
390954,1,1,1991,0,0,0,0,0,0,0,0,0,0
390954,2,1,1991,0,0,0,0,0,0,0,0,0,0
390955,0,1,1991,0,0,21,44,0,0,0,0,0,15
390955,1,1,1991,0,0,0,0,0,0,0,0,0,0
390956,1,1,1991,0,0,0,0,0,0,0,0,0,0
390956,2,1,1991,8,10,0,0,0,0,0,0,0,8
390958,1,1,1991,0,0,0,0,0,0,0,0,0,16
390958,2,1,1991,0,0,0,0,0,0,0,0,0,0
390959,1,1,1991,13,26,0,10,13,22,13,16,17,30
390960,0,1,1991,0,0,20,16,0,36,31,16,29,27
390960,1,1,1991,0,0,0,0,0,0,0,0,0,0
390961,1,1,1991,0,0,38,0,0,0,0,0,0,23
390962,1,1,1991,18,0,0,0,0,0,0,0,12,26
390963,1,1,1991,23,12,21,19,26,29,28,12,35,20
390964,1,1,1991,0,0,0,0,0,0,0,0,0,0
390964,2,1,1991,0,0,0,0,0,0,0,0,0,0
390965,1,1,1991,15,6,0,14,19,30,9,16,11,8
390966,1,1,1991,0,0,0,0,15,0,0,24,13,0
390966,2,1,1991,0,0,0,0,0,0,0,0,0,0
390967,1,1,1991,22,0,32,13,0,0,17,8,0,25
390968,1,1,1991,15,15,15,15,15,15,15,15,15,15
390969,0,1,1991,0,32,17,17,33,0,33,0,0,12
390969,1,1,1991,0,0,0,0,0,0,0,0,0,0
390970,1,1,1991,0,0,0,0,0,0,0,0,0,0
390971,1,1,1991,0,5,0,0,0,0,0,0,15,12
390971,2,1,1991,0,18,0,0,0,0,0,0,0,0
390972,1,1,1991,5,5,5,5,5,5,5,5,5,5
390973,1,1,1991,24,19,21,0,15,0,19,0,26,39
390974,1,1,1991,0,0,0,0,0,0,0,0,0,0
390974,2,1,1991,0,0,0,0,0,0,0,0,0,0
390975,0,1,1991,0,0,0,0,0,0,0,0,0,0
390975,1,1,1991,0,0,0,0,0,0,0,0,0,0
390976,1,1,1991,14,14,14,14,14,14,14,14,14,14
390977,0,1,1991,36,21,0,15,12,21,0,0,12,14
390977,1,1,1991,20,0,0,0,0,0,0,0,0,0
390978,0,1,1991,0,0,0,0,0,0,0,0,0,0
390978,0,2,1991,0,0,0,0,0,0,0,0,0,0
390978,1,1,1991,0,0,0,0,0,0,0,0,0,0
390979,1,1,1991,0,0,0,0,7,5,0,0,0,0
390980,1,1,1991,0,0,11,0,0,0,0,0,8,0
390981,1,1,1991,0,0,0,0,0,0,0,0,0,0
390981,2,1,1991,0,0,0,0,0,0,0,0,0,0
390982,1,1,1991,0,0,32,25,27,0,29,0,15,2
390983,1,1,1991,0,0,14,0,15,6,0,27,0,0
390983,2,1,1991,0,0,0,0,0,18,0,0,0,0
390985,1,1,1991,0,14,0,0,9,0,0,11,4,19
390985,2,1,1991,0,0,0,0,0,0,0,0,0,0
390986,1,1,1991,0,0,0,0,0,26,0,0,0,0
390986,2,1,1991,0,0,0,0,16,6,9,13,13,0
390987,1,1,1991,5,0,7,18,0,0,0,0,0,0
390988,1,1,1991,0,0,0,0,0,0,0,0,0,0
390988,2,1,1991,0,2,0,12,0,3,0,0,22,0
390989,1,1,1991,5,5,5,5,5,5,5,5,5,5
390991,1,1,1991,0,0,0,0,0,0,0,0,0,0
390991,2,1,1991,0,0,0,0,0,0,0,0,0,0
390992,0,1,1991,0,0,16,16,24,0,0,0,0,0
390992,1,1,1991,0,0,0,0,0,0,0,0,0,0
390993,1,1,1991,0,0,0,18,0,0,0,0,0,0
390993,2,1,1991,0,0,0,0,0,0,0,0,0,0
390994,0,1,1991,0,28,49,22,29,17,28,21,10,17
390994,1,1,1991,0,0,0,0,0,0,0,0,0,0
390995,0,1,1991,2,2,2,2,2,2,2,2,2,2
390995,1,1,1991,0,0,0,0,0,0,0,0,0,0
390996,1,1,1991,33,15,15,18,17,21,20,13,24,15
390997,1,1,1991,0,0,0,0,0,0,0,0,0,0
390998,1,1,1991,22,25,35,23,0,23,28,52,18,10
390999,1,1,1991,0,0,0,0,0,0,0,0,0,0
390999,2,1,1991,0,0,0,0,0,0,0,0,0,0
391000,1,1,1991,18,18,18,18,18,18,18,18,18,18
391002,1,1,1991,9,0,68,15,0,0,2,11,0,0
391003,1,1,1991,0,0,0,0,0,0,0,0,0,0
391003,2,1,1991,8,8,8,8,8,8,8,8,8,8
391004,1,1,1991,0,0,0,0,0,0,0,0,0,0
391005,1,1,1991,0,0,0,0,0,0,0,0,0,0
391006,1,1,1991,0,0,0,0,0,0,0,0,0,0
391007,1,1,1991,0,0,12,0,0,0,0,0,0,0
391007,2,1,1991,0,0,0,0,0,0,0,0,0,0
391008,1,1,1991,0,15,35,24,26,12,29,25,41,0
391009,1,1,1991,27,27,27,27,27,27,27,27,27,27
391010,1,1,1991,0,0,5,0,0,0,0,0,0,0
391011,1,1,1991,8,12,11,11,13,30,22,23,7,12
391012,1,1,1991,0,0,0,0,0,0,0,0,0,0
391014,1,1,1991,0,14,10,6,16,7,0,0,14,0
391014,2,1,1991,10,10,14,13,24,13,27,22,21,21
391015,1,1,1991,0,0,0,0,0,0,0,0,0,0
391015,2,1,1991,0,0,0,0,0,0,0,0,0,0
391016,1,1,1991,0,0,0,0,0,0,0,0,0,0
391016,2,1,1991,3,29,18,17,17,23,11,30,10,5
391017,1,1,1991,0,19,11,0,0,0,24,0,17,0
391017,2,1,1991,0,0,0,0,0,0,18,0,0,15
391018,1,1,1991,0,0,24,0,20,17,0,9,18,8
391019,1,1,1991,0,0,32,0,0,0,0,0,12,0
391020,1,1,1991,0,0,0,0,0,0,0,0,0,0
391020,2,1,1991,0,0,0,0,0,0,0,0,0,0
391020,3,1,1991,0,0,0,25,0,0,0,0,0,0
391021,1,1,1991,0,0,0,0,0,0,0,0,0,0
391022,1,1,1991,0,0,0,0,0,0,0,0,0,0
391022,2,1,1991,0,0,0,0,22,0,0,0,0,11
391023,1,1,1991,0,0,0,0,0,0,0,0,0,0
391025,0,1,1991,0,15,0,26,0,15,0,0,0,0
391025,1,1,1991,0,0,0,13,0,0,0,0,0,0
391026,1,1,1991,13,9,12,2,26,14,11,21,16,31
391026,2,1,1991,0,0,0,0,0,0,0,0,0,0
391028,1,1,1991,0,0,0,0,0,0,0,0,0,0
391028,2,1,1991,0,0,0,0,0,31,0,0,0,0
391028,3,1,1991,0,0,0,0,0,0,0,0,0,0
391029,1,1,1991,0,0,0,0,0,0,0,0,0,0
391029,2,1,1991,7,0,0,0,0,0,0,0,0,0
391030,1,1,1991,0,0,0,0,0,0,0,0,0,0
391031,1,1,1991,19,0,21,0,0,0,17,12,0,23
391032,1,1,1991,0,0,0,0,0,0,0,0,0,0
391032,2,1,1991,17,17,17,17,17,17,17,17,17,17
391033,1,1,1991,23,23,23,23,23,23,23,23,23,23
391034,1,1,1991,0,0,0,0,0,0,0,0,0,0
391035,0,1,1991,9,7,0,29,31,16,0,19,15,0
391035,1,1,1991,0,0,0,0,0,0,0,0,0,0
391036,1,1,1991,0,0,0,0,0,0,14,0,0,18
391036,2,1,1991,0,0,0,0,0,0,0,0,0,0
391037,1,1,1991,0,19,0,24,0,0,0,0,0,35
391037,2,1,1991,0,0,0,0,0,0,0,0,0,0
391039,1,1,1991,0,0,0,0,0,0,0,0,0,0
391039,2,1,1991,0,0,0,0,0,0,0,0,0,0
391040,1,1,1991,5,5,5,5,5,5,5,5,5,5
391041,1,1,1991,0,20,18,0,7,21,21,0,0,0
391042,1,1,1991,13,25,7,15,9,0,0,29,6,31
391044,1,1,1991,0,0,0,0,0,0,0,0,0,0
391044,2,1,1991,3,3,3,3,3,3,3,3,3,3
391045,1,1,1991,0,0,0,0,0,0,0,0,0,0
391046,1,1,1991,0,0,0,0,0,0,0,0,0,0
391046,2,1,1991,0,0,0,0,0,0,7,0,0,0
391047,1,1,1991,0,0,0,0,0,0,0,0,0,0
391048,0,1,1991,0,0,0,0,0,0,0,0,0,0
391048,1,1,1991,0,32,0,0,0,0,0,0,0,0
391049,1,1,1991,27,27,27,27,27,27,27,27,27,27
391050,1,1,1991,25,25,25,25,25,25,25,25,25,25
391051,1,1,1991,0,0,10,35,13,21,0,0,0,24
391052,1,1,1991,0,0,0,0,0,0,0,21,0,0
391053,1,1,1991,7,20,15,31,22,0,20,0,0,0
391054,1,1,1991,0,24,0,0,0,13,0,0,0,0
391054,2,1,1991,0,0,0,0,0,0,0,0,0,0
391055,1,1,1991,14,0,0,0,0,0,0,0,0,0
391055,2,1,1991,0,0,0,0,0,0,0,0,0,0
391056,1,1,1991,12,12,12,12,12,12,12,12,12,12
391057,1,1,1991,8,8,8,8,8,8,8,8,8,8
391057,2,1,1991,0,0,0,0,0,0,0,0,0,6
391058,1,1,1991,0,0,0,0,0,0,0,0,0,0
391059,1,1,1991,13,26,17,16,0,17,10,23,20,8
391060,1,1,1991,0,0,0,25,0,0,14,0,0,0
391060,2,1,1991,0,0,0,0,0,0,0,0,0,0
391061,1,1,1991,8,0,0,0,0,0,0,0,0,0
391062,1,1,1991,0,0,0,0,0,0,0,0,0,0
391063,1,1,1991,0,0,0,0,0,0,0,0,0,0
391063,2,1,1991,0,0,0,0,0,0,0,0,0,0
391063,3,1,1991,0,0,0,0,0,0,0,0,0,0
391063,4,1,1991,0,0,0,0,0,0,0,0,0,0
391064,1,1,1991,0,0,0,0,0,0,0,0,0,0
391064,2,1,1991,0,0,0,0,0,0,0,0,0,0
391065,1,1,1991,0,0,0,0,0,16,0,0,30,0
391065,2,1,1991,0,0,0,0,0,0,0,0,0,0
391065,3,1,1991,0,6,0,0,0,28,14,0,0,0
391066,1,1,1991,10,13,0,0,18,0,0,22,17,0
391066,2,1,1991,0,0,0,0,0,0,0,0,0,0
391067,0,1,1991,17,0,16,0,12,17,0,30,23,0
391067,1,1,1991,0,0,0,0,0,0,0,0,0,0
391068,1,1,1991,0,0,0,0,0,0,0,0,0,0
391068,2,1,1991,0,0,0,0,0,0,0,0,0,0
391069,1,1,1991,0,0,0,0,0,0,0,0,0,0
391070,1,1,1991,20,17,16,28,44,17,8,24,46,10
391071,1,1,1991,0,0,0,0,0,0,0,0,0,0
391071,2,1,1991,0,0,0,0,10,0,5,0,0,0
391072,1,1,1991,0,0,0,0,0,0,0,0,0,0
391072,2,1,1991,0,0,0,0,0,0,0,0,0,0
391073,1,1,1991,0,0,0,0,0,0,0,0,0,0
391074,1,1,1991,12,12,12,12,12,12,12,12,12,12
391075,1,1,1991,18,18,18,18,18,18,18,18,18,18
391077,1,1,1991,12,12,35,0,18,18,0,0,0,0
391078,1,1,1991,0,25,0,20,13,0,0,0,0,0
391078,2,1,1991,0,0,0,0,0,0,0,0,0,0
391080,1,1,1991,0,0,0,0,0,0,0,0,0,0
391080,2,1,1991,0,0,0,0,0,0,0,0,0,0
391081,1,1,1991,13,13,13,13,13,13,13,13,13,13
391082,1,1,1991,27,27,27,27,27,27,27,27,27,27
391083,1,1,1991,0,0,0,0,0,0,0,0,0,0
391084,1,1,1991,0,0,0,0,0,0,0,0,0,0
391084,2,1,1991,11,0,0,0,0,0,0,19,0,0
391085,1,1,1991,19,19,19,19,19,19,19,19,19,19
391087,0,1,1991,0,0,0,0,0,0,0,0,0,0
391087,1,1,1991,0,24,0,0,0,0,0,0,0,11
391088,1,1,1991,0,0,0,0,0,0,0,0,0,0
391089,0,1,1991,19,19,19,19,19,19,19,19,19,19
391089,1,1,1991,0,0,0,0,0,0,0,0,0,0
391090,1,1,1991,4,0,0,0,15,23,0,0,0,0
391091,1,1,1991,0,0,0,14,0,0,0,0,0,0
391091,2,1,1991,0,0,0,0,0,0,0,0,0,0
391092,1,1,1991,0,0,0,0,0,0,0,21,20,0
391093,0,1,1991,0,0,0,0,0,0,0,0,0,0
391093,1,1,1991,0,0,0,0,0,0,0,0,0,0
391093,2,1,1991,0,0,0,0,0,0,0,0,0,0
391093,3,1,1991,0,0,0,0,0,0,0,8,0,0
391094,1,1,1991,0,0,0,0,0,0,0,0,0,0
391094,2,1,1991,0,0,0,0,0,0,0,0,0,0
391095,1,1,1991,0,0,0,0,0,0,0,0,0,0
391095,2,1,1991,0,0,0,0,0,0,0,0,0,0
391096,1,1,1991,26,26,26,26,26,26,26,26,26,26
391097,1,1,1991,0,0,0,0,0,0,0,0,0,0
391097,2,1,1991,0,20,14,9,22,13,0,4,15,7
391098,1,1,1991,0,0,8,0,0,0,0,0,0,0
391099,1,1,1991,0,0,0,0,0,0,0,0,0,0
391099,2,1,1991,0,0,0,0,0,0,0,0,0,0
391101,1,1,1991,17,0,34,29,9,20,32,18,9,28
391101,2,1,1991,26,0,0,0,0,0,0,0,0,18
391102,1,1,1991,0,0,0,9,0,0,0,0,0,0
391104,1,1,1991,0,0,0,0,0,0,0,0,0,0
391105,1,1,1991,0,0,0,0,0,0,0,0,0,0
391105,2,1,1991,0,0,0,0,0,0,0,0,0,0
391106,1,1,1991,0,0,0,0,0,0,0,0,0,0
391107,1,1,1991,0,0,0,0,0,0,0,0,0,0
391108,1,1,1991,0,16,0,0,0,0,0,0,0,0
391108,2,1,1991,0,0,0,12,0,0,0,0,0,0
391109,1,1,1991,27,27,27,27,27,27,27,27,27,27
391110,0,1,1991,0,0,0,0,0,0,0,0,0,0
391110,1,1,1991,0,0,0,0,0,0,0,0,0,0
391110,2,1,1991,0,0,0,0,0,0,0,0,0,0
391111,1,1,1991,0,16,0,0,10,0,0,22,0,0
391112,1,1,1991,13,0,15,0,17,18,0,11,16,32
391113,1,1,1991,16,16,16,16,16,16,16,16,16,16
391114,1,1,1991,11,18,12,0,12,31,12,17,4,0
391115,1,1,1991,0,0,0,0,0,0,0,0,0,0
391116,1,1,1991,0,0,0,0,0,0,0,0,0,0
391116,2,1,1991,0,0,0,0,0,0,0,0,0,0
391117,1,1,1991,0,0,0,0,0,0,0,0,0,11
391121,1,1,1991,0,10,13,9,0,23,25,14,13,18
391122,1,1,1991,0,0,0,0,0,0,0,17,0,0
391123,1,1,1991,22,22,22,22,22,22,22,22,22,22
391123,2,1,1991,0,0,0,0,0,0,0,0,0,0
391124,1,1,1991,19,15,12,21,27,11,16,28,15,22
391125,1,1,1991,40,40,40,40,40,40,40,40,40,40
391126,1,1,1991,19,2,0,25,17,8,10,15,5,21
391127,1,1,1991,19,19,19,19,19,19,19,19,19,19
391128,1,1,1991,18,0,18,0,0,0,24,7,15,0
391129,0,1,1991,0,0,0,0,0,0,26,4,0,0
391129,1,1,1991,0,0,0,3,0,0,0,0,0,0
391130,1,1,1991,0,0,0,0,0,0,0,0,0,0
391131,1,1,1991,0,0,0,0,0,0,0,0,0,0
391132,0,1,1991,0,0,0,0,0,0,0,0,0,0
391132,1,1,1991,0,0,0,0,0,0,0,0,0,0
391133,1,1,1991,0,0,0,0,0,0,0,0,0,0
391133,2,1,1991,0,0,0,0,0,0,0,0,0,0
391134,1,1,1991,11,11,11,11,11,11,11,11,11,11
391135,1,1,1991,0,0,28,15,17,0,0,19,0,0
391136,1,1,1991,0,0,19,0,0,0,0,6,20,0
391137,1,1,1991,4,4,4,4,4,4,4,4,4,4
391138,0,1,1991,13,26,7,9,0,12,15,0,0,33
391138,1,1,1991,11,0,0,0,0,18,0,0,0,0
391139,1,1,1991,0,0,0,0,0,0,0,0,0,0
391141,1,1,1991,0,0,0,0,18,18,0,0,0,0
391142,1,1,1991,0,18,0,0,0,0,21,14,13,6
391143,1,1,1991,0,0,0,0,0,0,0,0,0,0
391144,1,1,1991,0,0,0,0,0,0,0,0,0,0
391145,1,1,1991,22,22,22,22,22,22,22,22,22,22
391147,1,1,1991,0,0,0,0,0,0,0,0,0,0
391147,2,1,1991,37,5,0,32,10,0,23,0,0,0
391148,1,1,1991,0,0,0,0,0,0,0,0,0,0
391148,2,1,1991,0,0,0,0,0,0,0,0,0,0
391149,1,1,1991,0,4,0,0,0,0,0,0,0,0
391149,2,1,1991,0,0,0,0,0,0,0,0,0,0
391150,1,1,1991,0,4,0,0,0,0,0,0,0,0
391151,1,1,1991,0,0,0,0,16,0,0,0,0,0
391153,0,1,1991,0,0,0,0,0,0,0,0,0,0
391153,1,1,1991,0,0,0,0,0,0,0,22,0,11
391154,1,1,1991,0,0,0,0,0,0,0,0,0,0
391154,2,1,1991,0,0,0,0,0,0,0,0,0,0
391155,1,1,1991,18,9,18,7,16,11,19,8,9,6
391156,1,1,1991,26,26,26,26,26,26,26,26,26,26
391157,1,1,1991,0,29,0,0,0,7,0,0,9,0
391157,2,1,1991,10,7,14,15,0,12,22,19,15,21
391158,0,1,1991,0,0,0,35,0,0,0,0,0,0
391158,1,1,1991,0,0,0,0,0,0,0,0,0,0
391159,1,1,1991,0,0,0,0,0,0,0,0,0,0
391159,2,1,1991,4,18,14,12,8,0,0,0,0,0
391161,1,1,1991,0,0,0,0,0,0,16,0,0,0
391161,2,1,1991,0,0,0,0,0,0,0,0,0,0
391162,1,1,1991,0,0,0,0,0,0,0,0,0,0
391162,2,1,1991,0,0,0,0,0,0,0,0,0,0
391163,1,1,1991,0,0,0,0,28,0,0,0,0,0
391164,0,1,1991,0,0,0,0,24,25,0,0,14,5
391164,0,2,1991,0,0,24,0,0,0,0,0,0,0
391164,1,1,1991,0,0,0,0,0,0,0,0,0,0
391165,1,1,1991,0,0,0,0,0,0,0,0,0,0
391166,1,1,1991,0,0,0,0,0,0,0,0,0,0
391166,2,1,1991,0,0,0,0,0,0,0,0,0,0
391167,1,1,1991,0,0,0,0,0,0,0,0,0,0
391167,2,1,1991,0,0,0,0,0,0,0,0,0,0
391168,1,1,1991,10,0,0,0,0,13,8,0,0,17
391168,2,1,1991,0,0,0,0,18,0,0,0,0,0
391169,1,1,1991,0,0,0,0,0,0,0,0,0,0
391170,1,1,1991,16,19,13,14,12,23,8,27,8,7
391171,0,1,1991,0,0,0,0,0,0,0,0,0,0
391171,1,1,1991,0,0,0,0,0,0,0,0,0,0
391172,1,1,1991,22,24,20,9,13,14,16,13,21,4
391172,2,1,1991,0,0,0,0,0,0,0,0,0,0
391172,3,1,1991,0,0,14,0,0,0,0,0,0,0
391173,1,1,1991,14,0,15,22,17,18,22,21,36,0
391174,1,1,1991,1,1,1,1,1,1,1,1,1,1
391175,1,1,1991,29,13,3,8,0,10,13,10,31,7
391176,1,1,1991,0,0,0,0,0,0,0,0,0,0
391176,2,1,1991,0,0,0,0,0,0,0,0,0,0
391177,0,1,1991,11,30,29,22,21,12,20,14,8,20
391177,1,1,1991,0,0,0,0,0,9,0,0,0,0
391178,0,1,1991,0,0,0,0,0,0,0,0,0,0
391178,0,2,1991,0,0,0,0,0,0,0,0,0,0
391178,1,1,1991,23,35,0,0,2,8,0,0,16,17
391179,0,1,1991,0,0,0,0,16,0,10,0,0,0
391179,1,1,1991,0,0,0,0,0,0,0,0,0,0
391180,1,1,1991,16,16,16,16,16,16,16,16,16,16
391181,1,1,1991,13,13,13,13,13,13,13,13,13,13
391182,1,1,1991,25,25,25,25,25,25,25,25,25,25
391183,1,1,1991,0,0,0,0,0,0,0,0,0,0
391183,2,1,1991,0,0,0,0,0,0,0,0,0,0
391185,1,1,1991,0,0,0,0,0,0,0,0,0,0
391186,1,1,1991,0,0,0,0,0,0,0,0,0,0
391186,2,1,1991,0,0,0,0,0,0,0,0,0,0
391186,3,1,1991,0,0,0,0,0,0,0,0,0,0
391186,4,1,1991,0,0,0,0,0,0,0,0,0,0