ST_CASE,VEH_NO,PER_NO,YEAR,P1,P2,P3,P4,P5,P6,P7,P8,P9,P10
391187,1,1,1991,0,0,0,0,0,0,0,0,0,0
391187,2,1,1991,0,0,0,0,0,0,0,0,0,0
391188,1,1,1991,0,0,0,0,0,0,0,0,0,0
391188,2,1,1991,0,0,0,0,0,0,0,0,0,0
391189,1,1,1991,18,19,0,0,17,6,0,26,0,0
391190,1,1,1991,28,21,15,11,21,20,23,0,0,21
391192,1,1,1991,0,0,0,0,0,0,0,0,0,0
391192,2,1,1991,0,0,0,0,0,0,0,0,0,0
391193,1,1,1991,15,15,15,15,15,15,15,15,15,15
391194,1,1,1991,0,0,0,0,0,0,0,0,0,0
391194,2,1,1991,0,0,0,0,0,0,0,0,0,0
391195,1,1,1991,0,0,0,0,0,0,0,0,0,0
391195,2,1,1991,13,0,0,0,17,0,0,0,0,0
391196,1,1,1991,0,19,0,0,0,20,16,22,0,0
391197,1,1,1991,16,0,0,0,0,0,0,0,0,0
391197,2,1,1991,0,0,0,0,0,0,0,8,0,0
391198,1,1,1991,0,0,0,0,0,0,0,0,0,0
391198,2,1,1991,0,0,0,0,0,13,0,0,0,0
391199,0,1,1991,0,0,0,0,0,0,0,0,0,0
391199,1,1,1991,0,0,0,0,0,0,0,0,0,0
391200,1,1,1991,17,2,0,9,13,12,2,0,23,7
391200,2,1,1991,0,0,0,0,0,0,0,0,0,0
391201,1,1,1991,0,0,0,0,0,0,0,0,0,0
391201,2,1,1991,0,0,0,0,0,0,0,0,0,0
391202,1,1,1991,0,0,0,0,0,0,0,0,0,0
391202,2,1,1991,0,0,0,0,0,0,0,0,0,0
391203,0,1,1991,0,0,0,0,0,0,0,0,0,0
391203,1,1,1991,0,0,0,0,0,0,0,0,0,0
391204,0,1,1991,0,0,0,0,0,0,0,0,0,0
391204,1,1,1991,0,0,0,0,0,0,0,0,0,0
391205,0,1,1991,0,0,0,24,24,24,0,0,0,11
391205,1,1,1991,0,0,0,0,0,0,0,0,0,0
391206,1,1,1991,16,30,13,18,16,22,0,15,17,29
391207,1,1,1991,0,0,0,0,0,0,0,0,0,0
391207,2,1,1991,0,0,0,0,0,0,0,0,0,0
391209,1,1,1991,0,0,0,0,0,0,0,0,0,0
391209,2,1,1991,0,0,0,0,0,0,0,0,0,0
391210,1,1,1991,0,0,11,0,0,0,17,0,0,0
391210,2,1,1991,0,0,0,0,0,0,0,0,0,0
391212,1,1,1991,11,14,25,24,15,21,0,18,11,16
391214,1,1,1991,16,0,0,0,0,0,0,0,0,0
391215,1,1,1991,0,0,0,0,0,0,0,0,0,0
391215,2,1,1991,0,0,0,0,0,0,0,0,0,0
391216,1,1,1991,0,0,22,0,0,0,0,24,0,19
391217,1,1,1991,31,11,0,10,33,21,14,0,13,19
391218,1,1,1991,0,29,0,11,19,18,10,17,0,0
391219,1,1,1991,0,0,0,0,0,0,0,0,0,0
391221,0,1,1991,9,0,0,0,0,0,0,0,0,0
391221,1,1,1991,0,0,0,0,0,0,0,0,0,0
391222,1,1,1991,0,0,0,0,0,0,0,0,0,0
391223,1,1,1991,0,0,0,0,0,0,0,0,0,0
391223,2,1,1991,0,0,0,0,0,0,0,0,8,0
391223,3,1,1991,0,0,0,0,0,0,0,0,0,0
391224,0,1,1991,0,23,0,8,0,24,31,17,0,0
391224,0,2,1991,0,0,0,17,0,0,0,0,0,0
391224,1,1,1991,0,0,0,0,0,0,0,0,0,0
391224,2,1,1991,21,21,21,21,21,21,21,21,21,21
391225,1,1,1991,20,0,0,0,15,7,0,0,9,6
391226,1,1,1991,0,0,0,0,0,0,0,0,0,0
391227,0,1,1991,0,16,25,0,21,0,0,0,0,0
391227,1,1,1991,0,0,0,0,0,0,0,0,0,0
391228,0,1,1991,17,17,17,17,17,17,17,17,17,17
391228,1,1,1991,0,0,0,0,0,0,0,0,0,0
391230,0,1,1991,0,0,0,0,0,0,0,0,0,0
391230,1,1,1991,0,0,0,0,0,0,0,0,0,0
391232,1,1,1991,12,15,0,19,32,16,18,22,17,9
391233,1,1,1991,0,0,0,0,0,0,0,0,0,0
391233,2,1,1991,0,0,0,0,0,0,0,0,0,0
391234,1,1,1991,0,0,0,0,20,0,0,17,0,0
391235,1,1,1991,0,0,0,0,0,0,0,0,0,0
391235,2,1,1991,0,0,0,0,0,0,0,0,0,0
391235,3,1,1991,0,0,0,0,0,0,0,0,0,0
391235,4,1,1991,0,0,0,0,0,0,0,0,29,0
391236,0,1,1991,27,27,27,27,27,27,27,27,27,27
391236,1,1,1991,0,0,0,0,0,3,0,0,24,0
391236,2,1,1991,14,14,14,14,14,14,14,14,14,14
391237,1,1,1991,28,28,28,28,28,28,28,28,28,28
391238,1,1,1991,0,11,20,21,0,0,0,0,0,0
391238,2,1,1991,0,0,0,0,0,18,0,0,0,0
391238,3,1,1991,4,0,0,0,0,0,0,0,0,0
391240,0,1,1991,0,0,0,0,0,0,0,0,0,0
391240,1,1,1991,0,11,0,0,0,0,0,0,0,0
391241,1,1,1991,24,24,24,24,24,24,24,24,24,24
391241,2,1,1991,0,0,0,0,0,0,0,6,0,0
391242,1,1,1991,1,0,0,0,12,0,0,0,0,10
391243,0,1,1991,0,0,0,0,0,0,0,0,0,0
391243,1,1,1991,0,0,0,0,0,0,0,0,0,0
391244,1,1,1991,0,0,0,0,0,0,0,0,0,0
391244,2,1,1991,0,0,0,0,0,0,0,0,0,0
391245,1,1,1991,0,0,0,0,0,0,0,0,0,0
391246,1,1,1991,0,0,0,0,0,0,0,0,0,0
391246,2,1,1991,0,0,0,0,0,0,0,0,0,0
391247,1,1,1991,0,0,33,0,0,0,0,0,0,7
391248,1,1,1991,0,0,0,0,0,0,0,0,0,0
391248,2,1,1991,0,3,0,0,0,0,0,0,0,8
391250,1,1,1991,19,19,19,19,19,19,19,19,19,19
391251,0,1,1991,7,7,7,7,7,7,7,7,7,7
391251,0,2,1991,15,15,15,15,15,15,15,15,15,15
391251,1,1,1991,0,0,0,0,0,0,0,0,0,0
391253,1,1,1991,0,0,0,0,0,0,0,0,0,0
391253,2,1,1991,0,0,0,0,0,15,0,0,0,0
391253,3,1,1991,0,0,0,0,0,0,0,0,0,0
391254,1,1,1991,0,0,0,0,0,0,0,0,0,0
391255,1,1,1991,0,6,0,0,0,0,0,0,0,28
391256,1,1,1991,0,0,13,0,15,0,28,0,0,0
391257,1,1,1991,14,22,30,15,24,32,11,12,21,21
391258,1,1,1991,17,15,20,13,26,25,0,30,37,13
391260,0,1,1991,0,0,0,0,36,0,0,0,0,0
391260,1,1,1991,0,0,0,0,0,0,4,0,24,18
391261,0,1,1991,0,0,18,11,0,0,0,0,0,0
391261,1,1,1991,0,0,0,0,0,0,0,0,0,0
391262,1,1,1991,0,0,0,0,0,0,0,0,0,0
391262,2,1,1991,0,0,0,0,0,0,0,0,0,0
391263,1,1,1991,8,7,12,16,6,19,21,13,30,0
391263,2,1,1991,0,0,19,0,0,28,30,0,0,0
391265,1,1,1991,0,15,0,0,0,0,0,0,0,0
391265,2,1,1991,0,0,0,0,0,0,0,0,0,0
391266,1,1,1991,15,15,15,15,15,15,15,15,15,15
391266,2,1,1991,0,2,0,0,0,0,7,0,0,0
391267,1,1,1991,0,11,15,18,23,15,20,16,0,16
391268,1,1,1991,0,0,0,0,0,0,0,0,0,0
391268,2,1,1991,0,0,0,0,0,0,0,0,0,0
391269,1,1,1991,28,28,28,28,28,28,28,28,28,28
391270,0,1,1991,0,0,0,0,0,0,0,0,0,0
391270,1,1,1991,0,0,20,0,0,0,20,19,14,4
391271,1,1,1991,0,0,0,0,0,0,0,0,0,0
391271,2,1,1991,13,13,13,13,13,13,13,13,13,13
391273,1,1,1991,0,0,0,0,0,0,0,0,0,0
391273,2,1,1991,0,0,0,0,0,0,0,0,0,0
391274,1,1,1991,12,0,0,0,30,8,15,0,0,0
391274,2,1,1991,0,0,0,0,0,0,0,0,0,0
391275,0,1,1991,0,0,0,0,0,0,0,0,0,0
391275,1,1,1991,0,0,0,0,0,0,0,0,0,0
391277,1,1,1991,0,0,0,0,0,0,0,0,0,0
391278,1,1,1991,0,0,0,0,0,21,0,0,0,0
391279,1,1,1991,15,15,15,15,15,15,15,15,15,15
391280,0,1,1991,36,36,36,36,36,36,36,36,36,36
391280,1,1,1991,0,0,0,0,0,0,0,0,0,0
391281,1,1,1991,14,14,14,14,14,14,14,14,14,14
391282,1,1,1991,0,0,0,0,0,0,0,0,0,0
391282,2,1,1991,0,0,0,0,0,0,0,0,0,0
391283,1,1,1991,0,0,0,0,0,0,0,0,0,5
391284,0,1,1991,0,0,0,0,0,0,0,0,0,8
391284,1,1,1991,0,0,0,0,0,0,0,0,0,0
391285,1,1,1991,27,8,18,34,12,8,8,29,0,14
391285,2,1,1991,0,0,0,8,0,0,0,0,0,0
391287,1,1,1991,0,0,0,0,0,0,0,0,0,12
391288,1,1,1991,0,0,30,15,15,19,17,0,35,0
391289,1,1,1991,0,0,0,0,0,0,0,0,0,0
391289,2,1,1991,0,17,0,0,9,0,13,0,14,28
391290,1,1,1991,29,29,29,29,29,29,29,29,29,29
391290,2,1,1991,0,0,0,0,0,0,0,0,0,0
391290,3,1,1991,0,0,0,0,0,0,0,0,0,0
391291,1,1,1991,15,15,15,15,15,15,15,15,15,15
391292,1,1,1991,0,0,0,0,0,0,0,0,0,0
391292,2,1,1991,4,4,4,4,4,4,4,4,4,4
391293,1,1,1991,18,18,18,18,18,18,18,18,18,18
391293,2,1,1991,0,0,0,0,0,0,0,0,11,22
391294,1,1,1991,0,0,0,9,0,0,0,0,0,0
391294,2,1,1991,0,0,0,0,0,0,0,0,0,0
391295,1,1,1991,0,0,0,0,0,0,0,0,0,0
391296,1,1,1991,0,0,0,0,0,0,0,0,0,0
391296,2,1,1991,0,0,0,0,0,0,0,0,0,0
391297,1,1,1991,0,0,0,24,0,0,0,0,0,0
391297,2,1,1991,0,0,0,0,0,0,0,0,0,0
391298,1,1,1991,0,0,0,0,0,0,0,0,0,0
391298,2,1,1991,0,0,0,0,0,0,0,0,0,0
391299,0,1,1991,0,0,0,0,0,0,0,0,0,0
391299,1,1,1991,0,0,0,0,0,0,20,0,0,0
391300,1,1,1991,13,13,13,13,13,13,13,13,13,13
391301,1,1,1991,0,0,0,0,0,0,0,0,0,0
391301,2,1,1991,0,0,0,0,0,21,0,0,0,0
391302,1,1,1991,0,0,0,0,0,0,0,0,0,0
391302,2,1,1991,0,0,0,0,0,0,0,0,0,0
391303,1,1,1991,0,0,0,0,0,0,0,0,0,0
391303,2,1,1991,0,0,0,0,0,0,0,0,0,0
391304,0,1,1991,0,0,23,0,0,0,0,0,0,14
391304,1,1,1991,0,0,0,0,0,0,0,0,0,0
391305,0,1,1991,0,0,0,0,0,0,0,0,0,0
391305,1,1,1991,0,0,0,0,0,0,0,0,0,0
391306,0,1,1991,21,21,21,21,21,21,21,21,21,21
391306,1,1,1991,0,0,18,0,0,0,0,11,0,0
391307,1,1,1991,0,0,0,0,0,0,0,21,0,0
391307,2,1,1991,17,25,0,6,0,0,22,0,15,0
391308,1,1,1991,0,0,0,0,0,0,0,0,0,0
391308,2,1,1991,0,0,0,0,0,0,0,7,0,0
391309,1,1,1991,12,12,12,12,12,12,12,12,12,12
391309,2,1,1991,0,0,0,0,0,0,0,0,0,0
391310,1,1,1991,19,19,19,19,19,19,19,19,19,19
391311,1,1,1991,18,18,18,18,18,18,18,18,18,18
391312,0,1,1991,0,0,0,0,0,0,0,0,37,0
391312,1,1,1991,0,0,0,0,10,27,0,0,10,0
391313,1,1,1991,0,0,0,0,0,0,0,0,0,0
391313,2,1,1991,0,0,0,0,0,0,0,0,0,0
391314,1,1,1991,0,0,6,0,0,0,0,0,0,0
391314,2,1,1991,0,0,0,0,0,0,0,0,0,0
391314,3,1,1991,0,0,0,0,0,0,0,0,0,0
391314,4,1,1991,0,0,0,0,0,0,0,0,0,0
391315,1,1,1991,29,29,29,29,29,29,29,29,29,29
391315,2,1,1991,0,0,0,0,0,0,17,0,17,20
391316,1,1,1991,27,27,27,27,27,27,27,27,27,27
391317,1,1,1991,14,14,14,14,14,14,14,14,14,14
391318,1,1,1991,0,0,0,0,0,16,0,0,11,0
391318,2,1,1991,0,0,0,0,0,21,0,15,0,0
391319,1,1,1991,22,22,22,22,22,22,22,22,22,22
391320,1,1,1991,0,0,0,0,0,0,0,0,0,0
391320,2,1,1991,0,0,0,0,0,0,0,0,0,0
391321,1,1,1991,15,19,13,15,22,12,19,0,12,20
391322,1,1,1991,0,0,0,0,0,0,0,0,0,0
391322,2,1,1991,9,0,0,0,0,0,14,10,0,0
391323,1,1,1991,0,0,0,0,0,0,23,0,0,10
391324,1,1,1991,0,0,0,0,0,0,0,0,0,0
391324,2,1,1991,0,0,0,0,0,0,0,0,0,0
391325,1,1,1991,0,0,0,0,0,0,0,0,0,0
391325,2,1,1991,0,0,0,0,0,0,0,0,0,0
391326,1,1,1991,0,0,0,0,0,0,0,0,2,0
391326,2,1,1991,0,0,0,0,0,0,0,0,0,0
391327,0,1,1991,0,0,26,0,0,0,0,0,15,0
391327,1,1,1991,0,0,0,0,0,0,0,0,0,0
391328,1,1,1991,26,0,0,0,0,0,18,29,0,0
391328,2,1,1991,0,0,0,0,0,0,0,0,0,0
391329,1,1,1991,10,9,38,15,0,12,19,0,29,0
391330,1,1,1991,24,24,24,24,24,24,24,24,24,24
391331,1,1,1991,19,19,19,19,19,19,19,19,19,19
391332,1,1,1991,0,21,15,6,15,17,0,0,9,9
391332,2,1,1991,0,0,0,0,0,0,0,0,0,0
391333,1,1,1991,14,14,18,0,25,0,0,0,35,0
391334,1,1,1991,0,0,0,27,0,0,12,0,0,0
391335,1,1,1991,29,29,29,29,29,29,29,29,29,29
391335,2,1,1991,0,0,0,0,0,0,0,0,0,0
391336,1,1,1991,12,12,12,12,12,12,12,12,12,12
391337,1,1,1991,21,8,18,12,0,26,20,14,30,15
391338,1,1,1991,26,26,26,26,26,26,26,26,26,26
391339,0,1,1991,5,5,5,5,5,5,5,5,5,5
391339,1,1,1991,0,0,0,0,0,0,0,0,0,9
391340,1,1,1991,0,0,0,0,0,15,0,0,0,0
391340,2,1,1991,0,0,0,0,0,0,0,0,0,0
391341,1,1,1991,0,0,0,0,0,0,0,0,0,0
391341,2,1,1991,0,9,0,0,0,0,0,0,0,0
391342,1,1,1991,0,31,0,0,0,23,0,0,0,0
391342,2,1,1991,0,0,0,0,0,0,0,0,0,0
391343,1,1,1991,0,0,0,0,0,0,0,0,0,0
391343,2,1,1991,0,0,0,0,0,0,0,0,0,0
391344,1,1,1991,21,21,21,21,21,21,21,21,21,21
391345,1,1,1991,0,0,0,0,0,0,0,0,0,0
391346,0,1,1991,0,0,24,0,0,0,0,0,0,0
391346,1,1,1991,0,0,0,0,3,0,0,0,0,0
391347,1,1,1991,1,1,1,1,1,1,1,1,1,1
391349,1,1,1991,28,18,23,16,8,7,8,2,12,11
391350,0,1,1991,17,26,0,21,0,25,31,0,17,0
391350,1,1,1991,0,0,6,0,16,6,0,11,0,0
391351,0,1,1991,0,11,0,0,0,0,18,0,0,0
391351,1,1,1991,0,15,18,0,0,0,0,0,0,0
391351,2,1,1991,32,11,18,27,22,28,23,13,5,9
391352,0,1,1991,0,0,0,0,0,0,0,0,0,0
391352,1,1,1991,0,0,0,0,0,0,0,0,0,0
391353,1,1,1991,0,0,0,0,0,13,0,0,0,0
391354,1,1,1991,0,0,0,0,0,0,0,0,0,0
391354,2,1,1991,0,0,0,0,0,0,0,0,0,0
391355,1,1,1991,0,17,0,0,0,0,0,0,0,0
391355,2,1,1991,0,0,0,0,0,0,0,0,0,3
391356,1,1,1991,14,14,14,14,14,14,14,14,14,14
391356,2,1,1991,14,14,14,14,14,14,14,14,14,14
391357,1,1,1991,9,0,0,0,6,0,10,0,0,19
391357,2,1,1991,0,0,0,0,14,0,0,0,0,0
391358,1,1,1991,13,13,13,13,13,13,13,13,13,13
391359,1,1,1991,0,0,0,0,0,0,0,0,0,0
391361,0,1,1991,0,0,0,0,0,0,0,0,0,0
391361,1,1,1991,0,0,0,0,0,0,0,0,0,0
391362,1,1,1991,1,1,1,1,1,1,1,1,1,1
391363,0,1,1991,0,0,23,17,0,0,0,0,0,0
391363,1,1,1991,0,0,0,0,0,0,0,0,0,0
391364,0,1,1991,7,26,0,16,24,7,0,0,10,11
391364,0,2,1991,19,36,0,24,23,0,16,34,33,25
391364,1,1,1991,17,17,17,17,17,17,17,17,17,17
391364,2,1,1991,0,11,22,9,13,0,0,18,24,0
391365,1,1,1991,27,27,27,27,27,27,27,27,27,27
391366,1,1,1991,0,0,0,0,10,0,0,0,26,0
391367,1,1,1991,0,0,0,0,0,0,0,0,0,0
391368,1,1,1991,0,0,20,0,0,0,0,0,0,0
391368,2,1,1991,0,0,0,0,0,0,0,0,0,0
391369,1,1,1991,0,0,0,0,0,0,0,0,0,0
391370,1,1,1991,0,0,0,0,0,0,0,0,0,0
391371,1,1,1991,0,0,0,0,0,0,0,0,0,0
391372,1,1,1991,0,15,0,0,0,10,0,0,0,0
391373,1,1,1991,9,0,0,33,0,10,0,22,25,7
391374,1,1,1991,0,0,0,0,0,0,0,0,0,0
391374,2,1,1991,34,34,34,34,34,34,34,34,34,34
391375,1,1,1991,18,22,5,29,16,19,19,13,4,12
391376,1,1,1991,0,0,0,0,0,0,0,0,0,0
391376,2,1,1991,0,0,0,0,0,0,0,0,0,0
391377,1,1,1991,6,19,14,16,10,31,10,16,9,18
391378,1,1,1991,12,0,9,0,0,12,8,0,5,0
391379,1,1,1991,0,0,0,0,0,0,0,0,0,0
391380,1,1,1991,0,0,0,0,0,0,0,0,0,0
391380,2,1,1991,25,25,25,25,25,25,25,25,25,25
391381,1,1,1991,0,0,0,0,0,0,0,0,0,0
391381,2,1,1991,0,0,0,0,0,0,0,0,0,0
391382,1,1,1991,4,4,4,4,4,4,4,4,4,4
391383,1,1,1991,22,22,22,22,22,22,22,22,22,22
391384,1,1,1991,0,7,18,0,1,22,13,23,22,6
391385,1,1,1991,0,0,0,0,0,0,0,0,0,0
391385,2,1,1991,0,0,0,22,14,0,0,0,0,0
391386,1,1,1991,33,25,11,26,10,33,16,20,26,16
391387,1,1,1991,15,15,15,15,15,15,15,15,15,15
391388,1,1,1991,19,19,19,19,19,19,19,19,19,19
391388,2,1,1991,0,0,0,0,0,0,0,0,0,0
391390,0,1,1991,0,0,0,0,0,0,0,0,0,0
391390,1,1,1991,0,0,0,0,0,0,0,0,0,0
391391,1,1,1991,7,12,0,11,0,15,25,5,8,0
391392,1,1,1991,9,0,0,0,0,0,0,0,0,0
391393,1,1,1991,1,1,1,1,1,1,1,1,1,1
391394,1,1,1991,24,24,24,24,24,24,24,24,24,24
391394,2,1,1991,0,0,0,0,0,0,0,0,0,0
391395,1,1,1991,13,13,13,13,13,13,13,13,13,13
391396,1,1,1991,0,0,0,0,20,0,0,0,0,0
391397,1,1,1991,17,17,17,17,17,17,17,17,17,17
391398,1,1,1991,11,11,11,11,11,11,11,11,11,11
391398,2,1,1991,0,0,0,0,0,0,0,0,0,0
391399,1,1,1991,28,28,28,28,28,28,28,28,28,28
391400,1,1,1991,11,26,23,21,16,4,19,21,13,11
391400,2,1,1991,7,17,17,19,13,31,9,8,22,25
391401,1,1,1991,0,0,0,0,0,0,0,0,0,0
391402,0,1,1991,0,0,0,0,20,0,0,0,0,0
391402,1,1,1991,0,0,0,0,0,0,0,5,0,0
391403,1,1,1991,0,0,0,0,0,13,0,0,0,0
391403,2,1,1991,0,0,0,0,0,0,0,0,0,0
391404,1,1,1991,0,0,0,0,0,0,0,0,0,0
391404,2,1,1991,0,0,0,0,0,0,0,0,0,0
391404,3,1,1991,0,0,0,0,0,0,0,0,0,0
391404,4,1,1991,0,0,0,0,0,0,0,0,0,0
391405,1,1,1991,0,0,0,0,0,0,0,0,0,0
391405,2,1,1991,0,0,0,0,0,0,0,0,0,0
391405,3,1,1991,0,0,0,0,0,0,10,0,0,0
391406,1,1,1991,0,0,0,0,0,0,0,0,0,0
391408,1,1,1991,0,0,0,0,0,0,0,0,0,0
391409,1,1,1991,0,0,0,0,0,0,0,0,0,30
391410,1,1,1991,10,8,12,6,21,3,12,0,14,21
391411,1,1,1991,0,0,0,0,0,0,0,0,0,0
391411,2,1,1991,0,14,0,12,0,0,0,0,0,0
391412,1,1,1991,0,0,0,0,0,0,0,0,0,0
391412,2,1,1991,0,0,0,0,0,0,0,0,0,0
391414,1,1,1991,10,10,10,10,10,10,10,10,10,10
391414,2,1,1991,29,29,29,29,29,29,29,29,29,29
391415,1,1,1991,19,18,12,11,20,36,14,19,14,9
391416,1,1,1991,13,13,13,13,13,13,13,13,13,13
391417,1,1,1991,13,13,13,13,13,13,13,13,13,13
391418,0,1,1991,0,0,0,0,0,0,0,0,0,0
391418,1,1,1991,0,0,0,0,0,0,0,0,0,0
391419,0,1,1991,0,0,15,0,0,0,0,0,0,0
391419,1,1,1991,0,0,0,0,0,0,0,0,0,0
391420,1,1,1991,0,0,0,0,0,0,0,0,0,0
391421,1,1,1991,0,12,0,27,19,24,22,0,10,24
391422,1,1,1991,2,2,2,2,2,2,2,2,2,2
391423,1,1,1991,0,0,15,15,13,11,11,23,21,0
391424,0,1,1991,24,12,29,29,0,27,24,25,10,6
391424,1,1,1991,0,0,0,0,0,0,0,0,0,0
391425,1,1,1991,0,0,0,0,0,18,0,0,0,0
391425,2,1,1991,0,0,0,0,0,0,0,0,0,0
391426,1,1,1991,0,0,0,0,0,0,0,0,0,0
391427,1,1,1991,0,0,0,0,0,14,24,0,0,0
391428,1,1,1991,0,0,0,0,0,0,0,0,0,0
391428,2,1,1991,0,0,0,0,0,0,0,0,0,0
391429,0,1,1991,30,40,26,18,0,42,8,14,0,6
391429,1,1,1991,25,25,19,7,18,9,0,0,0,0
391430,1,1,1991,0,0,0,0,0,0,0,0,0,0
391430,2,1,1991,25,0,36,0,10,16,11,0,0,0
391431,1,1,1991,0,0,0,0,0,0,0,0,0,0
391431,2,1,1991,0,0,0,0,0,0,0,0,0,0
391432,1,1,1991,0,0,0,0,0,0,0,0,0,11
391433,1,1,1991,0,0,0,0,0,0,0,0,0,0
391434,1,1,1991,0,0,0,0,0,0,0,0,0,0
391434,2,1,1991,0,0,0,0,0,0,0,0,0,0
391435,1,1,1991,0,0,0,0,0,0,0,0,0,0
391435,2,1,1991,0,0,0,0,0,0,0,0,0,0
391436,1,1,1991,17,12,41,15,0,29,0,10,0,20
391437,1,1,1991,17,4,12,0,19,12,0,5,0,15
391438,1,1,1991,13,13,13,13,13,13,13,13,13,13
391439,0,1,1991,0,0,0,0,0,0,0,0,0,0
391439,1,1,1991,0,0,0,0,0,0,0,0,0,0
391440,1,1,1991,0,0,0,0,0,0,0,0,0,0
391440,2,1,1991,0,0,0,0,0,0,0,0,0,0
391442,1,1,1991,0,0,0,0,0,0,0,0,0,0
391443,1,1,1991,0,0,0,0,0,0,0,0,0,0
391445,0,1,1991,0,0,0,0,0,0,21,0,26,0
391445,1,1,1991,0,0,0,0,0,0,0,0,0,0
391446,1,1,1991,6,6,6,6,6,6,6,6,6,6
391447,0,1,1991,0,0,0,0,0,0,0,0,0,0
391447,0,2,1991,0,0,0,0,0,0,14,0,0,0
391447,1,1,1991,0,0,0,0,0,0,0,0,0,0
391448,0,1,1991,19,12,18,0,29,0,31,9,26,12
391448,1,1,1991,14,14,14,14,14,14,14,14,14,14
391449,1,1,1991,0,0,0,0,0,0,0,0,0,0
391449,2,1,1991,0,0,0,0,0,0,0,13,0,0
391450,1,1,1991,23,20,15,30,8,0,17,22,9,0
391451,0,1,1991,0,0,0,0,0,0,0,0,0,0
391451,1,1,1991,0,0,0,0,0,0,0,0,0,0
391452,0,1,1991,13,0,3,28,0,0,0,0,0,0
391452,1,1,1991,0,0,28,0,0,0,0,0,0,0
391453,1,1,1991,0,13,0,0,0,0,0,0,0,0
391454,0,1,1991,0,0,0,0,0,0,0,0,0,0
391454,1,1,1991,0,0,0,0,0,0,0,0,0,0
391455,0,1,1991,0,0,0,0,0,0,0,0,0,0
391455,1,1,1991,0,0,0,0,0,0,0,0,0,0
391456,1,1,1991,0,0,0,0,0,0,0,0,0,0
391456,2,1,1991,15,15,15,15,15,15,15,15,15,15
391457,1,1,1991,20,20,20,20,20,20,20,20,20,20
391458,1,1,1991,7,7,7,7,7,7,7,7,7,7
391458,2,1,1991,0,0,0,0,0,0,0,0,0,0
391459,0,1,1991,0,0,0,0,0,0,0,0,0,0
391459,1,1,1991,0,0,0,0,0,0,0,0,0,0
391460,1,1,1991,22,22,22,22,22,22,22,22,22,22
391461,1,1,1991,0,0,0,0,0,0,0,0,0,0
391461,2,1,1991,0,0,0,0,0,0,0,0,0,0
391463,1,1,1991,0,0,0,0,0,0,0,0,0,0
391463,2,1,1991,0,0,0,0,0,0,0,0,0,0
391463,3,1,1991,0,0,0,0,0,0,0,0,0,0
391464,1,1,1991,0,0,0,0,0,0,0,0,0,0
391464,2,1,1991,0,0,0,0,0,0,0,0,0,0
391465,1,1,1991,25,21,26,27,8,8,29,25,18,29
391466,0,1,1991,0,0,0,0,0,0,0,0,0,0
391466,1,1,1991,0,11,0,0,0,0,0,18,8,0
391468,1,1,1991,0,0,0,0,0,0,0,0,0,0
391468,2,1,1991,0,0,0,0,0,0,0,0,0,0
391468,3,1,1991,0,0,0,0,0,0,0,0,0,0
391468,4,1,1991,0,0,0,0,0,0,0,0,0,0
391469,1,1,1991,28,0,0,0,0,0,0,0,0,0
391470,1,1,1991,15,15,15,15,15,15,15,15,15,15
391471,1,1,1991,0,0,0,0,0,0,0,0,0,0
391471,2,1,1991,0,16,4,14,14,12,30,3,9,7
391472,1,1,1991,0,0,0,0,0,0,0,27,0,0
391472,2,1,1991,0,0,0,0,0,0,0,0,0,0
391473,1,1,1991,0,0,0,0,0,0,0,0,0,0
391474,1,1,1991,0,0,0,0,0,0,0,0,0,0
391474,2,1,1991,0,0,0,0,0,0,0,0,0,0
391475,1,1,1991,0,0,0,0,0,0,0,0,0,0
391475,2,1,1991,0,0,0,0,0,0,0,0,0,0
391476,1,1,1991,19,0,0,0,0,20,0,18,0,19
391476,2,1,1991,0,0,0,0,0,0,0,0,0,0
391477,1,1,1991,27,27,27,27,27,27,27,27,27,27
391478,1,1,1991,0,0,0,0,0,0,0,0,0,0
391479,1,1,1991,17,17,17,17,17,17,17,17,17,17
391480,1,1,1991,19,19,19,19,19,19,19,19,19,19
391481,1,1,1991,0,0,0,0,0,0,0,0,0,0
391482,1,1,1991,0,0,0,0,0,17,0,0,0,0
391482,2,1,1991,12,12,12,12,12,12,12,12,12,12
391483,1,1,1991,18,0,0,17,0,0,25,0,10,0
391484,1,1,1991,13,13,13,13,13,13,13,13,13,13
391485,1,1,1991,0,0,0,0,0,0,0,0,0,0
391485,2,1,1991,0,0,0,0,0,0,0,0,0,0
391486,1,1,1991,13,13,13,13,13,13,13,13,13,13
391487,1,1,1991,0,0,0,0,0,0,0,0,0,0
391488,1,1,1991,0,0,0,0,0,0,0,0,0,0
391488,2,1,1991,11,13,22,0,0,0,0,0,0,0
391488,3,1,1991,0,0,0,0,0,0,0,0,0,0
391489,1,1,1991,15,15,15,15,15,15,15,15,15,15
391489,2,1,1991,0,0,0,0,0,0,0,0,0,0
391490,1,1,1991,12,0,0,0,0,0,27,22,20,0
391490,2,1,1991,0,0,0,0,0,0,28,0,26,0
391491,0,1,1991,0,0,0,0,0,0,0,0,0,0
391491,1,1,1991,0,0,0,0,0,0,0,0,0,0
391492,0,1,1991,18,18,18,18,18,18,18,18,18,18
391492,1,1,1991,0,10,13,14,17,3,32,0,5,22
391493,1,1,1991,0,18,10,31,0,32,24,35,15,8
391493,2,1,1991,0,0,0,0,0,0,0,0,0,0