ST_CASE,VEH_NO,PER_NO,YEAR,P1,P2,P3,P4,P5,P6,P7,P8,P9,P10
400260,0,1,1991,0,0,0,0,0,0,0,0,0,0
400260,1,1,1991,0,0,0,0,0,0,0,0,0,0
400261,1,1,1991,26,26,26,26,26,26,26,26,26,26
400262,0,1,1991,0,0,0,0,0,0,0,0,0,0
400262,0,2,1991,0,0,0,0,0,0,0,0,0,0
400262,1,1,1991,0,0,0,0,0,0,0,0,0,0
400263,1,1,1991,0,0,0,0,0,0,0,0,0,0
400265,1,1,1991,0,0,0,0,0,0,0,0,0,0
400266,0,1,1991,0,0,0,0,0,0,0,0,0,0
400266,1,1,1991,0,0,0,0,0,0,0,0,0,0
400267,1,1,1991,8,8,8,8,8,8,8,8,8,8
400268,1,1,1991,0,0,0,0,0,0,0,0,0,0
400268,2,1,1991,0,0,0,0,0,0,0,0,0,0
400269,1,1,1991,1,1,1,1,1,1,1,1,1,1
400270,1,1,1991,0,0,0,0,0,0,0,0,0,0
400270,2,1,1991,0,0,0,0,0,0,0,0,0,0
400271,0,1,1991,27,27,27,27,27,27,27,27,27,27
400271,1,1,1991,5,7,0,8,0,18,6,10,0,3
400272,1,1,1991,0,0,0,0,0,0,0,0,0,0
400273,1,1,1991,0,0,0,0,0,0,0,0,0,0
400273,2,1,1991,0,0,0,0,0,0,0,0,0,0
400274,1,1,1991,0,14,10,0,0,15,0,0,0,0
400275,1,1,1991,0,0,0,22,0,0,0,0,0,0
400276,1,1,1991,14,18,10,18,7,14,22,10,0,24
400277,1,1,1991,9,9,9,9,9,9,9,9,9,9
400278,1,1,1991,1,1,1,1,1,1,1,1,1,1
400279,1,1,1991,0,0,0,0,0,0,0,0,0,0
400279,2,1,1991,0,0,0,0,8,0,0,0,0,0
400280,1,1,1991,30,30,30,30,30,30,30,30,30,30
400281,1,1,1991,0,0,2,0,8,0,0,6,0,15
400282,0,1,1991,10,17,16,11,25,30,15,7,22,18
400282,1,1,1991,8,16,22,13,9,22,21,12,20,9
400283,1,1,1991,0,0,0,0,0,0,0,0,0,0
400283,2,1,1991,0,11,0,0,0,0,0,0,0,0
400284,1,1,1991,0,0,0,0,0,0,0,0,0,0
400285,1,1,1991,17,17,17,17,17,17,17,17,17,17
400286,1,1,1991,20,24,14,29,12,24,0,24,20,12
400287,1,1,1991,14,14,14,14,14,14,14,14,14,14
400288,1,1,1991,0,0,0,0,0,0,0,0,0,0
400289,1,1,1991,0,0,0,26,0,0,0,25,0,0
400290,1,1,1991,28,28,28,28,28,28,28,28,28,28
400291,1,1,1991,0,0,0,0,0,0,0,0,0,0
400291,2,1,1991,7,7,7,7,7,7,7,7,7,7
400292,1,1,1991,18,18,18,18,18,18,18,18,18,18
400293,1,1,1991,0,0,0,0,0,0,0,0,0,0
400293,2,1,1991,0,0,0,0,0,0,0,0,0,0
400294,1,1,1991,0,0,0,0,0,0,0,0,0,8
400295,1,1,1991,4,4,4,4,4,4,4,4,4,4
400296,1,1,1991,0,0,0,0,0,0,0,0,0,0
400296,2,1,1991,0,0,0,0,0,0,0,0,0,0
400297,1,1,1991,0,0,0,0,0,0,0,0,0,0
400297,2,1,1991,0,0,0,0,0,0,0,0,0,0
400298,1,1,1991,0,0,0,0,0,0,0,0,0,0
400298,2,1,1991,0,0,9,0,0,0,0,0,0,0
400299,1,1,1991,0,0,0,0,0,0,0,0,0,0
400299,2,1,1991,0,0,0,0,0,0,0,0,0,0
400299,3,1,1991,0,0,0,0,0,0,0,0,0,0
400300,1,1,1991,0,0,0,0,0,0,0,0,0,0
400300,2,1,1991,0,0,0,0,0,0,0,0,0,0
400301,1,1,1991,0,0,0,0,0,0,0,0,0,0
400301,2,1,1991,0,0,0,20,0,0,0,0,0,0
400302,1,1,1991,14,14,14,14,14,14,14,14,14,14
400302,2,1,1991,0,0,0,0,0,0,0,0,0,0
400303,1,1,1991,3,3,3,3,3,3,3,3,3,3
400305,1,1,1991,8,8,8,8,8,8,8,8,8,8
400306,1,1,1991,26,26,26,26,26,26,26,26,26,26
400307,1,1,1991,0,0,0,18,30,0,0,0,0,0
400308,1,1,1991,0,0,0,0,0,0,0,0,0,0
400309,1,1,1991,14,14,14,14,14,14,14,14,14,14
400309,2,1,1991,0,0,0,0,0,0,0,0,0,0
400310,1,1,1991,0,0,0,0,0,0,0,0,0,0
400310,2,1,1991,20,20,20,20,20,20,20,20,20,20
400311,1,1,1991,0,0,0,0,0,0,0,10,0,0
400311,2,1,1991,0,0,0,0,10,0,0,0,0,10
400312,1,1,1991,0,0,0,0,0,0,0,0,0,0
400312,2,1,1991,8,10,15,17,7,22,22,16,16,10
400313,1,1,1991,26,26,26,26,26,26,26,26,26,26
400314,0,1,1991,0,0,0,0,0,0,0,0,0,0
400314,1,1,1991,0,0,0,0,0,0,0,0,0,0
400315,1,1,1991,11,10,19,0,26,29,0,18,29,23
400316,1,1,1991,0,0,0,0,0,0,0,0,0,0
400316,2,1,1991,0,0,0,0,0,0,0,0,10,0
400317,1,1,1991,19,19,19,19,19,19,19,19,19,19
400318,1,1,1991,13,13,13,13,13,13,13,13,13,13
400319,1,1,1991,0,0,0,0,0,0,0,0,0,0
400319,2,1,1991,0,0,0,0,0,0,0,0,0,0
400320,1,1,1991,0,0,0,0,0,0,0,0,0,0
400321,1,1,1991,0,31,0,17,0,0,0,0,0,0
400322,1,1,1991,0,0,0,0,0,0,0,0,0,0
400322,2,1,1991,0,0,0,0,0,0,0,0,0,0
400323,1,1,1991,0,0,0,0,0,0,0,0,0,0
400323,2,1,1991,0,0,0,0,0,0,0,0,0,0
400324,1,1,1991,0,0,0,0,0,0,0,0,0,0
400325,1,1,1991,17,17,17,17,17,17,17,17,17,17
400325,2,1,1991,0,0,0,0,0,0,0,0,0,0
400326,1,1,1991,0,0,0,0,0,0,0,0,0,0
400326,2,1,1991,0,0,0,0,0,0,0,0,0,0
400327,0,1,1991,0,0,0,0,0,0,0,0,0,0
400327,1,1,1991,17,17,17,17,17,17,17,17,17,17
400327,2,1,1991,0,0,0,0,0,0,0,0,0,0
400327,3,1,1991,0,0,0,0,0,0,0,0,0,0
400328,0,1,1991,19,19,19,19,19,19,19,19,19,19
400328,1,1,1991,18,0,0,0,0,0,0,0,0,13
400328,2,1,1991,0,0,0,0,0,0,0,0,7,0
400329,1,1,1991,13,0,0,0,0,28,0,0,0,0
400329,2,1,1991,0,0,0,0,0,0,0,0,0,0
400330,1,1,1991,13,13,13,13,13,13,13,13,13,13
400331,0,1,1991,0,0,0,0,0,0,0,0,0,0
400331,1,1,1991,0,0,13,0,15,0,0,0,0,0
400332,1,1,1991,0,27,16,0,0,0,0,0,0,0
400333,1,1,1991,22,22,22,22,22,22,22,22,22,22
400334,1,1,1991,30,11,12,6,26,16,18,16,25,18
400334,2,1,1991,0,15,18,17,21,10,10,5,0,13
400336,1,1,1991,0,0,10,0,0,0,0,0,0,0
400337,1,1,1991,0,0,0,0,0,0,0,0,0,0
400338,1,1,1991,3,3,3,3,3,3,3,3,3,3
400339,1,1,1991,0,0,0,0,0,0,0,0,0,0
400339,2,1,1991,0,0,0,18,0,0,0,0,0,0
400340,1,1,1991,24,24,24,24,24,24,24,24,24,24
400341,1,1,1991,0,0,0,0,0,0,0,0,0,0
400342,1,1,1991,18,18,18,18,18,18,18,18,18,18
400342,2,1,1991,23,16,10,22,0,17,16,12,18,15
400343,1,1,1991,19,19,19,19,19,19,19,19,19,19
400343,2,1,1991,0,0,0,0,0,0,0,0,0,0
400343,3,1,1991,0,7,0,0,0,0,0,0,0,0
400344,1,1,1991,0,0,0,0,0,0,0,0,0,0
400344,2,1,1991,0,0,0,0,0,0,0,0,0,0
400345,1,1,1991,23,23,23,23,23,23,23,23,23,23
400346,1,1,1991,0,0,0,0,0,0,0,0,0,0
400346,2,1,1991,7,0,19,0,0,0,0,0,0,16
400347,1,1,1991,21,21,21,21,21,21,21,21,21,21
400348,1,1,1991,0,0,0,0,0,0,0,0,0,0
400349,1,1,1991,9,9,9,9,9,9,9,9,9,9
400349,2,1,1991,0,0,0,0,0,0,0,0,0,0
400350,1,1,1991,0,0,0,0,0,0,8,0,0,0
400350,2,1,1991,0,0,0,0,0,0,0,0,0,0
400351,1,1,1991,0,17,0,0,0,0,0,0,0,0
400352,1,1,1991,15,15,15,15,15,15,15,15,15,15
400352,2,1,1991,19,0,32,0,0,15,0,22,0,0
400353,1,1,1991,11,11,11,11,11,11,11,11,11,11
400354,1,1,1991,0,0,0,0,0,0,0,0,0,0
400355,1,1,1991,0,0,0,0,0,0,0,7,0,0
400355,2,1,1991,0,0,0,0,0,0,0,0,0,0
400356,1,1,1991,0,0,0,0,0,0,0,0,0,0
400357,1,1,1991,0,0,0,0,0,0,0,0,0,0
400358,1,1,1991,20,20,20,20,20,20,20,20,20,20
400359,1,1,1991,11,14,0,0,19,15,17,7,27,23
400360,1,1,1991,19,19,19,19,19,19,19,19,19,19
400361,1,1,1991,15,15,15,15,15,15,15,15,15,15
400362,1,1,1991,0,0,0,0,0,0,0,0,0,0
400362,2,1,1991,0,0,0,0,0,0,0,0,0,0
400363,1,1,1991,19,19,19,19,19,19,19,19,19,19
400364,1,1,1991,0,0,0,0,0,0,0,0,0,15
400364,2,1,1991,0,0,10,0,0,0,0,0,0,0
400365,1,1,1991,0,0,0,0,12,20,11,0,0,0
400366,1,1,1991,0,0,0,0,0,0,0,0,0,0
400366,2,1,1991,0,0,0,0,0,0,0,0,0,0
400367,1,1,1991,0,0,0,0,0,0,0,0,11,0
400368,1,1,1991,0,0,0,0,0,0,0,0,0,0
400368,2,1,1991,0,0,0,0,0,0,0,0,0,0
400369,1,1,1991,15,15,15,15,15,15,15,15,15,15
400370,1,1,1991,19,19,19,19,19,19,19,19,19,19
400370,2,1,1991,28,7,0,0,0,0,4,0,0,0
400371,1,1,1991,17,27,17,14,22,22,14,28,18,19
400372,1,1,1991,29,0,17,5,12,7,15,0,0,17
400373,1,1,1991,6,6,6,6,6,6,6,6,6,6
400374,1,1,1991,0,0,0,0,0,0,0,7,0,17
400376,1,1,1991,0,0,30,8,27,0,0,7,0,5
400376,2,1,1991,0,0,0,20,0,0,0,0,0,26
400377,1,1,1991,7,7,7,7,7,7,7,7,7,7
400378,1,1,1991,20,20,20,20,20,20,20,20,20,20
400379,1,1,1991,0,0,0,0,0,0,0,0,0,0
400379,2,1,1991,0,0,0,0,0,0,0,0,0,0
400380,1,1,1991,0,0,0,0,0,0,0,0,0,0
400380,2,1,1991,0,0,0,0,0,0,0,0,0,0
400381,0,1,1991,20,20,20,20,20,20,20,20,20,20
400381,1,1,1991,26,0,0,0,0,0,0,0,0,0
400382,1,1,1991,14,14,14,14,14,14,14,14,14,14
400383,1,1,1991,0,0,0,0,0,0,0,0,0,0
400384,1,1,1991,0,0,0,0,0,0,0,0,0,0
400385,1,1,1991,0,16,0,29,15,0,0,0,0,0
400386,1,1,1991,0,0,0,0,0,0,0,0,0,0
400387,1,1,1991,17,17,17,17,17,17,17,17,17,17
400388,1,1,1991,0,0,0,0,0,9,0,0,0,0
400388,2,1,1991,0,0,0,0,16,0,0,0,0,0
400389,1,1,1991,23,23,23,23,23,23,23,23,23,23
400390,0,1,1991,0,0,0,0,0,0,0,0,0,0
400390,0,2,1991,0,0,0,0,0,0,0,0,0,0
400390,1,1,1991,19,19,19,19,19,19,19,19,19,19
400391,1,1,1991,15,15,15,15,15,15,15,15,15,15
400391,2,1,1991,0,0,0,0,0,0,0,0,0,0
400392,1,1,1991,5,8,0,0,30,19,0,9,0,0
400393,1,1,1991,0,0,0,0,0,0,0,0,0,0
400393,2,1,1991,0,0,0,0,0,0,0,0,0,0
400394,1,1,1991,18,18,18,18,18,18,18,18,18,18
400394,2,1,1991,0,0,0,0,0,0,0,0,0,0
400394,3,1,1991,0,0,0,0,0,0,0,0,0,0
400395,1,1,1991,0,0,0,0,0,0,0,0,0,0
400395,2,1,1991,0,0,0,0,0,0,0,0,0,0
400396,1,1,1991,0,0,0,0,0,0,0,0,0,0
400396,2,1,1991,0,0,0,0,0,0,0,0,0,0
400397,1,1,1991,0,0,0,0,0,0,0,0,0,0
400398,1,1,1991,0,33,26,32,0,32,7,13,17,11
400399,1,1,1991,4,4,4,4,4,4,4,4,4,4
400400,1,1,1991,21,21,21,21,21,21,21,21,21,21
400401,1,1,1991,41,41,41,41,41,41,41,41,41,41
400402,1,1,1991,21,0,0,0,0,0,0,0,26,0
400402,2,1,1991,0,0,0,0,0,0,0,0,0,0
400403,0,1,1991,0,0,0,0,0,0,0,0,0,0
400403,1,1,1991,0,0,0,0,0,0,0,0,0,0
400404,1,1,1991,0,0,0,0,0,0,0,0,0,0
400405,1,1,1991,0,0,0,0,0,0,0,0,0,0
400405,2,1,1991,0,0,0,0,0,0,0,0,0,0
400406,1,1,1991,32,32,32,32,32,32,32,32,32,32
400406,2,1,1991,0,0,0,10,0,0,0,0,0,0
400406,3,1,1991,0,0,0,0,0,0,0,0,0,0
400407,0,1,1991,13,13,13,13,13,13,13,13,13,13
400407,0,2,1991,0,0,0,0,0,0,0,0,0,0
400407,1,1,1991,0,0,0,0,0,0,0,0,0,0
400407,2,1,1991,0,0,0,0,0,0,0,0,0,0
400408,1,1,1991,0,0,0,0,0,0,0,0,0,0
400408,2,1,1991,0,0,0,0,0,0,0,0,0,0
400409,1,1,1991,17,17,17,17,17,17,17,17,17,17
400410,1,1,1991,0,0,0,0,0,0,0,0,0,0
400411,1,1,1991,22,22,22,22,22,22,22,22,22,22
400412,1,1,1991,0,0,0,12,0,8,3,13,13,0
400412,2,1,1991,0,0,0,0,0,0,5,0,0,0
400413,1,1,1991,0,0,0,0,0,0,0,0,0,0
400413,2,1,1991,2,2,2,2,2,2,2,2,2,2
400414,1,1,1991,23,23,23,23,23,23,23,23,23,23
400415,0,1,1991,0,0,0,0,0,0,0,0,0,0
400415,1,1,1991,0,0,0,0,0,0,11,0,0,0
400416,1,1,1991,0,0,0,0,0,0,0,0,0,0
400417,1,1,1991,0,0,0,0,0,0,0,0,0,0
400417,2,1,1991,0,0,0,0,0,8,0,0,0,0
400418,1,1,1991,0,0,0,0,0,0,0,0,0,0
400418,2,1,1991,0,0,0,0,0,0,0,0,0,0
400419,0,1,1991,11,11,11,11,11,11,11,11,11,11
400419,0,2,1991,5,16,26,15,9,12,16,0,0,23
400419,1,1,1991,15,0,5,0,12,12,2,0,15,15
400420,1,1,1991,16,16,16,16,16,16,16,16,16,16
400420,2,1,1991,0,0,0,0,0,0,0,0,0,0
400421,1,1,1991,0,0,0,0,0,0,0,0,0,0
400422,1,1,1991,14,14,14,14,14,14,14,14,14,14
400423,1,1,1991,0,0,0,0,0,0,0,0,0,0
400423,2,1,1991,0,0,0,0,0,0,0,0,0,0
400424,0,1,1991,31,31,31,31,31,31,31,31,31,31
400424,1,1,1991,0,0,0,0,0,11,0,0,27,0
400425,1,1,1991,0,0,0,0,0,0,0,0,0,0
400425,2,1,1991,0,0,0,0,0,0,0,0,0,0
400426,0,1,1991,0,0,0,0,0,0,0,0,0,0
400426,1,1,1991,0,0,0,0,0,17,0,0,0,0
400427,1,1,1991,0,0,0,0,0,0,0,0,0,0
400427,2,1,1991,0,0,0,0,0,0,0,0,0,0
400428,1,1,1991,5,5,5,5,5,5,5,5,5,5
400428,2,1,1991,0,0,0,0,0,0,0,0,0,0
400429,0,1,1991,30,21,7,19,16,21,22,9,13,25
400429,1,1,1991,22,0,0,0,0,0,0,0,0,0
400430,1,1,1991,3,3,3,3,3,3,3,3,3,3
400431,1,1,1991,15,0,0,5,0,12,0,0,0,4
400432,1,1,1991,24,24,24,24,24,24,24,24,24,24
400433,1,1,1991,0,0,0,0,0,0,0,0,0,0
400433,2,1,1991,0,0,0,0,0,0,0,0,0,0
400434,1,1,1991,9,9,9,9,9,9,9,9,9,9
400435,1,1,1991,0,0,0,10,0,0,0,0,0,0
400436,1,1,1991,0,0,0,0,0,0,0,0,0,0
400436,2,1,1991,0,0,0,0,0,0,0,0,0,0
400437,1,1,1991,0,0,17,0,12,0,0,0,0,0
400437,2,1,1991,0,0,0,0,0,0,0,0,0,0
400438,1,1,1991,0,0,0,0,0,0,0,0,0,0
400438,2,1,1991,20,20,20,20,20,20,20,20,20,20
400439,1,1,1991,0,0,0,0,0,0,0,0,0,0
400439,2,1,1991,13,13,13,13,13,13,13,13,13,13
400440,1,1,1991,22,22,22,22,22,22,22,22,22,22
400441,1,1,1991,16,14,20,33,25,23,17,18,14,15
400441,2,1,1991,0,0,0,0,0,0,0,0,0,0
400442,1,1,1991,11,0,0,14,0,23,0,0,0,14
400442,2,1,1991,27,0,0,0,0,0,0,0,0,0
400443,2,1,1991,0,0,0,0,0,0,0,0,0,0
400444,0,1,1991,0,0,0,0,0,0,0,0,0,0
400444,1,1,1991,0,0,0,0,0,0,9,0,0,0
400446,1,1,1991,0,0,0,0,0,0,0,0,0,0
400447,1,1,1991,24,24,24,24,24,24,24,24,24,24
400448,1,1,1991,0,0,0,0,0,0,0,0,0,0
400448,2,1,1991,12,0,0,0,0,0,0,0,0,0
400449,1,1,1991,29,25,16,31,18,26,23,22,20,0
400451,1,1,1991,0,0,0,0,0,0,0,0,15,5
400451,2,1,1991,0,0,0,0,0,0,0,0,0,21
400452,1,1,1991,8,0,0,0,0,0,0,15,0,0
400452,2,1,1991,3,3,3,3,3,3,3,3,3,3
400453,1,1,1991,48,0,0,6,0,0,18,0,15,0
400454,1,1,1991,0,0,0,0,0,0,0,0,0,0
400454,2,1,1991,0,0,0,0,0,0,0,0,0,0
400455,1,1,1991,0,0,0,0,0,0,0,0,0,0
400456,1,1,1991,0,0,0,0,0,0,0,0,0,0
400456,2,1,1991,0,0,0,0,0,0,0,0,0,0
400457,1,1,1991,0,0,0,0,0,0,0,0,0,0
400457,2,1,1991,0,0,0,0,0,0,0,0,0,0
400458,1,1,1991,20,20,20,20,20,20,20,20,20,20
400459,1,1,1991,19,19,19,19,19,19,19,19,19,19
400460,1,1,1991,0,0,0,0,0,0,0,0,0,0
400460,2,1,1991,0,0,0,0,0,0,0,0,0,0
400461,1,1,1991,0,0,0,0,0,0,0,0,0,0
400461,2,1,1991,13,13,13,13,13,13,13,13,13,13
400462,0,1,1991,28,28,28,28,28,28,28,28,28,28
400462,1,1,1991,0,0,9,0,0,0,0,13,11,16
400463,1,1,1991,13,13,13,13,13,13,13,13,13,13
400463,2,1,1991,0,0,0,0,0,0,0,0,0,0
400464,1,1,1991,26,26,26,26,26,26,26,26,26,26
400465,1,1,1991,0,0,0,0,0,0,0,0,0,0
400465,2,1,1991,0,0,0,0,0,0,0,0,0,0
400466,1,1,1991,0,0,0,0,0,0,0,0,0,0
400467,1,1,1991,31,31,31,31,31,31,31,31,31,31
400468,1,1,1991,37,24,31,25,30,8,18,22,15,20
400468,2,1,1991,21,0,0,0,0,0,0,0,0,0
400469,0,1,1991,0,0,0,0,0,0,0,0,0,0
400469,1,1,1991,15,0,0,0,0,13,0,24,0,12
400470,0,1,1991,29,29,29,29,29,29,29,29,29,29
400470,1,1,1991,0,0,0,0,0,12,0,0,0,0
400471,0,1,1991,0,0,0,0,0,0,0,0,0,0
400471,1,1,1991,0,0,0,0,0,0,0,0,0,0
400472,1,1,1991,0,0,0,0,0,0,0,0,0,0
400472,2,1,1991,0,0,0,0,0,0,0,0,0,0
400473,1,1,1991,0,0,0,0,0,0,0,0,0,0
400474,1,1,1991,0,0,0,0,0,0,0,0,0,0
400474,2,1,1991,0,0,0,0,0,0,0,0,0,0
400476,1,1,1991,9,9,9,9,9,9,9,9,9,9
400478,1,1,1991,20,20,20,20,20,20,20,20,20,20
400478,2,1,1991,0,0,0,0,0,0,0,0,0,0
400479,1,1,1991,22,22,22,22,22,22,22,22,22,22
400479,2,1,1991,0,0,0,0,0,0,0,0,0,0
400480,1,1,1991,0,0,0,0,0,0,0,0,0,0
400480,2,1,1991,0,0,0,0,0,0,0,0,0,0
400480,3,1,1991,0,0,0,0,0,0,0,0,0,0
400481,0,1,1991,0,0,0,0,0,0,0,0,0,0
400481,1,1,1991,0,0,0,0,0,19,14,0,4,18
400482,1,1,1991,0,0,0,0,0,0,0,0,0,0
400482,2,1,1991,0,0,0,0,0,0,0,0,0,0
400483,1,1,1991,22,22,22,22,22,22,22,22,22,22
400483,2,1,1991,0,0,0,0,0,0,0,0,0,0
400484,0,1,1991,0,0,0,0,0,0,0,0,0,0
400484,1,1,1991,0,0,0,0,0,0,0,0,0,0
400485,1,1,1991,35,28,14,22,23,46,18,35,22,28
400486,1,1,1991,0,0,0,0,0,0,0,0,0,0
400486,2,1,1991,0,0,0,0,0,0,0,0,0,0
400487,1,1,1991,36,14,8,8,14,18,19,24,5,21
400488,1,1,1991,0,0,0,0,0,0,0,0,0,0
400488,2,1,1991,0,0,0,0,0,0,0,0,0,0
400489,1,1,1991,0,0,0,0,0,0,0,0,0,0
400490,1,1,1991,0,27,15,9,18,0,2,11,25,24
400491,1,1,1991,0,0,0,0,0,0,0,0,0,0
400492,1,1,1991,18,18,18,18,18,18,18,18,18,18
400493,0,1,1991,0,0,0,0,0,0,0,0,0,0
400493,1,1,1991,0,0,0,0,6,0,0,0,0,0
400494,0,1,1991,0,0,0,0,0,0,0,0,0,0
400494,1,1,1991,0,0,0,0,0,0,0,0,0,0
400495,1,1,1991,0,0,0,0,0,0,0,0,0,0
400495,2,1,1991,0,0,0,0,0,0,0,0,0,0
400496,1,1,1991,0,0,0,0,0,0,0,0,0,0
400497,1,1,1991,7,7,7,7,7,7,7,7,7,7
400498,1,1,1991,0,0,0,0,0,0,0,0,0,0
400498,2,1,1991,0,0,0,0,0,5,0,0,26,0
400499,1,1,1991,11,11,11,11,11,11,11,11,11,11
400500,1,1,1991,0,0,0,0,0,0,0,0,0,0
400500,2,1,1991,0,0,0,0,12,0,0,0,0,0
400501,1,1,1991,16,16,16,16,16,16,16,16,16,16
400502,1,1,1991,0,0,0,0,0,0,0,0,0,0
400502,2,1,1991,0,0,0,0,0,0,0,0,0,0
400503,1,1,1991,0,0,0,0,0,0,0,0,0,0
400503,2,1,1991,0,0,0,0,0,0,0,0,0,0
400504,1,1,1991,0,1,0,0,3,0,0,0,0,0
400504,2,1,1991,0,0,0,0,0,0,0,0,0,0
400505,1,1,1991,22,22,22,22,22,22,22,22,22,22
400506,1,1,1991,22,22,22,22,22,22,22,22,22,22
400507,1,1,1991,16,3,0,0,0,0,0,19,0,9
400508,1,1,1991,27,26,16,26,26,25,27,11,17,41
400509,1,1,1991,0,0,0,0,0,0,0,0,0,0
400510,1,1,1991,16,22,11,19,4,17,15,26,21,5
400510,2,1,1991,17,23,21,10,17,22,13,0,8,18
400510,3,1,1991,0,0,0,0,0,0,0,0,0,0
400511,1,1,1991,0,0,0,0,0,0,0,0,0,0
400512,1,1,1991,28,28,28,28,28,28,28,28,28,28
400512,2,1,1991,0,0,0,0,0,0,0,0,0,0
400513,1,1,1991,0,0,0,0,0,0,0,0,0,0
400513,2,1,1991,0,0,0,0,0,0,0,0,0,0
400514,1,1,1991,24,24,24,24,24,24,24,24,24,24
400514,2,1,1991,0,0,0,0,0,0,0,0,0,0
400515,1,1,1991,0,0,0,0,0,0,0,0,0,0
400515,2,1,1991,0,0,0,0,0,0,0,0,0,0
400516,0,1,1991,0,0,0,0,0,0,0,0,0,0
400516,1,1,1991,0,0,0,0,0,0,0,0,0,0
400517,1,1,1991,21,21,21,21,21,21,21,21,21,21
400518,1,1,1991,0,0,0,0,0,0,0,0,0,0
400518,2,1,1991,0,0,0,0,0,0,0,0,0,0
400519,1,1,1991,0,0,0,0,0,0,0,0,0,0
400519,2,1,1991,0,0,0,0,0,0,0,0,0,0
400520,1,1,1991,0,0,0,0,0,0,0,0,0,0
400521,1,1,1991,24,24,24,24,24,24,24,24,24,24
400522,1,1,1991,0,0,0,0,0,0,0,0,0,0
400522,2,1,1991,0,0,0,0,0,0,0,0,0,0
400523,1,1,1991,0,0,0,0,0,0,0,0,0,0
400523,2,1,1991,0,0,0,0,0,0,0,0,0,0
400524,1,1,1991,21,13,11,22,31,0,11,4,11,14
400525,1,1,1991,28,28,28,28,28,28,28,28,28,28
400526,1,1,1991,0,21,29,22,3,0,0,0,15,0
400527,1,1,1991,0,0,0,0,0,0,0,0,0,0
400527,2,1,1991,0,0,0,0,0,0,0,0,0,0
400528,1,1,1991,9,9,9,9,9,9,9,9,9,9
400528,2,1,1991,0,0,0,0,9,0,0,0,0,0
400529,1,1,1991,0,0,0,0,0,0,0,0,0,0
400530,1,1,1991,0,0,0,0,0,0,0,0,0,0
400530,2,1,1991,0,0,0,0,0,0,0,0,0,0
400531,1,1,1991,2,2,2,2,2,2,2,2,2,2
400532,1,1,1991,20,20,20,20,20,20,20,20,20,20
400533,1,1,1991,15,15,15,15,15,15,15,15,15,15
400534,1,1,1991,21,20,0,32,22,0,0,13,0,12
400535,1,1,1991,26,26,26,26,26,26,26,26,26,26
400536,1,1,1991,14,14,14,14,14,14,14,14,14,14
400536,2,1,1991,0,0,0,0,0,0,0,0,0,0
400537,1,1,1991,0,0,0,0,0,0,0,0,0,0
400537,2,1,1991,0,0,0,0,0,0,0,0,0,0
400538,1,1,1991,22,21,14,17,12,23,13,4,17,21
400538,2,1,1991,0,0,0,0,0,0,0,0,0,0
400539,1,1,1991,23,0,0,0,0,0,21,0,20,0
400540,1,1,1991,0,0,0,0,0,0,0,0,0,0
400540,2,1,1991,0,0,0,0,0,0,0,0,0,0
400541,1,1,1991,0,0,0,0,0,0,0,0,0,0
400541,2,1,1991,0,0,0,0,0,0,0,0,0,0
400542,1,1,1991,7,7,7,7,7,7,7,7,7,7
400542,2,1,1991,0,0,0,0,0,0,0,0,0,0
400543,1,1,1991,28,17,25,40,26,11,22,14,25,10
400544,1,1,1991,0,0,31,0,0,0,0,0,0,0
400544,2,1,1991,0,0,0,0,0,0,0,0,0,0
400545,1,1,1991,0,0,0,0,0,0,0,0,0,0
400545,2,1,1991,0,0,0,0,0,0,0,0,0,0
400546,1,1,1991,0,0,0,0,0,0,0,0,0,0
400546,2,1,1991,0,0,0,32,0,0,0,0,0,0
400547,0,1,1991,0,0,0,22,17,19,8,0,10,19
400547,1,1,1991,0,0,0,0,0,0,0,0,0,0
400548,1,1,1991,17,17,17,17,17,17,17,17,17,17
400549,1,1,1991,0,0,0,0,0,0,0,0,0,0
400549,2,1,1991,0,0,0,0,0,3,0,0,0,0
400550,1,1,1991,4,4,4,4,4,4,4,4,4,4
400551,1,1,1991,0,0,0,0,0,0,0,0,0,0
400552,1,1,1991,21,21,21,21,21,21,21,21,21,21
400553,1,1,1991,0,0,0,0,0,0,0,0,0,0
400554,1,1,1991,0,0,0,0,0,0,0,0,0,0
400554,2,1,1991,0,0,0,0,0,0,0,2,0,0
400555,1,1,1991,0,0,0,0,0,0,0,0,0,0
400555,2,1,1991,0,0,0,0,0,0,0,0,0,0
400556,1,1,1991,0,0,0,0,0,0,0,0,0,0
400556,2,1,1991,0,0,0,0,0,0,0,0,0,0
400557,1,1,1991,0,0,0,0,0,0,0,0,0,0
400558,1,1,1991,0,0,0,0,0,0,0,0,0,0
400558,2,1,1991,0,0,0,0,0,0,0,0,0,0
400559,1,1,1991,0,0,0,0,0,0,0,0,0,0
400559,2,1,1991,0,0,0,0,0,0,0,0,0,0
400560,1,1,1991,22,22,22,22,22,22,22,22,22,22
400560,2,1,1991,0,0,0,0,0,0,0,0,0,0
400561,1,1,1991,4,4,4,4,4,4,4,4,4,4
400562,1,1,1991,27,27,27,27,27,27,27,27,27,27
400562,2,1,1991,0,0,0,0,0,0,0,0,0,0
400563,1,1,1991,0,12,0,0,0,0,19,0,0,0
400564,1,1,1991,0,11,0,0,0,0,0,0,0,0