ST_CASE,VEH_NO,PER_NO,YEAR,P1,P2,P3,P4,P5,P6,P7,P8,P9,P10
410300,1,1,1991,0,0,0,0,0,0,0,0,0,0
410300,2,1,1991,0,0,0,0,0,0,0,0,0,0
410301,1,1,1991,0,0,0,0,0,0,0,0,0,0
410302,1,1,1991,0,0,0,0,0,0,0,0,0,0
410302,2,1,1991,0,0,0,0,0,0,0,0,0,0
410303,1,1,1991,15,15,15,15,15,15,15,15,15,15
410304,1,1,1991,0,0,0,0,0,0,0,0,0,0
410304,2,1,1991,0,0,0,0,0,0,0,0,0,0
410306,1,1,1991,7,7,7,7,7,7,7,7,7,7
410307,1,1,1991,18,18,18,18,18,18,18,18,18,18
410307,2,1,1991,0,0,0,0,0,0,0,0,0,0
410308,1,1,1991,0,0,0,0,0,0,0,0,0,0
410308,2,1,1991,0,0,0,0,0,0,0,0,0,0
410309,1,1,1991,0,0,0,0,0,0,0,0,0,0
410311,1,1,1991,13,13,13,13,13,13,13,13,13,13
410312,0,1,1991,0,0,0,0,0,0,0,0,0,0
410312,1,1,1991,0,0,0,0,0,0,0,0,0,0
410312,2,1,1991,0,0,0,0,0,0,0,0,0,0
410313,1,1,1991,11,11,11,11,11,11,11,11,11,11
410314,0,1,1991,0,0,0,0,0,0,0,0,0,0
410314,1,1,1991,0,0,0,0,0,0,0,0,0,0
410315,1,1,1991,19,19,19,19,19,19,19,19,19,19
410315,2,1,1991,0,0,0,0,0,0,0,16,0,0
410316,1,1,1991,0,0,0,0,0,0,0,0,0,0
410317,1,1,1991,0,0,0,0,0,0,0,0,0,0
410317,2,1,1991,0,0,0,0,0,0,0,0,0,0
410318,1,1,1991,26,26,26,26,26,26,26,26,26,26
410319,0,1,1991,0,0,0,0,0,0,0,0,0,0
410319,1,1,1991,0,0,0,0,0,0,0,0,0,0
410320,1,1,1991,12,12,12,12,12,12,12,12,12,12
410321,0,1,1991,0,0,0,0,0,0,0,0,0,0
410321,1,1,1991,0,0,0,0,0,0,0,0,0,0
410322,1,1,1991,0,0,0,0,0,0,0,0,0,0
410324,1,1,1991,0,0,0,0,0,0,0,0,0,0
410324,2,1,1991,0,0,0,0,0,0,0,0,0,0
410325,1,1,1991,0,0,0,0,0,0,0,0,0,0
410325,2,1,1991,0,0,0,0,0,0,0,0,0,0
410326,1,1,1991,0,0,0,0,0,0,0,0,0,0
410326,2,1,1991,0,0,0,0,0,0,0,0,0,0
410327,1,1,1991,0,0,0,0,0,0,0,0,0,0
410327,2,1,1991,0,14,0,0,0,0,0,0,0,0
410328,1,1,1991,0,0,0,0,0,0,0,0,0,0
410328,2,1,1991,12,12,12,12,12,12,12,12,12,12
410329,1,1,1991,3,3,3,3,3,3,3,3,3,3
410330,0,1,1991,14,14,14,14,14,14,14,14,14,14
410330,1,1,1991,0,0,0,3,0,0,0,0,0,0
410331,1,1,1991,0,0,0,0,0,0,0,0,0,0
410332,1,1,1991,0,0,0,0,0,0,0,0,0,0
410332,2,1,1991,0,0,0,0,0,0,0,0,0,0
410333,1,1,1991,0,0,0,0,0,0,0,0,0,0
410333,2,1,1991,0,0,0,0,0,0,0,0,0,0
410334,1,1,1991,0,0,0,0,0,0,0,0,0,0
410334,2,1,1991,0,0,0,0,0,0,0,0,0,0
410336,1,1,1991,7,7,7,7,7,7,7,7,7,7
410337,0,1,1991,31,24,36,22,19,27,0,24,10,3
410337,1,1,1991,0,0,0,0,0,0,0,0,0,0
410338,1,1,1991,0,0,0,0,0,0,0,0,0,0
410338,2,1,1991,0,0,0,0,0,0,0,0,0,0
410338,3,1,1991,0,0,0,0,0,0,0,0,0,0
410338,4,1,1991,0,0,0,0,0,0,0,0,0,0
410340,0,1,1991,0,0,0,0,0,0,0,0,0,0
410340,1,1,1991,0,0,0,0,0,0,0,0,0,0
410341,1,1,1991,22,22,22,22,22,22,22,22,22,22
410342,0,1,1991,36,36,36,36,36,36,36,36,36,36
410342,1,1,1991,0,0,0,0,0,0,0,0,0,0
410342,2,1,1991,0,0,0,0,0,0,0,0,0,7
410342,3,1,1991,0,0,25,0,0,0,0,0,0,0
410343,0,1,1991,0,0,0,0,0,0,0,0,0,0
410343,2,1,1991,2,2,2,2,2,2,2,2,2,2
410343,3,1,1991,2,2,2,2,2,2,2,2,2,2
410344,1,1,1991,0,0,0,0,0,0,0,0,0,0
410344,2,1,1991,0,0,0,0,0,0,0,0,0,0
410345,1,1,1991,0,0,0,0,0,0,0,0,0,0
410345,2,1,1991,8,8,8,8,8,8,8,8,8,8
410345,3,1,1991,0,0,0,0,0,0,0,0,0,0
410346,1,1,1991,22,22,22,22,22,22,22,22,22,22
410346,2,1,1991,0,0,0,0,0,0,0,0,0,0
410347,1,1,1991,18,18,18,18,18,18,18,18,18,18
410348,1,1,1991,0,0,0,0,0,0,0,0,0,0
410348,2,1,1991,0,0,0,0,0,0,0,0,0,0
410349,1,1,1991,26,26,26,26,26,26,26,26,26,26
410349,2,1,1991,0,0,0,0,0,0,0,0,0,0
410351,1,1,1991,31,31,31,31,31,31,31,31,31,31
410352,1,1,1991,14,14,14,14,14,14,14,14,14,14
410353,1,1,1991,23,23,23,23,23,23,23,23,23,23
410354,1,1,1991,17,17,17,17,17,17,17,17,17,17
410355,1,1,1991,0,0,0,0,0,0,0,0,0,0
410355,2,1,1991,0,0,0,0,0,0,0,0,0,0
410355,3,1,1991,0,0,0,0,0,0,0,0,0,0
410356,1,1,1991,26,26,26,26,26,26,26,26,26,26
410357,1,1,1991,31,0,0,0,0,0,0,0,0,0
410358,1,1,1991,18,18,18,18,18,18,18,18,18,18
410359,1,1,1991,0,0,0,0,0,0,0,0,0,0
410360,1,1,1991,0,0,0,0,0,0,0,0,0,0
410361,1,1,1991,27,27,27,27,27,27,27,27,27,27
410362,1,1,1991,16,16,16,16,16,16,16,16,16,16
410363,1,1,1991,0,0,0,0,0,0,0,0,0,0
410364,1,1,1991,6,6,6,6,6,6,6,6,6,6
410365,1,1,1991,0,0,0,0,0,0,0,0,0,0
410365,2,1,1991,0,0,17,0,0,0,0,0,0,0
410366,1,1,1991,23,23,23,23,23,23,23,23,23,23
410366,2,1,1991,0,0,0,0,0,0,0,0,0,0
410367,1,1,1991,0,0,0,0,0,0,0,0,0,0
410367,2,1,1991,0,0,0,0,0,7,0,0,0,0
410368,1,1,1991,21,21,21,21,21,21,21,21,21,21
410369,1,1,1991,23,23,23,23,23,23,23,23,23,23
410370,1,1,1991,0,0,0,0,0,0,0,0,0,0
410371,1,1,1991,0,0,0,0,0,0,0,0,0,0
410371,2,1,1991,0,0,0,0,0,0,0,0,0,0
410372,1,1,1991,0,0,0,0,0,0,0,0,0,0
410372,2,1,1991,0,0,0,0,0,0,0,0,0,0
410373,1,1,1991,38,38,38,38,38,38,38,38,38,38
410374,1,1,1991,0,0,0,0,0,0,0,0,0,0
410375,1,1,1991,11,11,11,11,11,11,11,11,11,11
410376,0,1,1991,7,7,7,7,7,7,7,7,7,7
410376,1,1,1991,0,0,0,0,0,0,0,0,0,0
410377,1,1,1991,16,0,0,0,0,0,0,0,0,0
410377,2,1,1991,0,0,0,0,0,0,0,0,0,0
410378,1,1,1991,15,0,0,0,0,0,0,0,0,13
410378,2,1,1991,0,0,0,0,0,0,0,9,0,0
410379,1,1,1991,0,0,0,0,0,0,0,0,0,0
410379,2,1,1991,0,0,0,0,0,0,0,0,0,0
410380,1,1,1991,12,12,12,12,12,12,12,12,12,12
410381,1,1,1991,0,0,0,0,0,0,0,0,0,0
410382,1,1,1991,21,21,21,21,21,21,21,21,21,21
410382,2,1,1991,0,0,0,0,0,0,0,0,0,0
410383,1,1,1991,14,14,14,14,14,14,14,14,14,14
410384,1,1,1991,3,20,17,16,21,12,18,9,8,9
410384,2,1,1991,0,0,0,0,0,0,0,0,0,0
410386,1,1,1991,15,15,15,15,15,15,15,15,15,15
410387,1,1,1991,0,0,0,0,0,0,0,0,0,0
410388,0,1,1991,0,0,0,0,0,0,0,0,0,0
410388,1,1,1991,0,0,0,0,0,0,0,0,0,0
410389,1,1,1991,0,0,0,0,0,0,0,0,0,0
410389,2,1,1991,0,0,0,0,0,0,0,0,0,0
410390,1,1,1991,15,15,15,15,15,15,15,15,15,15
410391,1,1,1991,11,11,11,11,11,11,11,11,11,11
410392,0,1,1991,17,17,17,17,17,17,17,17,17,17
410392,1,1,1991,0,0,0,0,0,0,0,0,0,0
410393,0,1,1991,0,0,0,0,0,0,0,0,0,0
410393,1,1,1991,0,0,0,0,0,0,0,0,0,0
410394,0,1,1991,0,0,0,0,0,0,0,0,0,0
410394,1,1,1991,0,0,0,0,0,0,0,0,0,0
410395,1,1,1991,0,0,0,0,0,0,0,0,0,0
410397,0,1,1991,0,0,0,0,0,0,0,0,0,0
410397,1,1,1991,0,0,0,0,0,0,0,0,0,0
410397,2,1,1991,0,0,0,0,0,0,0,16,0,0
410398,1,1,1991,0,0,0,0,0,0,0,0,0,0
410398,2,1,1991,0,0,0,0,0,0,0,0,0,0
410399,1,1,1991,0,0,0,0,0,0,0,0,0,0
410399,2,1,1991,0,0,0,0,0,0,0,0,0,0
410401,1,1,1991,0,0,0,0,0,0,0,0,0,0
410401,2,1,1991,0,0,0,0,0,0,0,0,0,0
410402,0,1,1991,0,0,0,0,0,0,0,0,0,0
410402,1,1,1991,0,0,0,0,0,13,0,0,0,0
410403,0,1,1991,40,40,40,40,40,40,40,40,40,40
410403,1,1,1991,0,0,0,0,0,0,0,0,0,0
410404,1,1,1991,0,0,0,0,0,0,0,0,0,0
410405,1,1,1991,27,0,0,0,0,0,19,0,0,0
410406,1,1,1991,9,9,9,9,9,9,9,9,9,9
410407,1,1,1991,11,11,11,11,11,11,11,11,11,11
410408,1,1,1991,0,0,0,0,0,0,0,0,0,0
410408,2,1,1991,0,11,0,0,0,0,0,0,0,0
410409,1,1,1991,0,0,0,0,0,0,0,0,0,0
410409,2,1,1991,0,0,0,0,0,0,0,0,0,0
410411,1,1,1991,18,18,18,18,18,18,18,18,18,18
410412,1,1,1991,0,0,0,0,0,0,0,0,0,0
410412,2,1,1991,13,13,13,13,13,13,13,13,13,13
410413,1,1,1991,0,0,0,0,0,0,0,0,0,0
410414,1,1,1991,0,0,0,0,0,0,0,0,0,0
410414,2,1,1991,0,0,0,0,0,0,0,0,0,0
410415,1,1,1991,0,0,0,0,0,0,0,0,0,0
410415,2,1,1991,0,0,0,0,0,0,0,0,0,0
410417,1,1,1991,11,11,11,11,11,11,11,11,11,11
410418,0,1,1991,0,0,0,0,0,0,0,0,0,0
410418,1,1,1991,0,0,0,0,0,0,0,0,0,0
410419,1,1,1991,0,0,0,0,0,0,0,0,0,0
410419,2,1,1991,0,0,0,0,0,0,0,0,0,0
410420,1,1,1991,15,15,15,15,15,15,15,15,15,15
410420,2,1,1991,0,0,0,0,0,0,0,0,0,0
410421,1,1,1991,23,23,23,23,23,23,23,23,23,23
410421,2,1,1991,0,0,0,0,0,0,0,0,0,0
410422,1,1,1991,0,0,0,0,0,0,0,0,0,0
410423,1,1,1991,17,17,17,17,17,17,17,17,17,17
410425,1,1,1991,0,0,0,0,0,0,0,0,0,0
410426,1,1,1991,0,0,0,0,0,4,0,0,0,0
410427,0,1,1991,0,0,0,0,0,0,0,0,0,0
410427,1,1,1991,0,0,0,0,0,0,0,0,0,0
410428,1,1,1991,0,0,0,0,0,0,0,0,0,0
410429,1,1,1991,0,0,0,0,0,0,0,0,0,0
410430,1,1,1991,19,19,19,19,19,19,19,19,19,19
410431,1,1,1991,0,0,0,0,0,0,0,0,0,0
410431,2,1,1991,0,0,0,0,0,0,0,0,0,0
410432,0,1,1991,0,0,0,0,0,0,0,0,0,0
410432,1,1,1991,23,23,23,23,23,23,23,23,23,23
410433,1,1,1991,0,0,0,0,0,0,0,0,0,0
410434,1,1,1991,0,0,0,0,0,0,0,0,0,0
410434,2,1,1991,0,0,0,0,0,0,11,0,0,0
410434,3,1,1991,0,0,0,0,0,0,0,0,15,0
410435,1,1,1991,2,2,2,2,2,2,2,2,2,2
410436,1,1,1991,0,0,0,0,0,0,0,0,0,0
410438,1,1,1991,6,6,6,6,6,6,6,6,6,6
410439,1,1,1991,21,21,21,21,21,21,21,21,21,21
410440,1,1,1991,0,0,0,0,0,0,0,0,0,0
410441,1,1,1991,0,0,0,0,0,0,0,0,0,0
410441,2,1,1991,0,0,0,0,0,0,0,0,0,0
410442,0,1,1991,0,0,0,0,0,0,0,0,0,0
410442,0,2,1991,0,0,0,0,0,0,0,0,0,0
410442,1,1,1991,0,0,0,0,0,15,0,0,0,0
410443,1,1,1991,0,0,0,0,0,0,0,0,0,0
410443,2,1,1991,0,0,0,0,0,0,0,0,0,0
410444,0,1,1991,12,12,12,12,12,12,12,12,12,12
410444,1,1,1991,32,12,0,0,9,0,0,0,13,0
410445,1,1,1991,16,16,16,16,16,16,16,16,16,16
410446,1,1,1991,14,14,14,14,14,14,14,14,14,14
410447,1,1,1991,0,0,0,0,0,0,0,0,0,0
410447,2,1,1991,0,0,0,0,0,0,0,0,0,0
410448,1,1,1991,0,0,0,0,0,0,0,0,0,0
410448,2,1,1991,0,0,0,0,0,0,0,0,0,0
410449,1,1,1991,0,0,0,0,0,0,0,0,0,0
410451,1,1,1991,0,0,0,0,0,0,0,0,0,0
410451,2,1,1991,0,0,0,0,0,0,0,0,0,0
420001,1,1,1991,22,22,22,22,22,22,22,22,22,22
420002,0,1,1991,0,0,0,0,0,0,0,0,0,0
420002,1,1,1991,0,0,0,0,0,0,0,0,12,0
420003,1,1,1991,0,0,0,0,0,0,0,0,0,0
420003,2,1,1991,0,0,0,0,0,0,0,0,0,0
420004,0,1,1991,0,0,0,0,0,0,0,0,0,0
420004,1,1,1991,0,0,0,0,0,0,0,0,0,0
420005,1,1,1991,30,30,30,30,30,30,30,30,30,30
420006,1,1,1991,0,0,0,0,0,0,0,0,0,0
420006,2,1,1991,0,0,0,0,0,0,0,0,0,0
420007,0,1,1991,0,0,0,0,0,0,0,0,0,0
420007,1,1,1991,0,0,0,0,0,0,0,0,0,0
420008,1,1,1991,0,0,0,0,0,0,0,0,0,0
420008,2,1,1991,0,0,0,0,0,0,0,0,0,0
420008,3,1,1991,0,0,0,0,0,0,0,0,0,0
420009,1,1,1991,11,5,19,10,17,0,13,5,6,13
420009,2,1,1991,0,0,9,12,0,0,0,0,29,0
420010,1,1,1991,0,7,0,0,0,0,0,0,0,0
420010,2,1,1991,13,13,13,13,13,13,13,13,13,13
420011,1,1,1991,22,22,22,22,22,22,22,22,22,22
420012,1,1,1991,23,15,7,11,18,0,0,0,14,10
420013,1,1,1991,8,8,8,8,8,8,8,8,8,8
420014,1,1,1991,0,0,0,0,0,2,0,21,0,0
420014,2,1,1991,0,0,0,0,0,0,0,0,0,0
420015,1,1,1991,0,0,0,0,0,0,0,0,0,0
420015,2,1,1991,0,0,0,0,0,0,0,0,0,0
420016,1,1,1991,0,0,20,0,0,0,14,0,7,0
420017,0,1,1991,0,0,0,0,0,0,0,0,0,0
420017,1,1,1991,0,0,25,0,0,0,0,18,0,0
420018,1,1,1991,0,0,0,0,0,0,0,0,0,0
420019,0,1,1991,0,0,0,0,0,0,0,0,0,0
420019,1,1,1991,0,0,0,0,0,0,0,0,0,0
420020,1,1,1991,0,0,0,0,0,0,0,0,0,0
420021,1,1,1991,23,23,23,23,23,23,23,23,23,23
420022,1,1,1991,25,25,25,25,25,25,25,25,25,25
420023,1,1,1991,0,0,0,0,0,0,0,0,0,0
420024,1,1,1991,26,26,26,26,26,26,26,26,26,26
420024,2,1,1991,0,0,0,0,0,0,0,0,0,0
420025,1,1,1991,0,0,0,0,0,0,0,0,0,0
420025,2,1,1991,0,15,0,0,0,0,0,0,0,0
420026,0,1,1991,21,21,21,21,21,21,21,21,21,21
420026,1,1,1991,0,0,0,0,0,0,0,0,0,0
420027,1,1,1991,0,0,0,0,0,0,0,0,0,0
420027,2,1,1991,0,0,0,0,0,0,0,0,0,0
420027,3,1,1991,0,14,0,0,0,0,0,0,0,0
420029,1,1,1991,0,0,0,0,0,0,0,0,0,0
420029,2,1,1991,24,24,24,24,24,24,24,24,24,24
420030,1,1,1991,0,0,0,0,0,0,0,0,0,0
420030,2,1,1991,0,0,0,0,0,0,0,0,0,0
420031,1,1,1991,20,20,20,20,20,20,20,20,20,20
420032,1,1,1991,25,25,25,25,25,25,25,25,25,25
420033,1,1,1991,21,21,21,21,21,21,21,21,21,21
420033,2,1,1991,0,0,0,0,0,0,0,0,0,0
420034,1,1,1991,0,0,0,0,0,0,0,0,0,0
420034,2,1,1991,0,0,0,0,0,0,0,0,0,0
420035,1,1,1991,0,0,0,0,0,0,0,0,0,0
420036,1,1,1991,1,1,1,1,1,1,1,1,1,1
420036,2,1,1991,0,0,0,0,0,0,0,0,0,0
420037,1,1,1991,16,16,16,16,16,16,16,16,16,16
420038,1,1,1991,0,0,14,30,0,0,0,0,0,0
420039,1,1,1991,14,14,14,14,14,14,14,14,14,14
420039,2,1,1991,15,15,15,15,15,15,15,15,15,15
420039,3,1,1991,20,20,20,20,20,20,20,20,20,20
420040,1,1,1991,43,43,43,43,43,43,43,43,43,43
420041,1,1,1991,21,21,21,21,21,21,21,21,21,21
420041,2,1,1991,0,10,0,0,0,0,0,0,0,0
420042,1,1,1991,0,0,0,0,0,0,0,0,0,0
420042,2,1,1991,24,24,24,24,24,24,24,24,24,24
420043,1,1,1991,0,0,0,0,0,0,0,0,0,0
420044,1,1,1991,19,19,19,19,19,19,19,19,19,19
420045,1,1,1991,18,18,18,18,18,18,18,18,18,18
420046,1,1,1991,2,2,2,2,2,2,2,2,2,2
420047,1,1,1991,0,0,0,0,0,0,0,0,0,0
420048,1,1,1991,19,19,19,19,19,19,19,19,19,19
420049,1,1,1991,24,24,24,24,24,24,24,24,24,24
420049,2,1,1991,0,0,0,0,0,0,0,0,0,0
420050,1,1,1991,7,7,7,7,7,7,7,7,7,7
420050,2,1,1991,0,0,0,0,0,0,0,0,0,0
420050,3,1,1991,17,0,13,19,10,0,15,0,7,15
420051,1,1,1991,0,0,0,0,0,0,0,0,0,0
420052,1,1,1991,12,12,12,12,12,12,12,12,12,12
420052,2,1,1991,0,0,0,0,0,0,0,0,0,0
420052,3,1,1991,0,0,0,0,0,0,0,0,0,0
420053,1,1,1991,0,0,0,9,0,0,0,0,0,0
420054,0,1,1991,0,0,0,0,0,0,0,0,0,0
420054,1,1,1991,0,0,0,0,0,0,19,0,0,0
420055,1,1,1991,14,14,14,14,14,14,14,14,14,14
420057,1,1,1991,0,0,0,0,0,0,0,0,0,0
420057,2,1,1991,0,0,0,0,0,0,0,0,0,0
420058,1,1,1991,0,0,0,0,0,0,0,0,0,0
420058,2,1,1991,0,0,0,0,9,32,0,0,0,0
420059,0,1,1991,0,0,0,0,0,0,0,0,0,0
420059,1,1,1991,0,0,0,0,0,0,0,0,0,0
420060,1,1,1991,0,0,0,0,0,0,0,0,0,0
420061,1,1,1991,13,13,13,13,13,13,13,13,13,13
420062,0,1,1991,0,0,0,0,0,0,0,0,0,0
420062,1,1,1991,0,0,0,0,0,0,0,0,0,0
420063,1,1,1991,0,0,0,0,0,0,0,0,0,0
420065,1,1,1991,30,30,30,30,30,30,30,30,30,30
420066,1,1,1991,0,0,0,0,0,0,0,0,0,0
420066,2,1,1991,0,0,0,0,0,0,0,0,0,0
420067,1,1,1991,0,0,0,0,0,0,0,0,0,0
420067,2,1,1991,0,0,0,0,0,0,0,0,0,0
420068,1,1,1991,0,0,0,0,0,0,0,0,0,0
420068,2,1,1991,0,0,0,0,0,0,0,0,0,0
420069,1,1,1991,0,0,0,0,0,0,0,0,0,0
420069,2,1,1991,0,0,0,0,0,0,0,0,0,0
420070,1,1,1991,0,0,0,0,0,0,0,0,0,0
420071,1,1,1991,41,41,41,41,41,41,41,41,41,41
420072,1,1,1991,0,0,0,0,0,0,0,0,18,0
420072,2,1,1991,0,0,0,0,0,0,0,0,0,0
420073,1,1,1991,0,0,0,0,0,0,0,0,0,0
420074,1,1,1991,0,0,0,0,0,0,0,0,0,0
420074,2,1,1991,0,0,0,0,0,0,0,0,0,0
420075,0,1,1991,38,38,38,38,38,38,38,38,38,38
420075,1,1,1991,0,0,0,0,0,0,0,0,0,0
420076,0,1,1991,0,0,0,0,0,0,0,0,0,0
420076,1,1,1991,0,0,0,0,0,25,0,0,0,0
420077,1,1,1991,19,0,10,24,0,21,0,19,0,13
420078,1,1,1991,27,27,27,27,27,27,27,27,27,27
420078,2,1,1991,0,0,0,0,0,0,0,0,0,0
420079,1,1,1991,0,0,0,0,0,0,0,0,0,0
420079,2,1,1991,0,0,0,0,0,0,12,0,0,0
420080,1,1,1991,18,18,18,18,18,18,18,18,18,18
420081,0,1,1991,0,0,0,0,0,0,0,0,0,0
420081,1,1,1991,12,12,12,12,12,12,12,12,12,12
420082,0,1,1991,0,17,19,0,8,11,0,0,0,14
420082,1,1,1991,0,0,0,0,0,0,0,0,0,0
420082,2,1,1991,0,0,0,0,0,0,0,0,0,0
420083,1,1,1991,0,0,0,0,0,0,0,0,0,0
420084,1,1,1991,0,0,0,0,0,0,0,0,0,0
420084,2,1,1991,0,0,0,0,5,0,0,0,0,0
420085,1,1,1991,0,0,0,0,0,0,0,0,0,0
420086,1,1,1991,0,0,0,0,0,0,0,0,0,0
420086,2,1,1991,0,0,0,0,0,0,0,0,0,0
420087,1,1,1991,25,25,25,25,25,25,25,25,25,25
420088,1,1,1991,0,0,0,0,0,0,0,0,0,0
420088,2,1,1991,0,0,0,0,0,0,0,0,0,0
420089,1,1,1991,17,17,17,17,17,17,17,17,17,17
420090,1,1,1991,0,0,0,0,0,0,0,0,0,0
420091,1,1,1991,0,0,0,0,0,0,0,0,0,0
420091,2,1,1991,0,0,0,0,0,0,0,0,0,0
420092,1,1,1991,0,0,0,0,0,0,0,0,0,0
420092,2,1,1991,0,0,0,0,0,0,0,0,0,0
420093,1,1,1991,0,0,0,0,0,0,0,0,0,0
420093,2,1,1991,0,0,0,0,0,0,0,0,0,0
420094,1,1,1991,7,7,7,7,7,7,7,7,7,7
420095,1,1,1991,0,0,0,0,0,0,0,0,0,0
420096,1,1,1991,21,13,15,8,7,16,6,12,17,14
420096,2,1,1991,0,0,0,0,0,0,0,0,0,0
420096,3,1,1991,0,0,0,0,0,0,0,0,12,9
420097,1,1,1991,11,11,11,11,11,11,11,11,11,11
420098,1,1,1991,0,0,0,0,0,0,0,0,0,0
420098,2,1,1991,0,0,0,0,0,0,0,0,0,0
420099,1,1,1991,0,0,0,0,0,0,0,0,0,0
420100,1,1,1991,16,16,16,16,16,16,16,16,16,16
420100,2,1,1991,0,0,0,0,0,0,0,0,0,0
420100,3,1,1991,0,0,0,0,0,0,0,0,0,0
420101,0,1,1991,0,0,0,0,0,0,0,0,0,0
420101,1,1,1991,0,0,0,0,0,0,0,0,0,0
420102,1,1,1991,26,26,26,26,26,26,26,26,26,26
420103,1,1,1991,18,18,18,18,18,18,18,18,18,18
420104,1,1,1991,12,12,12,12,12,12,12,12,12,12
420104,2,1,1991,0,0,0,0,0,0,0,0,0,0
420105,1,1,1991,0,0,0,0,0,0,0,0,0,0
420106,1,1,1991,18,18,18,18,18,18,18,18,18,18
420107,1,1,1991,0,0,0,0,0,0,0,0,0,0
420107,2,1,1991,0,0,0,0,0,0,0,0,0,0
420108,1,1,1991,0,0,0,0,0,0,0,0,0,0
420108,2,1,1991,0,0,0,0,0,0,0,0,0,0
420108,3,1,1991,0,0,0,0,0,0,0,0,0,0
420109,0,1,1991,42,9,17,0,0,25,0,0,0,0
420109,1,1,1991,0,0,0,0,0,21,0,0,0,0
420110,1,1,1991,25,25,25,25,25,25,25,25,25,25
420111,1,1,1991,0,0,0,0,0,0,0,0,0,0
420111,2,1,1991,1,1,1,1,1,1,1,1,1,1
420112,1,1,1991,0,0,0,0,0,0,0,0,0,0
420112,2,1,1991,0,0,0,0,0,0,0,0,0,0
420113,1,1,1991,19,19,19,19,19,19,19,19,19,19
420114,1,1,1991,0,0,0,0,0,0,0,0,0,0
420114,2,1,1991,0,0,0,0,0,0,0,0,0,0
420115,1,1,1991,11,11,11,11,11,11,11,11,11,11
420116,1,1,1991,2,2,2,2,2,2,2,2,2,2
420116,2,1,1991,0,0,0,0,0,0,0,35,0,0
420118,1,1,1991,14,14,14,14,14,14,14,14,14,14
420119,1,1,1991,0,0,0,0,0,0,0,0,0,0
420119,2,1,1991,0,0,0,0,0,0,0,0,0,0
420120,1,1,1991,0,0,0,0,0,0,0,0,0,0
420121,1,1,1991,0,0,0,0,0,0,0,0,0,0
420121,2,1,1991,0,0,0,0,0,0,0,0,0,0
420121,3,1,1991,0,0,16,0,0,0,0,0,0,0
420121,4,1,1991,0,0,0,0,0,0,0,0,0,0
420122,1,1,1991,0,0,0,0,0,0,0,0,0,0
420122,2,1,1991,0,0,0,0,0,0,0,0,0,0
420123,1,1,1991,0,0,0,0,0,0,0,0,0,0
420124,1,1,1991,21,21,21,21,21,21,21,21,21,21
420124,2,1,1991,0,0,0,0,0,0,0,7,0,0
420125,1,1,1991,0,0,0,0,0,0,0,0,0,0
420126,1,1,1991,27,27,27,27,27,27,27,27,27,27
420127,1,1,1991,0,0,0,0,8,0,0,0,0,0
420128,1,1,1991,0,0,0,0,21,0,18,0,0,0
420129,1,1,1991,0,18,17,0,0,0,0,0,0,0
420130,0,1,1991,0,0,0,0,11,0,0,0,0,0
420130,1,1,1991,0,0,0,0,0,0,0,0,0,0
420131,1,1,1991,20,20,20,20,20,20,20,20,20,20
420131,2,1,1991,0,0,0,0,0,0,0,0,0,0
420132,1,1,1991,0,0,0,0,0,0,0,0,0,0
420133,1,1,1991,0,0,0,0,0,0,0,0,0,0
420133,2,1,1991,0,0,0,0,0,0,0,0,0,0
420134,1,1,1991,0,0,0,0,0,0,0,0,0,0
420134,2,1,1991,0,0,0,0,0,0,0,0,0,0
420134,3,1,1991,0,0,0,0,0,0,0,0,0,0
420135,1,1,1991,0,0,0,0,0,0,0,0,0,0
420135,2,1,1991,0,0,0,0,0,0,0,0,0,0
420135,3,1,1991,0,0,0,0,0,0,0,0,0,0
420135,4,1,1991,0,0,0,0,0,0,0,0,0,0
420135,5,1,1991,0,0,0,0,0,0,0,0,0,0
420135,6,1,1991,0,0,0,0,0,0,0,0,0,0
420135,7,1,1991,0,0,0,0,0,0,0,0,0,0
420135,8,1,1991,0,0,0,0,0,0,0,0,0,0
420135,9,1,1991,0,0,0,0,0,0,0,0,0,0
420135,10,1,1991,0,0,0,0,0,0,0,0,0,0
420135,11,1,1991,0,0,0,0,0,0,0,0,0,0
420135,12,1,1991,0,0,0,0,0,0,0,0,0,0
420135,13,1,1991,0,0,0,0,0,0,0,0,0,0
420135,14,1,1991,0,0,0,0,0,0,0,0,0,0
420135,15,1,1991,0,0,0,0,0,0,13,0,0,0
420135,16,1,1991,0,0,0,0,0,0,0,0,0,0
420135,17,1,1991,0,0,0,0,0,0,0,0,0,0
420136,1,1,1991,19,19,19,19,19,19,19,19,19,19
420137,1,1,1991,0,0,6,0,0,0,0,0,0,0
420137,2,1,1991,0,0,0,0,0,0,0,0,0,0
420137,3,1,1991,0,0,0,0,0,0,0,0,9,0
420137,4,1,1991,5,6,0,0,10,11,8,18,0,44
420137,5,1,1991,0,0,16,0,0,5,0,0,0,0
420138,1,1,1991,0,0,0,0,0,0,0,0,0,0
420138,2,1,1991,12,14,12,27,30,34,18,23,5,22
420139,1,1,1991,0,0,0,0,0,0,0,0,0,0
420139,2,1,1991,0,0,0,0,0,0,0,0,0,0
420140,1,1,1991,10,10,10,10,10,10,10,10,10,10
420141,1,1,1991,22,22,22,22,22,22,22,22,22,22
420141,2,1,1991,0,0,0,0,0,0,0,0,0,0
420142,0,1,1991,26,26,26,26,26,26,26,26,26,26