ST_CASE,VEH_NO,PER_NO,YEAR,P1,P2,P3,P4,P5,P6,P7,P8,P9,P10
420725,0,1,1991,24,24,24,24,24,24,24,24,24,24
420725,1,1,1991,0,0,0,0,0,0,0,0,0,0
420726,1,1,1991,0,0,0,0,0,0,0,0,0,0
420727,1,1,1991,0,0,0,0,0,0,0,0,0,0
420728,1,1,1991,0,0,0,0,0,0,0,0,0,0
420729,1,1,1991,0,0,0,0,0,0,13,0,0,0
420729,2,1,1991,0,0,0,0,0,0,0,0,0,0
420730,1,1,1991,0,0,0,0,0,0,0,0,0,0
420731,1,1,1991,15,15,15,15,15,15,15,15,15,15
420731,2,1,1991,0,0,0,0,0,0,0,0,0,0
420732,0,1,1991,18,14,5,12,8,24,26,30,0,23
420732,1,1,1991,0,0,0,0,0,0,0,0,0,0
420733,1,1,1991,0,0,0,0,0,0,0,0,0,0
420733,2,1,1991,0,0,0,0,0,0,0,0,0,0
420734,1,1,1991,0,0,0,0,0,0,0,0,0,0
420735,1,1,1991,25,25,25,25,25,25,25,25,25,25
420736,1,1,1991,22,22,22,22,22,22,22,22,22,22
420736,2,1,1991,0,0,0,0,0,0,0,0,0,0
420737,1,1,1991,0,0,3,0,12,0,0,0,0,0
420737,2,1,1991,0,0,0,0,0,0,0,0,0,5
420738,1,1,1991,14,14,14,14,14,14,14,14,14,14
420738,2,1,1991,0,0,0,0,0,0,0,0,0,0
420739,1,1,1991,21,21,21,21,21,21,21,21,21,21
420740,1,1,1991,20,20,20,20,20,20,20,20,20,20
420741,1,1,1991,0,0,0,0,0,0,0,0,0,0
420741,2,1,1991,19,23,0,0,0,12,0,0,26,15
420742,1,1,1991,0,0,0,0,0,0,0,0,0,0
420743,1,1,1991,0,0,0,0,0,0,0,0,0,0
420744,1,1,1991,0,0,0,0,0,0,0,0,0,0
420745,1,1,1991,0,0,0,0,0,0,0,0,0,0
420746,1,1,1991,0,0,0,0,0,0,0,0,0,0
420746,2,1,1991,0,0,0,0,0,0,0,0,0,0
420746,3,1,1991,0,0,0,0,0,0,0,0,0,0
420746,4,1,1991,0,0,0,0,0,0,0,0,0,0
420747,1,1,1991,0,0,0,0,0,0,0,0,0,0
420747,2,1,1991,0,0,0,0,0,0,0,0,0,0
420748,1,1,1991,0,0,0,0,0,0,0,0,0,0
420748,2,1,1991,0,0,0,0,0,0,0,0,0,0
420749,1,1,1991,0,0,0,0,0,0,0,0,0,0
420750,1,1,1991,20,20,20,20,20,20,20,20,20,20
420750,2,1,1991,0,0,0,0,0,0,0,0,0,0
420751,1,1,1991,13,10,0,16,0,0,17,8,0,18
420752,1,1,1991,19,19,19,19,19,19,19,19,19,19
420753,1,1,1991,30,30,30,30,30,30,30,30,30,30
420754,1,1,1991,26,26,26,26,26,26,26,26,26,26
420755,1,1,1991,0,0,0,0,0,0,0,0,0,0
420756,0,1,1991,0,0,0,0,0,0,0,0,0,0
420756,1,1,1991,0,0,0,0,0,0,0,0,0,0
420757,0,1,1991,0,0,0,0,0,0,0,0,0,0
420757,1,1,1991,11,0,0,0,0,0,7,0,0,0
420758,1,1,1991,0,0,0,0,0,0,0,0,0,0
420759,1,1,1991,0,0,0,0,0,0,0,0,0,0
420760,1,1,1991,0,0,0,0,0,0,0,0,0,0
420760,2,1,1991,0,0,0,0,0,0,0,0,0,0
420761,0,1,1991,0,11,15,0,0,0,0,20,0,0
420761,1,1,1991,12,12,12,12,12,12,12,12,12,12
420762,0,1,1991,0,0,0,0,0,0,0,0,0,0
420762,1,1,1991,0,0,0,6,0,14,0,0,0,0
420763,1,1,1991,0,0,0,0,4,14,0,0,0,0
420764,1,1,1991,0,0,0,0,0,0,0,0,0,0
420764,2,1,1991,0,0,0,0,0,0,0,0,0,0
420765,1,1,1991,22,22,22,22,22,22,22,22,22,22
420766,1,1,1991,0,0,0,0,0,0,0,0,0,0
420767,1,1,1991,0,0,0,0,0,0,0,0,0,0
420767,2,1,1991,3,0,0,15,0,18,0,0,0,0
420767,3,1,1991,0,0,0,0,0,0,0,0,0,0
420768,1,1,1991,17,17,17,17,17,17,17,17,17,17
420768,2,1,1991,0,0,0,0,0,0,0,0,0,0
420769,1,1,1991,0,0,0,0,0,0,0,0,0,0
420770,1,1,1991,22,22,22,22,22,22,22,22,22,22
420771,1,1,1991,0,0,0,0,0,0,0,0,0,0
420771,2,1,1991,0,0,0,20,0,27,4,0,6,19
420772,1,1,1991,17,17,17,17,17,17,17,17,17,17
420773,1,1,1991,0,0,0,0,21,0,0,0,14,0
420773,2,1,1991,0,0,0,0,0,0,0,8,0,0
420774,1,1,1991,27,27,27,27,27,27,27,27,27,27
420775,1,1,1991,0,0,0,0,0,0,0,0,0,0
420775,2,1,1991,0,0,0,0,0,0,0,0,0,0
420775,3,1,1991,0,0,0,0,0,0,8,10,0,0
420776,1,1,1991,22,0,0,0,27,0,0,0,10,16
420777,1,1,1991,13,13,13,13,13,13,13,13,13,13
420778,1,1,1991,0,0,0,0,0,0,0,0,0,0
420779,1,1,1991,32,32,32,32,32,32,32,32,32,32
420779,2,1,1991,0,0,0,0,0,0,0,0,0,0
420780,1,1,1991,26,22,0,0,22,0,0,0,0,0
420781,1,1,1991,26,26,26,26,26,26,26,26,26,26
420782,1,1,1991,13,13,13,13,13,13,13,13,13,13
420782,2,1,1991,11,11,11,11,11,11,11,11,11,11
420783,1,1,1991,0,0,0,0,0,0,0,0,0,0
420784,1,1,1991,17,17,17,17,17,17,17,17,17,17
420785,1,1,1991,13,13,13,13,13,13,13,13,13,13
420786,1,1,1991,18,18,18,18,18,18,18,18,18,18
420787,1,1,1991,0,0,0,0,0,0,0,0,0,0
420787,2,1,1991,0,0,0,0,0,0,0,0,0,0
420788,1,1,1991,0,0,0,0,0,0,0,0,19,0
420788,2,1,1991,0,0,0,0,0,0,0,0,0,0
420790,1,1,1991,0,0,0,0,0,0,0,0,0,0
420790,2,1,1991,0,0,0,0,0,0,0,0,0,0
420790,3,1,1991,0,0,0,0,0,0,0,0,0,0
420791,1,1,1991,0,18,13,0,0,0,10,0,0,19
420792,1,1,1991,0,0,0,0,0,0,0,0,0,0
420793,1,1,1991,35,35,35,35,35,35,35,35,35,35
420794,1,1,1991,11,11,11,11,11,11,11,11,11,11
420795,1,1,1991,7,7,7,7,7,7,7,7,7,7
420796,1,1,1991,19,19,19,19,19,19,19,19,19,19
420797,1,1,1991,0,0,0,0,0,0,0,0,0,0
420797,2,1,1991,0,0,0,0,0,0,0,0,0,0
420798,1,1,1991,19,19,19,19,19,19,19,19,19,19
420799,1,1,1991,0,0,0,0,0,0,0,0,0,0
420799,2,1,1991,13,13,13,13,13,13,13,13,13,13
420800,1,1,1991,27,27,27,27,27,27,27,27,27,27
420800,2,1,1991,0,0,0,0,0,0,0,0,0,0
420801,1,1,1991,0,0,0,0,0,0,0,0,0,0
420802,1,1,1991,16,16,16,16,16,16,16,16,16,16
420802,2,1,1991,0,0,0,0,0,0,0,0,0,0
420803,1,1,1991,0,0,0,0,0,0,0,0,0,0
420803,2,1,1991,0,0,0,0,0,0,0,0,0,0
420804,0,1,1991,24,0,0,30,0,0,22,0,0,0
420804,1,1,1991,0,0,0,0,14,10,0,6,0,0
420805,1,1,1991,0,0,0,0,0,0,0,0,0,0
420805,2,1,1991,0,0,0,0,0,0,0,0,10,0
420806,0,1,1991,0,0,0,0,0,0,0,0,0,0
420806,1,1,1991,0,0,0,0,0,0,0,0,0,0
420807,0,1,1991,0,0,0,0,0,0,0,0,0,0
420807,1,1,1991,2,2,2,2,2,2,2,2,2,2
420808,1,1,1991,12,12,12,12,12,12,12,12,12,12
420808,2,1,1991,0,0,0,0,0,0,4,0,17,0
420809,1,1,1991,0,0,0,0,0,0,0,0,0,0
420809,2,1,1991,0,0,0,0,0,0,8,0,0,0
420810,1,1,1991,0,0,0,0,0,0,0,0,0,0
420810,2,1,1991,3,0,5,3,0,0,0,0,16,0
420810,3,1,1991,0,0,25,0,0,0,0,11,0,29
420811,1,1,1991,16,7,15,18,13,4,19,13,15,21
420812,1,1,1991,0,0,0,0,0,0,0,0,0,0
420813,0,1,1991,0,0,0,0,0,0,0,0,0,0
420813,1,1,1991,9,0,0,0,0,0,0,0,0,0
420814,1,1,1991,15,12,15,16,0,15,18,28,29,30
420814,2,1,1991,0,0,0,12,11,0,0,0,0,0
420815,1,1,1991,0,0,0,0,0,0,0,0,0,0
420815,2,1,1991,0,0,0,0,0,0,0,0,0,0
420815,3,1,1991,0,0,0,0,0,0,0,0,0,0
420816,0,1,1991,0,0,0,0,0,0,0,0,0,0
420816,1,1,1991,0,9,0,0,21,0,10,22,6,0
420817,1,1,1991,6,13,17,15,10,15,7,24,38,17
420817,2,1,1991,0,27,13,35,19,12,21,0,27,0
420818,1,1,1991,0,0,31,26,0,0,0,0,0,0
420819,1,1,1991,14,0,0,0,9,23,16,8,16,0
420819,2,1,1991,0,0,11,13,12,22,0,14,17,19
420820,0,1,1991,0,0,0,0,0,0,0,0,0,0
420820,0,2,1991,10,0,0,0,0,0,0,0,0,0
420820,1,1,1991,0,0,0,0,0,0,0,0,0,0
420821,0,1,1991,0,0,0,0,0,0,0,0,0,0
420821,1,1,1991,0,0,0,0,0,0,0,0,12,0
420822,0,1,1991,0,0,0,0,0,0,0,0,0,0
420822,1,1,1991,0,0,10,13,0,0,0,0,0,0
420823,1,1,1991,7,7,7,7,7,7,7,7,7,7
420824,1,1,1991,16,0,0,22,22,21,10,9,13,19
420825,0,1,1991,10,10,10,10,10,10,10,10,10,10
420825,1,1,1991,0,0,0,0,0,0,0,12,0,0
420825,2,1,1991,15,0,0,0,0,10,0,0,30,0
420826,1,1,1991,9,13,7,6,6,13,10,0,21,0
420826,2,1,1991,14,0,0,0,14,0,25,6,0,0
420827,1,1,1991,25,25,25,25,25,25,25,25,25,25
420828,1,1,1991,18,18,18,18,18,18,18,18,18,18
420829,1,1,1991,17,17,17,17,17,17,17,17,17,17
420829,2,1,1991,0,0,0,0,0,0,0,0,0,0
420830,1,1,1991,0,0,0,0,0,0,0,0,0,0
420830,2,1,1991,0,0,0,0,0,0,0,0,0,0
420831,1,1,1991,16,16,16,16,16,16,16,16,16,16
420832,1,1,1991,0,0,0,0,0,0,0,0,0,0
420833,1,1,1991,16,16,16,16,16,16,16,16,16,16
420834,1,1,1991,35,35,35,35,35,35,35,35,35,35
420834,2,1,1991,0,0,0,0,0,0,0,0,0,0
420835,1,1,1991,17,17,17,17,17,17,17,17,17,17
420836,1,1,1991,0,0,0,0,0,0,0,0,0,0
420837,1,1,1991,0,0,0,0,0,0,0,0,0,0
420838,1,1,1991,0,0,0,0,0,0,0,0,0,0
420838,2,1,1991,0,0,0,0,0,0,0,0,0,0
420839,1,1,1991,0,0,0,0,0,0,0,0,0,0
420839,2,2,1991,0,16,0,8,0,0,19,0,0,0
420840,1,1,1991,24,24,24,24,24,24,24,24,24,24
420840,2,1,1991,0,0,0,0,0,0,0,0,0,0
420841,1,1,1991,13,13,13,13,13,13,13,13,13,13
420842,0,1,1991,21,0,21,0,0,27,0,3,0,17
420842,1,1,1991,0,0,0,15,0,17,12,0,11,0
420843,1,1,1991,0,0,0,0,0,0,0,0,0,0
420843,2,1,1991,1,1,1,1,1,1,1,1,1,1
420844,1,1,1991,18,26,24,0,42,18,0,15,0,21
420846,1,1,1991,0,0,0,0,16,0,19,0,3,0
420846,2,1,1991,0,0,0,0,0,0,0,0,0,0
420847,1,1,1991,0,0,0,0,0,0,0,0,3,0
420847,2,1,1991,0,0,0,0,0,0,0,0,0,0
420848,1,1,1991,0,0,0,0,0,0,0,0,0,0
420848,2,1,1991,0,0,0,0,0,0,0,0,0,0
420849,1,1,1991,17,17,17,17,17,17,17,17,17,17
420850,1,1,1991,19,19,19,19,19,19,19,19,19,19
420851,1,1,1991,0,0,0,0,0,0,0,0,0,0
420851,2,1,1991,16,0,0,0,0,0,0,0,0,12
420851,3,1,1991,0,0,0,0,0,0,0,0,0,0
420851,4,1,1991,0,0,0,0,0,0,0,0,0,0
420852,1,1,1991,20,0,20,0,13,23,14,20,34,13
420853,1,1,1991,0,0,0,0,0,0,0,0,0,0
420854,0,1,1991,0,0,0,0,0,0,0,0,0,0
420855,1,1,1991,17,17,17,17,17,17,17,17,17,17
420856,1,1,1991,0,0,0,0,0,0,0,0,0,0
420856,2,1,1991,0,0,0,0,0,0,0,0,0,0
420856,3,1,1991,0,0,0,0,0,0,0,0,0,0
420857,1,1,1991,0,0,0,0,0,0,0,0,0,0
420857,2,1,1991,0,0,0,0,0,0,0,0,0,0
420858,1,1,1991,22,22,22,22,22,22,22,22,22,22
420859,0,1,1991,0,0,0,0,0,21,0,0,15,17
420859,1,1,1991,0,0,0,0,0,0,0,0,0,0
420860,0,1,1991,0,0,0,0,0,0,0,0,0,0
420860,1,1,1991,0,0,0,0,0,0,0,0,0,0
420861,1,1,1991,10,10,10,10,10,10,10,10,10,10
420862,1,1,1991,0,0,0,0,0,0,0,0,0,0
420862,2,1,1991,0,0,0,0,0,0,0,0,0,0
420862,3,1,1991,0,0,0,0,0,0,0,0,0,0
420863,1,1,1991,19,19,19,19,19,19,19,19,19,19
420864,1,1,1991,22,22,22,22,22,22,22,22,22,22
420865,0,1,1991,0,0,0,0,0,0,0,0,0,0
420865,1,1,1991,0,0,0,0,0,0,0,0,0,0
420866,1,1,1991,25,25,25,25,25,25,25,25,25,25
420867,1,1,1991,0,0,0,0,0,0,0,0,0,0
420868,1,1,1991,21,21,21,21,21,21,21,21,21,21
420869,1,1,1991,7,7,7,7,7,7,7,7,7,7
420871,1,1,1991,13,12,26,2,10,13,22,10,12,6
420872,1,1,1991,0,0,0,0,0,0,0,0,0,0
420872,2,1,1991,0,0,0,12,0,0,0,0,0,0
420873,1,1,1991,19,19,19,19,19,19,19,19,19,19
420874,1,1,1991,3,3,3,3,3,3,3,3,3,3
420874,2,1,1991,0,0,0,0,0,0,0,0,0,12
420875,1,1,1991,0,0,0,0,0,0,0,0,0,0
420875,2,1,1991,0,0,0,0,0,0,0,0,0,0
420875,3,1,1991,0,0,0,0,0,0,0,0,0,0
420876,1,1,1991,0,0,0,0,0,0,0,0,0,0
420877,0,1,1991,25,25,25,25,25,25,25,25,25,25
420877,1,1,1991,0,0,0,0,0,0,0,0,0,0
420878,1,1,1991,0,0,0,0,0,0,0,0,0,0
420879,1,1,1991,10,10,10,10,10,10,10,10,10,10
420880,1,1,1991,0,0,0,0,0,0,0,0,0,0
420880,2,1,1991,0,0,0,0,0,0,0,0,0,0
420881,1,1,1991,0,0,0,0,0,0,0,0,0,0
420882,1,1,1991,20,20,20,20,20,20,20,20,20,20
420883,1,1,1991,0,0,0,0,0,0,0,0,0,0
420884,1,1,1991,0,0,0,0,0,0,0,0,0,0
420885,1,1,1991,30,5,0,0,0,0,0,26,12,31
420886,1,1,1991,0,0,0,0,0,0,0,0,0,0
420887,1,1,1991,0,0,0,0,0,0,0,0,0,0
420888,1,1,1991,0,0,0,0,0,0,0,0,0,0
420889,1,1,1991,34,27,7,36,20,1,24,19,23,27
420889,2,1,1991,0,0,0,0,0,0,0,0,0,0
420890,1,1,1991,22,22,22,22,22,22,22,22,22,22
420891,1,1,1991,20,20,20,20,20,20,20,20,20,20
420892,1,1,1991,0,0,0,0,0,0,0,0,0,0
420892,2,1,1991,0,0,0,0,0,0,0,0,0,0
420893,1,1,1991,29,29,29,29,29,29,29,29,29,29
420894,1,1,1991,15,15,15,15,15,15,15,15,15,15
420894,2,1,1991,1,1,1,1,1,1,1,1,1,1
420895,1,1,1991,0,0,0,0,0,0,0,0,0,0
420895,2,1,1991,0,0,0,0,0,0,0,0,0,0
420896,1,1,1991,19,19,19,19,19,19,19,19,19,19
420897,1,1,1991,10,21,7,14,19,26,14,16,30,22
420898,1,1,1991,0,0,0,0,0,0,0,0,0,0
420898,2,1,1991,0,0,0,0,0,0,0,0,0,0
420899,1,1,1991,0,0,16,14,0,14,0,19,0,0
420899,2,1,1991,12,0,0,0,0,0,0,0,0,0
420899,3,1,1991,0,0,0,9,0,0,0,0,0,0
420899,4,1,1991,0,0,0,0,0,0,0,0,0,0
420900,1,1,1991,12,12,12,12,12,12,12,12,12,12
420900,2,1,1991,0,0,0,0,0,0,18,0,22,0
420901,1,1,1991,3,3,3,3,3,3,3,3,3,3
420901,2,1,1991,4,4,4,4,4,4,4,4,4,4
420902,1,1,1991,28,28,28,28,28,28,28,28,28,28
420903,1,1,1991,22,22,22,22,22,22,22,22,22,22
420903,2,1,1991,12,0,0,0,0,0,0,0,0,0
420904,0,1,1991,29,29,29,29,29,29,29,29,29,29
420904,1,1,1991,0,0,0,0,0,0,0,0,0,0
420905,1,1,1991,0,0,0,0,0,0,0,0,0,0
420905,2,1,1991,0,0,0,0,0,0,0,0,0,0
420906,1,1,1991,0,13,0,0,0,0,7,0,0,0
420906,2,1,1991,16,6,0,0,0,0,0,0,5,0
420907,1,1,1991,0,0,0,22,0,0,18,0,0,0
420908,1,1,1991,0,0,0,0,0,0,0,0,0,0
420908,2,1,1991,0,0,0,0,0,0,0,0,0,0
420908,3,1,1991,0,0,0,0,0,0,0,0,0,0
420909,1,1,1991,15,15,15,15,15,15,15,15,15,15
420910,1,1,1991,20,20,20,20,20,20,20,20,20,20
420911,0,1,1991,0,0,0,0,0,0,0,33,0,0
420911,1,1,1991,0,0,0,0,0,0,0,0,0,0
420912,1,1,1991,18,18,18,18,18,18,18,18,18,18
420913,1,1,1991,19,19,19,19,19,19,19,19,19,19
420914,1,1,1991,0,0,0,0,0,0,0,0,0,0
420914,2,1,1991,0,0,0,0,0,0,0,0,0,0
420915,1,1,1991,0,0,0,0,0,0,0,0,0,0
420915,2,1,1991,0,0,0,0,23,0,0,0,0,0
420916,1,1,1991,12,16,12,17,14,0,13,11,17,20
420917,1,1,1991,18,18,18,18,18,18,18,18,18,18
420917,2,1,1991,0,0,0,0,0,0,0,0,0,0
420918,1,1,1991,0,0,0,0,0,0,0,0,0,0
420918,2,1,1991,0,0,0,0,0,0,0,0,0,0
420918,3,1,1991,0,0,0,0,0,0,0,0,0,0
420919,0,1,1991,0,0,0,0,0,0,0,0,0,0
420919,1,1,1991,0,0,0,0,0,0,0,0,0,0
420920,1,1,1991,30,30,30,30,30,30,30,30,30,30
420920,2,1,1991,0,0,0,0,0,0,0,0,0,0
420921,1,1,1991,12,12,12,12,12,12,12,12,12,12
420922,1,1,1991,21,21,21,21,21,21,21,21,21,21
420923,1,1,1991,0,0,0,0,0,0,0,0,0,0
420923,2,1,1991,0,0,0,0,0,0,0,0,0,0
420924,1,1,1991,0,0,0,0,0,0,0,0,0,0
420924,2,1,1991,0,0,0,0,0,0,0,0,0,0
420925,1,1,1991,0,0,0,0,0,0,0,0,0,0
420926,0,1,1991,0,0,0,0,0,0,0,0,0,0
420926,1,1,1991,0,0,0,0,0,0,0,0,0,0
420927,1,1,1991,19,19,19,19,19,19,19,19,19,19
420927,2,1,1991,0,0,0,0,0,0,0,0,0,0
420929,1,1,1991,0,13,0,24,16,10,25,11,26,11
420930,1,1,1991,13,13,13,13,13,13,13,13,13,13
420931,0,1,1991,0,0,0,0,0,0,0,0,0,0
420931,1,1,1991,0,0,0,0,0,0,0,0,0,0
420932,1,1,1991,21,21,21,21,21,21,21,21,21,21
420932,2,1,1991,0,0,0,0,0,0,0,0,0,0
420933,0,1,1991,13,9,0,24,0,0,10,21,11,21
420933,1,1,1991,0,0,0,0,0,0,0,4,0,0
420934,1,1,1991,0,0,0,0,0,0,0,0,0,0
420934,2,1,1991,0,0,0,0,0,0,0,0,0,0
420935,0,1,1991,0,18,0,36,18,21,23,18,32,0
420935,1,1,1991,19,19,19,19,19,19,19,19,19,19
420936,1,1,1991,0,0,0,0,0,0,0,0,0,0
420937,1,1,1991,0,0,0,0,0,0,0,0,0,0
420937,2,1,1991,0,0,0,0,0,0,0,0,0,0
420938,1,1,1991,23,23,23,23,23,23,23,23,23,23
420939,0,1,1991,0,0,0,0,0,0,0,0,0,0
420939,1,1,1991,0,0,0,0,0,0,0,0,0,0
420940,1,1,1991,0,0,0,0,0,0,0,0,0,0
420941,1,1,1991,0,0,0,0,0,11,0,0,24,0
420941,2,1,1991,0,12,0,0,0,22,0,15,0,0
420942,1,1,1991,14,14,14,14,14,14,14,14,14,14
420943,1,1,1991,0,0,0,0,0,0,0,0,0,0
420943,2,1,1991,0,0,0,0,0,0,0,0,0,0
420944,1,1,1991,27,27,27,27,27,27,27,27,27,27
420945,1,1,1991,0,0,0,0,0,0,0,0,0,0
420946,1,1,1991,0,0,0,0,0,0,0,0,0,0
420946,2,1,1991,0,0,0,0,0,0,0,0,9,0
420947,1,1,1991,0,0,0,0,0,0,0,0,0,0
420947,2,1,1991,0,0,0,0,0,0,0,0,0,0
420948,1,1,1991,8,8,8,8,8,8,8,8,8,8
420949,1,1,1991,0,0,0,0,0,0,0,0,0,0
420950,1,1,1991,19,19,19,19,19,19,19,19,19,19
420951,1,1,1991,24,24,24,24,24,24,24,24,24,24
420952,1,1,1991,21,21,21,21,21,21,21,21,21,21
420953,0,1,1991,0,0,0,0,0,0,0,0,0,0
420953,1,1,1991,0,0,0,0,0,0,0,16,0,0
420954,1,1,1991,0,0,0,0,0,0,0,0,0,0
420954,2,1,1991,0,0,0,0,0,0,0,0,0,0
420954,3,1,1991,0,0,0,0,0,0,0,0,0,0
420954,4,1,1991,0,0,0,0,0,0,0,9,0,0
420955,1,1,1991,0,0,0,0,0,0,0,0,0,0
420955,2,1,1991,6,0,0,13,18,0,0,0,0,9
420956,0,1,1991,28,28,28,28,28,28,28,28,28,28
420956,1,1,1991,0,0,0,0,6,0,0,0,4,13
420957,1,1,1991,0,0,0,0,0,0,0,0,0,0
420957,2,1,1991,0,0,0,0,0,0,0,0,0,0
420958,1,1,1991,0,0,0,0,6,0,0,0,0,0
420959,1,1,1991,0,0,0,0,0,0,0,0,0,0
420959,2,1,1991,0,0,0,0,0,0,0,0,0,0
420960,1,1,1991,0,0,0,0,0,0,0,0,0,0
420960,2,1,1991,0,17,14,0,0,0,0,0,0,0
420960,3,1,1991,0,0,0,0,0,0,0,0,0,0
420961,1,1,1991,0,0,0,0,0,0,0,0,0,0
420962,1,1,1991,0,0,0,0,0,0,0,0,0,0
420962,2,1,1991,0,0,0,0,0,0,0,0,0,0
420963,0,1,1991,21,21,21,21,21,21,21,21,21,21
420963,1,1,1991,18,18,18,18,18,18,18,18,18,18
420964,1,1,1991,14,14,14,14,14,14,14,14,14,14
420964,2,1,1991,0,0,0,0,0,0,0,0,0,0
420965,1,1,1991,0,12,16,0,0,0,0,0,0,0
420965,2,1,1991,10,10,10,10,10,10,10,10,10,10
420966,1,1,1991,7,7,7,7,7,7,7,7,7,7
420966,2,1,1991,5,5,5,5,5,5,5,5,5,5
420967,1,1,1991,0,0,0,0,0,0,0,0,0,0
420967,2,1,1991,0,0,0,0,0,0,0,0,0,0
420969,1,1,1991,0,0,0,0,0,0,0,0,0,0
420969,2,1,1991,0,0,0,0,0,0,0,0,0,0
420970,1,1,1991,0,0,0,0,0,2,0,0,0,33
420970,2,1,1991,14,0,0,0,0,0,14,0,0,0
420971,0,1,1991,11,20,19,34,16,30,0,17,13,22
420971,1,1,1991,0,0,0,0,0,0,0,0,0,0
420972,1,1,1991,0,0,2,0,0,0,7,0,0,0
420972,2,1,1991,0,0,0,0,0,0,0,0,0,0
420973,0,1,1991,0,0,0,0,0,0,0,0,0,0
420973,1,1,1991,0,0,0,0,0,0,0,0,0,0
420974,1,1,1991,0,0,0,0,0,0,10,0,0,16
420975,1,1,1991,12,12,12,12,12,12,12,12,12,12
420976,1,1,1991,0,0,0,0,0,0,0,0,0,0
420977,1,1,1991,30,30,30,30,30,30,30,30,30,30
420978,1,1,1991,11,11,11,11,11,11,11,11,11,11
420979,1,1,1991,0,0,0,0,0,0,0,0,0,0
420980,1,1,1991,9,9,9,9,9,9,9,9,9,9
420981,1,1,1991,0,0,0,0,0,0,0,0,0,0
420982,1,1,1991,0,0,0,0,0,0,0,0,0,0
420983,1,1,1991,0,0,0,0,0,0,0,0,0,0
420983,2,1,1991,0,0,0,0,0,0,0,0,0,0
420984,1,1,1991,20,20,20,20,20,20,20,20,20,20
420985,0,1,1991,26,15,0,34,36,10,9,0,13,22
420985,1,1,1991,19,22,0,0,0,12,0,11,0,0
420986,1,1,1991,52,52,52,52,52,52,52,52,52,52
420987,1,1,1991,29,29,29,29,29,29,29,29,29,29
420988,1,1,1991,0,0,0,0,0,0,0,0,0,0
420988,2,1,1991,0,0,0,0,0,0,0,0,0,0
420988,3,1,1991,0,0,0,0,0,0,0,0,0,0
420989,1,1,1991,10,10,10,10,10,10,10,10,10,10
420990,1,1,1991,26,26,26,26,26,26,26,26,26,26
420990,2,1,1991,0,0,0,0,0,0,0,0,0,0
420991,1,1,1991,0,0,0,0,0,0,0,0,0,0
420991,2,1,1991,0,0,0,0,0,0,7,0,0,9
420993,1,1,1991,14,14,14,14,14,14,14,14,14,14
420994,1,1,1991,26,26,26,26,26,26,26,26,26,26
420995,1,1,1991,21,21,21,21,21,21,21,21,21,21
420996,1,1,1991,0,0,0,0,0,0,0,0,0,0
420997,0,2,1991,13,9,28,0,11,24,0,0,19,10
420997,1,1,1991,25,25,25,25,25,25,25,25,25,25
420998,1,1,1991,1,1,1,1,1,1,1,1,1,1
420999,1,1,1991,17,17,17,17,17,17,17,17,17,17
420999,2,1,1991,0,0,0,0,0,0,0,0,0,0
421000,1,1,1991,28,28,28,28,28,28,28,28,28,28
421001,1,1,1991,18,18,18,18,18,18,18,18,18,18
421002,1,1,1991,0,0,0,0,0,0,0,0,0,0
421003,1,1,1991,0,0,0,0,0,0,0,0,0,0
421003,2,1,1991,0,0,0,0,0,0,0,0,0,0
421004,0,1,1991,0,13,0,0,0,0,0,6,8,9
421004,1,1,1991,0,0,0,0,4,0,14,20,10,0
421005,1,1,1991,12,12,12,12,12,12,12,12,12,12
421005,2,1,1991,23,12,17,18,9,14,14,21,13,22
421006,0,1,1991,0,0,0,0,0,0,0,0,0,0
421006,1,1,1991,0,0,0,0,0,0,0,0,0,0
421007,1,1,1991,0,0,0,0,0,0,0,0,0,0
421008,1,1,1991,0,0,0,0,0,0,0,0,0,0
421008,2,1,1991,0,0,18,0,36,0,0,0,0,33
421009,1,1,1991,20,20,20,20,20,20,20,20,20,20
421010,1,1,1991,24,24,24,24,24,24,24,24,24,24
421011,1,1,1991,8,8,8,8,8,8,8,8,8,8
421012,1,1,1991,0,0,0,0,0,0,0,0,0,0
421013,1,1,1991,27,27,27,27,27,27,27,27,27,27
421013,2,1,1991,0,0,0,0,0,0,0,0,0,0
421014,1,1,1991,0,0,0,0,0,0,0,0,0,0
421014,2,1,1991,0,0,0,0,0,0,0,0,0,0
421015,1,1,1991,22,22,22,22,22,22,22,22,22,22
421016,1,1,1991,27,27,27,27,27,27,27,27,27,27
421017,1,1,1991,45,19,15,24,0,0,25,0,21,15
421018,1,1,1991,23,23,23,23,23,23,23,23,23,23
421019,1,1,1991,14,14,14,14,14,14,14,14,14,14
421020,1,1,1991,10,10,10,10,10,10,10,10,10,10
421021,1,1,1991,21,21,21,21,21,21,21,21,21,21
421022,1,1,1991,13,13,13,13,13,13,13,13,13,13
421023,1,1,1991,0,0,0,0,0,0,0,0,0,0