ST_CASE,VEH_NO,PER_NO,YEAR,P1,P2,P3,P4,P5,P6,P7,P8,P9,P10
440023,1,1,1991,7,7,7,7,7,7,7,7,7,7
440024,1,1,1991,0,0,0,0,0,0,0,0,0,0
440025,0,1,1991,28,28,28,28,28,28,28,28,28,28
440025,1,1,1991,0,0,0,0,0,0,0,0,0,0
440026,1,1,1991,21,21,21,21,21,21,21,21,21,21
440026,2,1,1991,18,16,15,25,0,0,0,0,14,4
440027,1,1,1991,0,0,0,0,0,0,0,0,0,0
440027,2,1,1991,0,0,0,0,0,0,0,0,0,0
440028,0,1,1991,0,0,0,0,0,0,0,0,0,0
440028,1,1,1991,0,0,0,0,0,0,0,0,0,0
440029,0,1,1991,11,11,11,11,11,11,11,11,11,11
440029,1,1,1991,0,0,0,0,0,0,9,0,0,0
440030,1,2,1991,13,2,5,0,16,6,8,12,0,17
440031,1,1,1991,0,0,0,0,0,0,0,0,0,0
440032,1,1,1991,0,0,0,0,0,0,0,0,0,0
440032,2,1,1991,0,0,0,0,0,0,0,0,0,0
440033,1,1,1991,0,0,0,0,0,0,0,0,0,0
440034,1,1,1991,0,0,0,0,0,0,0,0,0,0
440035,1,1,1991,19,19,19,19,19,19,19,19,19,19
440036,1,1,1991,0,0,0,0,0,0,0,0,0,0
440036,2,1,1991,0,0,0,0,15,0,0,0,0,0
440037,1,1,1991,0,0,0,0,0,0,0,0,0,0
440038,1,1,1991,1,1,1,1,1,1,1,1,1,1
440038,2,1,1991,0,0,0,0,0,0,0,0,0,0
440039,0,1,1991,22,22,22,22,22,22,22,22,22,22
440039,1,1,1991,17,17,17,17,17,17,17,17,17,17
440040,1,1,1991,0,0,0,0,0,0,0,0,0,0
440041,1,1,1991,0,0,0,0,0,0,0,0,0,0
440042,1,1,1991,34,34,34,34,34,34,34,34,34,34
440043,1,1,1991,21,21,21,21,21,21,21,21,21,21
440044,1,2,1991,0,0,0,0,0,0,0,0,0,0
440044,2,1,1991,0,0,0,0,0,0,0,0,0,0
440045,1,1,1991,12,12,12,12,12,12,12,12,12,12
440046,1,1,1991,0,0,0,0,0,0,0,0,0,0
440046,2,1,1991,0,8,0,0,0,0,0,0,0,9
440047,1,1,1991,0,0,0,0,0,0,0,0,0,0
440047,2,1,1991,0,0,0,0,0,0,0,0,0,0
440048,1,2,1991,10,0,12,17,24,13,17,11,19,11
440048,2,1,1991,3,21,8,13,8,20,12,16,0,14
440049,1,2,1991,0,0,0,0,0,0,0,0,0,0
440050,1,1,1991,6,6,6,6,6,6,6,6,6,6
440050,2,1,1991,0,0,0,0,0,0,0,0,0,0
440051,1,1,1991,27,27,27,27,27,27,27,27,27,27
440052,1,1,1991,5,5,5,5,5,5,5,5,5,5
440053,1,1,1991,0,0,0,0,0,0,0,0,0,0
440053,2,1,1991,0,0,0,0,0,0,0,0,0,0
440054,1,1,1991,6,6,6,6,6,6,6,6,6,6
440055,1,1,1991,0,0,0,0,0,0,0,0,0,0
440055,2,1,1991,0,0,0,0,0,0,0,0,0,0
440056,1,1,1991,15,15,15,15,15,15,15,15,15,15
440057,1,1,1991,0,0,0,0,0,0,0,0,0,0
440057,2,1,1991,0,0,0,0,0,0,0,0,0,0
440058,1,1,1991,0,0,0,0,0,0,0,0,0,0
440059,1,1,1991,30,30,30,30,30,30,30,30,30,30
440060,1,1,1991,0,0,0,0,0,0,0,0,0,0
440061,1,1,1991,0,0,0,0,0,0,0,0,0,0
440061,2,1,1991,0,0,0,0,0,0,13,0,0,7
440062,0,1,1991,0,0,0,0,0,0,0,0,0,0
440062,1,1,1991,0,0,0,0,0,0,0,0,0,0
440063,1,1,1991,22,22,22,22,22,22,22,22,22,22
440064,1,1,1991,0,0,0,0,0,0,0,0,0,0
440065,0,1,1991,40,40,40,40,40,40,40,40,40,40
440065,1,1,1991,0,0,0,0,0,0,0,0,0,0
440065,2,1,1991,0,0,0,0,0,0,13,0,0,23
440066,1,1,1991,0,0,0,0,0,0,0,0,0,0
440066,2,1,1991,17,0,0,0,0,0,0,0,0,0
440067,1,1,1991,12,12,12,12,12,12,12,12,12,12
440067,2,1,1991,16,9,11,28,6,16,4,0,29,4
440069,0,1,1991,0,0,0,0,0,0,0,0,0,0
440069,0,2,1991,0,0,20,0,0,0,0,0,0,0
440069,1,1,1991,0,0,0,0,0,0,0,0,0,0
440069,2,1,1991,0,0,0,0,0,0,0,0,0,0
440070,0,1,1991,0,0,0,0,0,0,0,0,0,0
440070,1,1,1991,19,0,0,0,0,0,0,0,0,0
440070,2,1,1991,0,0,0,0,0,0,0,0,0,0
440071,0,1,1991,0,0,0,0,0,0,0,0,0,0
440071,1,1,1991,0,0,0,0,0,0,0,0,0,0
440072,0,1,1991,0,0,0,0,16,0,0,0,0,0
440072,1,1,1991,0,0,0,0,0,0,0,0,0,0
440073,0,1,1991,0,0,0,0,0,0,0,0,0,0
440073,1,1,1991,0,0,0,0,0,0,0,0,0,0
440074,1,1,1991,0,0,0,0,0,0,0,0,0,0
440074,2,1,1991,0,0,0,0,0,0,0,0,0,0
440075,1,1,1991,0,0,0,0,0,0,0,0,0,0
440076,1,1,1991,31,31,31,31,31,31,31,31,31,31
440077,1,1,1991,34,34,34,34,34,34,34,34,34,34
440078,0,1,1991,0,0,0,0,0,0,0,0,0,0
440078,1,1,1991,0,6,0,0,0,0,0,0,0,0
440079,1,2,1991,0,0,0,0,0,0,0,0,0,0
440079,2,1,1991,0,0,0,0,0,0,0,0,0,0
440080,1,2,1991,0,0,0,0,0,0,0,0,0,0
440080,2,1,1991,0,0,0,0,0,0,0,0,28,0
440082,1,1,1991,23,23,23,23,23,23,23,23,23,23
440083,1,1,1991,18,18,18,18,18,18,18,18,18,18
440084,1,1,1991,23,23,23,23,23,23,23,23,23,23
440085,0,1,1991,0,0,0,0,0,0,0,0,0,0
440085,0,2,1991,21,0,0,0,18,0,8,7,0,6
440085,2,1,1991,0,0,0,0,0,0,0,0,0,0
440086,1,1,1991,17,17,17,17,17,17,17,17,17,17
450001,1,1,1991,0,0,0,0,0,0,0,0,0,0
450002,1,1,1991,22,22,22,22,22,22,22,22,22,22
450003,1,1,1991,0,0,14,0,0,0,0,0,15,0
450003,2,1,1991,0,0,0,0,0,0,0,0,0,0
450004,1,1,1991,10,10,10,10,10,10,10,10,10,10
450005,1,1,1991,0,0,0,0,0,0,0,0,0,0
450005,2,1,1991,0,0,0,0,0,0,0,0,0,0
450006,1,1,1991,12,12,12,12,12,12,12,12,12,12
450006,2,1,1991,0,0,0,0,0,0,0,0,0,0
450007,1,1,1991,14,14,14,14,14,14,14,14,14,14
450007,2,1,1991,9,9,9,9,9,9,9,9,9,9
450008,1,1,1991,8,8,8,8,8,8,8,8,8,8
450009,1,1,1991,28,28,28,28,28,28,28,28,28,28
450010,0,1,1991,0,0,0,0,0,0,0,0,0,0
450010,1,1,1991,0,0,0,0,0,0,0,0,0,0
450011,1,1,1991,0,0,0,0,0,0,0,0,0,0
450011,2,1,1991,0,0,0,0,0,0,0,0,0,0
450012,0,1,1991,0,0,0,0,0,0,0,0,0,0
450012,1,1,1991,0,0,0,0,0,0,0,0,0,0
450013,1,1,1991,23,23,23,23,23,23,23,23,23,23
450014,1,1,1991,19,19,19,19,19,19,19,19,19,19
450015,1,1,1991,0,0,0,0,0,37,0,17,0,0
450016,1,1,1991,0,0,0,1,0,0,0,0,0,0
450016,2,1,1991,0,0,0,0,0,0,0,0,0,0
450017,0,1,1991,29,29,29,29,29,29,29,29,29,29
450017,1,1,1991,0,0,0,0,0,0,0,0,0,0
450018,0,1,1991,22,22,22,22,22,22,22,22,22,22
450018,1,1,1991,0,0,0,0,0,0,0,0,0,0
450019,1,1,1991,0,0,0,0,0,0,0,0,0,0
450020,1,1,1991,11,11,11,11,11,11,11,11,11,11
450022,1,1,1991,24,24,24,24,24,24,24,24,24,24
450023,1,1,1991,18,18,18,18,18,18,18,18,18,18
450024,1,1,1991,0,0,0,13,0,0,0,0,0,0
450024,2,1,1991,0,0,0,0,0,0,0,0,0,0
450025,1,1,1991,0,10,4,6,0,25,7,0,8,0
450025,2,1,1991,30,30,30,30,30,30,30,30,30,30
450026,1,1,1991,0,0,0,0,0,0,0,0,0,4
450026,2,1,1991,21,21,21,21,21,21,21,21,21,21
450027,1,1,1991,0,0,0,37,0,0,0,0,0,0
450027,2,1,1991,0,0,0,21,6,0,0,0,0,29
450028,1,1,1991,16,16,16,16,16,16,16,16,16,16
450028,2,1,1991,3,3,3,3,3,3,3,3,3,3
450029,1,1,1991,7,7,7,7,7,7,7,7,7,7
450030,1,1,1991,0,0,0,0,0,0,0,0,0,0
450031,1,1,1991,0,0,0,0,0,0,0,0,0,0
450032,1,1,1991,0,0,0,0,0,0,0,0,0,0
450032,2,1,1991,0,0,15,7,0,0,21,0,0,0
450033,0,1,1991,0,0,0,0,0,0,0,0,0,0
450033,1,1,1991,0,0,0,0,0,0,0,0,0,0
450034,1,1,1991,6,19,12,12,11,0,0,6,11,0
450034,2,1,1991,13,13,13,13,13,13,13,13,13,13
450035,1,1,1991,16,16,16,16,16,16,16,16,16,16
450036,1,1,1991,28,17,12,30,25,21,11,15,19,21
450037,1,1,1991,9,9,9,9,9,9,9,9,9,9
450038,0,1,1991,0,0,24,0,0,0,5,41,0,0
450038,1,1,1991,0,0,0,0,13,0,0,0,0,0
450039,0,1,1991,0,0,20,0,0,0,0,0,0,8
450039,1,1,1991,0,0,4,0,24,14,0,0,0,0
450040,0,1,1991,0,0,0,0,0,0,0,0,0,0
450040,1,1,1991,0,0,0,0,0,0,0,0,0,0
450041,1,1,1991,0,0,0,0,0,0,0,0,0,0
450042,1,1,1991,20,20,20,20,20,20,20,20,20,20
450043,0,1,1991,27,27,27,27,27,27,27,27,27,27
450043,1,1,1991,0,0,0,0,0,0,0,0,0,0
450044,0,1,1991,19,19,19,19,19,19,19,19,19,19
450044,1,1,1991,0,0,0,0,0,0,0,0,0,0
450045,1,1,1991,0,0,0,0,0,0,0,0,0,0
450046,1,1,1991,0,0,0,0,0,0,0,0,0,0
450046,2,1,1991,0,0,0,0,0,0,0,0,0,0
450047,0,1,1991,0,0,0,0,0,0,0,0,0,0
450047,1,1,1991,21,21,21,21,21,21,21,21,21,21
450048,1,1,1991,26,31,33,10,25,12,9,0,29,12
450049,1,1,1991,25,9,7,12,15,28,17,21,18,15
450050,1,1,1991,0,19,0,0,16,14,0,9,0,0
450051,1,1,1991,0,0,0,0,0,0,0,0,0,0
450052,1,1,1991,26,26,26,26,26,26,26,26,26,26
450053,0,1,1991,17,17,17,17,17,17,17,17,17,17
450053,1,1,1991,0,0,0,8,0,0,0,0,9,0
450054,1,1,1991,28,28,28,28,28,28,28,28,28,28
450055,1,1,1991,0,0,0,0,0,0,0,0,0,0
450056,0,1,1991,0,0,0,0,0,0,0,0,0,0
450056,1,1,1991,0,0,0,0,0,0,0,0,0,0
450057,1,1,1991,0,0,0,0,0,0,0,0,0,0
450057,2,1,1991,0,0,0,0,0,0,0,0,0,0
450057,3,1,1991,0,0,0,0,0,0,0,0,0,0
450058,1,1,1991,30,32,21,18,8,33,0,13,0,8
450059,1,1,1991,12,12,12,12,12,12,12,12,12,12
450059,2,1,1991,0,0,0,0,11,0,0,11,0,0
450060,1,1,1991,0,0,0,0,0,0,0,0,0,0
450060,2,1,1991,0,0,0,0,0,0,0,0,0,0
450061,1,1,1991,30,30,30,30,30,30,30,30,30,30
450062,0,1,1991,0,0,0,0,0,0,0,0,0,0
450062,1,1,1991,0,0,0,0,0,0,0,0,0,0
450063,0,1,1991,8,8,8,8,8,8,8,8,8,8
450063,1,1,1991,9,0,0,10,0,19,0,0,0,6
450064,1,1,1991,24,28,7,14,21,19,18,6,11,8
450065,0,1,1991,16,16,16,16,16,16,16,16,16,16
450065,1,1,1991,0,0,0,0,0,0,0,0,0,0
450066,1,1,1991,0,0,0,0,0,0,0,0,0,0
450067,1,1,1991,3,3,3,3,3,3,3,3,3,3
450067,2,1,1991,0,0,0,0,0,0,0,0,0,0
450068,0,1,1991,0,0,0,3,21,10,0,0,0,0
450068,1,1,1991,1,1,1,1,1,1,1,1,1,1
450069,1,1,1991,0,0,0,0,0,0,0,0,0,0
450069,2,1,1991,0,0,0,0,0,0,0,0,0,0
450071,1,1,1991,0,0,0,0,0,0,0,0,0,0
450071,2,1,1991,0,0,0,0,0,0,0,0,0,0
450071,3,1,1991,0,0,0,0,0,0,0,0,0,0
450072,1,1,1991,12,12,12,12,12,12,12,12,12,12
450072,2,1,1991,6,0,18,0,9,0,0,8,24,15
450073,1,1,1991,0,0,0,0,0,0,0,0,0,0
450073,2,1,1991,0,0,0,18,0,0,0,24,0,0
450074,1,1,1991,0,0,0,0,0,0,0,0,0,0
450074,2,1,1991,0,0,0,0,0,0,0,0,0,0
450075,0,1,1991,0,0,0,0,0,0,0,0,0,0
450075,1,1,1991,0,0,0,0,0,0,10,0,0,26
450076,1,1,1991,0,0,0,0,0,0,0,0,0,0
450076,2,1,1991,15,15,15,15,15,15,15,15,15,15
450078,1,1,1991,0,0,0,0,0,0,0,0,0,0
450079,1,1,1991,27,27,27,27,27,27,27,27,27,27
450079,2,1,1991,0,0,0,0,0,0,0,0,0,0
450080,1,1,1991,0,0,0,0,0,0,0,0,0,0
450081,1,1,1991,26,26,26,26,26,26,26,26,26,26
450082,1,1,1991,0,0,0,0,0,0,0,0,0,0
450082,2,1,1991,0,0,6,0,6,0,0,14,0,0
450083,1,1,1991,0,0,0,0,0,0,0,0,0,0
450083,2,1,1991,0,0,0,0,6,0,0,0,0,13
450084,1,1,1991,25,25,25,25,25,25,25,25,25,25
450085,1,1,1991,0,0,0,0,0,0,0,0,0,0
450085,2,1,1991,0,0,0,0,0,0,0,0,0,0
450086,1,1,1991,20,20,20,20,20,20,20,20,20,20
450087,1,1,1991,19,19,19,19,19,19,19,19,19,19
450088,1,1,1991,0,0,3,0,3,0,8,0,0,0
450088,2,1,1991,0,0,0,0,0,0,0,0,0,0
450088,3,1,1991,5,30,0,18,18,0,0,0,24,0
450089,1,1,1991,0,0,0,0,0,0,0,0,0,0
450089,2,1,1991,0,0,0,0,0,0,0,0,0,0
450090,0,1,1991,0,12,0,0,23,0,0,0,0,0
450090,1,1,1991,0,0,10,0,0,0,26,7,0,0
450091,1,1,1991,0,0,0,0,0,0,0,0,0,0
450092,1,1,1991,17,17,17,17,17,17,17,17,17,17
450093,1,1,1991,0,0,0,0,0,0,0,0,0,0
450094,1,1,1991,0,0,0,0,0,0,0,0,0,0
450095,1,1,1991,0,0,0,0,0,0,0,0,0,0
450095,2,1,1991,0,0,0,0,0,0,0,0,0,0
450095,3,1,1991,0,0,0,0,0,0,0,0,0,0
450096,1,1,1991,2,2,2,2,2,2,2,2,2,2
450097,0,1,1991,0,0,0,0,0,0,0,0,0,0
450097,1,1,1991,0,0,0,0,0,0,0,0,0,0
450098,1,1,1991,35,35,35,35,35,35,35,35,35,35
450099,1,1,1991,17,17,17,17,17,17,17,17,17,17
450100,1,1,1991,16,16,16,16,16,16,16,16,16,16
450100,2,1,1991,17,17,17,17,17,17,17,17,17,17
450101,1,1,1991,12,12,12,12,12,12,12,12,12,12
450102,1,1,1991,0,0,0,0,0,0,0,0,0,0
450102,2,1,1991,0,0,0,0,0,0,15,0,0,0
450103,1,1,1991,0,0,0,0,29,0,0,0,0,0
450103,2,1,1991,0,0,0,0,0,0,0,0,0,0
450104,1,1,1991,8,8,8,8,8,8,8,8,8,8
450105,1,1,1991,22,22,22,22,22,22,22,22,22,22
450106,1,1,1991,0,0,0,0,0,0,0,0,0,0
450106,2,1,1991,10,10,10,10,10,10,10,10,10,10
450107,1,1,1991,0,0,0,0,0,0,0,0,0,0
450107,2,1,1991,13,9,0,32,10,20,25,13,13,9
450108,0,1,1991,10,10,10,10,10,10,10,10,10,10
450108,1,1,1991,0,0,0,0,0,0,0,0,0,0
450109,1,1,1991,0,18,19,0,51,0,24,13,32,28
450110,1,1,1991,28,28,28,28,28,28,28,28,28,28
450111,1,1,1991,0,0,0,0,0,0,0,0,0,0
450111,2,1,1991,0,0,0,0,0,0,0,0,0,0
450112,1,1,1991,0,0,0,0,0,0,0,0,0,0
450112,2,1,1991,0,0,0,0,0,0,0,0,0,0
450113,1,1,1991,0,0,0,0,0,0,0,0,0,0
450113,2,1,1991,0,0,0,7,0,0,9,0,0,0
450114,1,1,1991,0,0,0,0,0,0,0,0,0,0
450114,2,1,1991,0,0,0,0,0,14,0,0,0,0
450115,1,1,1991,21,9,0,0,0,0,0,0,0,0
450115,2,1,1991,0,27,0,0,0,0,0,0,0,0
450116,1,1,1991,0,0,0,0,0,0,0,0,0,0
450118,0,1,1991,0,0,0,0,0,0,0,0,0,0
450118,1,1,1991,0,0,0,0,0,0,0,0,0,0
450119,1,1,1991,0,0,0,0,0,0,0,0,0,0
450119,2,1,1991,0,0,0,0,0,0,0,0,0,0
450120,1,1,1991,26,26,26,26,26,26,26,26,26,26
450121,1,1,1991,0,0,0,0,0,0,0,0,0,0
450122,0,1,1991,0,0,0,0,0,0,0,0,0,0
450122,1,1,1991,0,0,0,0,0,0,0,0,0,0
450123,0,1,1991,0,0,0,0,0,0,0,0,0,0
450123,1,1,1991,0,0,0,0,0,0,0,0,0,0
450124,1,1,1991,0,0,0,0,0,0,0,0,0,0
450124,2,1,1991,0,0,0,0,0,0,0,0,0,0
450125,1,1,1991,15,15,15,15,15,15,15,15,15,15
450126,1,1,1991,28,28,28,28,28,28,28,28,28,28
450127,1,1,1991,0,0,0,0,0,0,0,0,0,0
450128,1,1,1991,11,11,11,11,11,11,11,11,11,11
450128,2,1,1991,0,0,10,0,0,0,0,6,12,0
450129,0,1,1991,0,0,0,0,0,0,0,0,0,0
450129,1,1,1991,15,15,15,15,15,15,15,15,15,15
450130,1,1,1991,0,0,0,0,0,0,0,0,0,0
450130,2,1,1991,0,0,0,0,0,0,0,0,0,0
450131,1,1,1991,0,0,0,0,0,0,0,0,0,0
450131,2,1,1991,0,0,0,0,0,0,0,0,0,0
450132,1,1,1991,42,42,42,42,42,42,42,42,42,42
450133,1,1,1991,0,0,0,0,0,0,0,0,0,0
450134,1,1,1991,0,0,0,0,0,0,0,0,0,0
450134,2,1,1991,0,0,0,0,0,0,0,0,0,0
450135,1,1,1991,0,0,0,0,0,0,0,0,0,0
450135,2,1,1991,0,0,0,0,0,0,0,0,0,0
450136,1,1,1991,0,0,0,0,0,0,10,0,8,0
450136,2,1,1991,0,0,0,0,0,0,0,0,0,0
450137,1,1,1991,0,0,0,0,0,0,0,0,0,0
450137,2,1,1991,0,0,0,0,0,0,0,0,0,0
450137,3,1,1991,0,0,0,0,0,0,0,0,0,0
450138,1,1,1991,0,0,0,0,0,0,0,0,0,0
450138,2,1,1991,13,13,13,13,13,13,13,13,13,13
450139,0,1,1991,17,0,29,0,17,0,0,7,0,28
450139,1,1,1991,0,0,0,0,0,0,0,0,0,0
450140,1,1,1991,0,0,0,0,0,0,0,0,0,0
450141,1,1,1991,0,0,0,0,0,0,0,0,0,0
450143,1,1,1991,0,0,0,0,0,0,0,0,0,0
450143,2,1,1991,0,0,0,0,0,0,0,0,0,0
450144,1,1,1991,23,23,23,23,23,23,23,23,23,23
450145,0,1,1991,0,0,0,0,0,0,0,0,0,0
450145,1,1,1991,15,15,15,15,15,15,15,15,15,15
450146,1,1,1991,38,38,38,38,38,38,38,38,38,38
450147,1,1,1991,16,16,16,16,16,16,16,16,16,16
450148,1,1,1991,0,0,0,6,0,0,0,0,0,0
450148,2,1,1991,0,0,0,0,0,0,0,0,0,0
450149,1,1,1991,35,35,35,35,35,35,35,35,35,35
450150,1,1,1991,27,27,27,27,27,27,27,27,27,27
450150,2,1,1991,0,0,0,0,0,0,0,0,0,0
450151,1,1,1991,0,0,0,0,0,8,0,0,0,0
450151,2,1,1991,0,0,20,0,0,0,0,17,0,0
450152,1,1,1991,0,0,0,0,0,0,0,0,0,0
450153,0,1,1991,0,0,0,0,0,0,0,0,0,0
450153,1,1,1991,0,23,22,0,13,29,17,29,48,0
450155,0,1,1991,0,0,0,0,0,35,0,0,0,0
450155,1,1,1991,4,4,4,4,4,4,4,4,4,4
450156,1,1,1991,0,0,0,0,0,0,0,0,0,0
450156,2,1,1991,0,21,0,0,0,0,0,28,0,0
450157,1,1,1991,17,17,17,17,17,17,17,17,17,17
450158,1,1,1991,17,0,0,0,0,0,22,6,10,0
450159,1,1,1991,16,16,16,16,16,16,16,16,16,16
450160,1,1,1991,0,0,0,0,0,0,0,0,0,0
450161,1,1,1991,16,16,16,16,16,16,16,16,16,16
450162,1,1,1991,12,12,7,22,17,22,14,15,25,8
450163,1,1,1991,19,19,19,19,19,19,19,19,19,19
450164,1,1,1991,26,26,26,26,26,26,26,26,26,26
450164,2,1,1991,0,0,0,0,0,0,0,0,0,0
450165,1,1,1991,0,0,0,0,0,0,0,0,21,19
450166,0,1,1991,16,16,16,16,16,16,16,16,16,16
450166,1,1,1991,16,0,0,0,0,0,0,0,0,0
450167,1,1,1991,0,0,0,0,0,0,0,0,0,0
450167,2,1,1991,0,0,0,0,0,0,0,0,0,0
450168,1,1,1991,9,5,17,29,0,20,9,22,0,19
450168,2,1,1991,0,0,0,0,0,0,0,0,0,0
450169,1,1,1991,0,0,23,0,0,0,0,0,0,0
450170,1,1,1991,0,0,0,0,8,0,0,0,0,0
450170,2,1,1991,0,0,0,0,0,0,0,0,0,0
450171,1,1,1991,0,0,0,0,17,0,11,0,0,0
450171,2,1,1991,21,8,0,8,19,19,6,0,19,19
450172,1,1,1991,0,0,0,0,0,0,0,0,0,0
450173,1,1,1991,0,0,0,0,0,0,0,0,0,0
450173,2,1,1991,0,0,0,0,0,0,0,0,0,0
450174,1,1,1991,0,0,0,0,0,0,0,0,0,0
450175,1,1,1991,16,16,16,16,16,16,16,16,16,16
450176,1,1,1991,7,7,7,7,7,7,7,7,7,7
450177,1,1,1991,0,0,0,0,0,0,0,0,0,0
450178,1,1,1991,0,0,0,0,0,0,0,0,0,0
450178,2,1,1991,26,26,26,26,26,26,26,26,26,26
450179,1,1,1991,0,0,0,0,0,0,0,0,0,0
450180,0,1,1991,0,0,0,0,0,0,0,0,0,0
450180,0,2,1991,0,0,0,0,0,0,0,0,0,0
450180,1,1,1991,0,0,0,0,0,0,0,0,0,0
450181,1,1,1991,18,18,18,18,18,18,18,18,18,18
450181,2,1,1991,0,0,0,0,0,0,0,0,0,0
450182,1,1,1991,0,0,0,0,0,0,0,0,0,0
450182,2,1,1991,0,0,0,0,0,0,0,0,0,0
450183,1,1,1991,0,0,0,0,0,0,0,0,0,0
450184,1,1,1991,0,0,0,0,0,0,0,0,0,0
450184,2,1,1991,26,26,26,26,26,26,26,26,26,26
450185,1,1,1991,0,0,0,0,0,0,0,0,0,0
450186,1,1,1991,0,0,0,0,0,0,0,0,0,0
450187,1,1,1991,0,0,0,0,0,0,0,0,0,0
450188,1,1,1991,10,25,12,0,0,25,0,6,20,10
450189,1,1,1991,12,12,12,12,12,12,12,12,12,12
450190,1,1,1991,23,23,23,23,23,23,23,23,23,23
450191,0,1,1991,0,0,0,0,0,0,0,0,0,0
450191,1,1,1991,0,0,0,0,0,0,0,0,0,0
450192,0,1,1991,12,41,15,25,8,22,0,13,29,26
450192,1,1,1991,0,0,0,10,4,0,0,0,11,0
450193,1,1,1991,0,0,0,0,0,0,0,0,0,0
450193,2,1,1991,0,0,0,0,0,0,0,0,0,0
450194,0,1,1991,22,22,22,22,22,22,22,22,22,22
450194,1,1,1991,0,0,0,0,0,0,0,0,0,0
450195,1,1,1991,17,17,17,17,17,17,17,17,17,17
450196,1,1,1991,0,0,0,0,0,0,0,0,0,0
450196,2,1,1991,0,0,0,0,0,0,0,0,0,0
450197,1,1,1991,0,0,0,0,0,0,0,0,0,0
450198,1,1,1991,28,0,0,0,0,0,0,20,0,0
450199,1,1,1991,0,0,0,0,0,0,0,0,0,0
450200,1,1,1991,0,0,0,0,0,0,0,0,0,0
450200,2,1,1991,0,0,0,0,0,0,0,0,0,0
450201,1,1,1991,0,0,0,0,0,0,0,0,0,0
450202,1,1,1991,0,0,0,0,0,0,0,0,0,0
450202,2,1,1991,0,0,0,0,0,0,0,0,0,0
450203,1,1,1991,0,0,0,0,0,0,0,0,0,0
450204,1,1,1991,5,5,5,5,5,5,5,5,5,5
450205,0,1,1991,38,38,38,38,38,38,38,38,38,38
450205,1,1,1991,0,0,0,0,0,0,0,0,0,0
450206,1,1,1991,0,0,0,0,0,0,0,0,0,0
450206,2,1,1991,0,0,0,0,0,0,0,0,0,0
450207,0,1,1991,28,28,28,28,28,28,28,28,28,28
450207,1,1,1991,0,0,0,0,0,0,0,0,0,0
450208,1,1,1991,0,0,0,0,0,0,0,0,0,0
450209,1,1,1991,26,26,26,26,26,26,26,26,26,26
450210,1,1,1991,0,0,0,0,0,0,0,0,0,0
450211,1,1,1991,0,0,0,0,0,0,0,0,0,0
450212,1,1,1991,0,0,0,0,0,0,0,0,0,0
450212,2,1,1991,0,0,0,0,4,0,0,0,0,0
450213,1,1,1991,0,0,0,0,0,0,0,0,0,0
450213,2,1,1991,0,0,0,0,0,0,0,0,2,0
450213,3,1,1991,0,16,6,0,0,0,0,0,15,0
450213,4,1,1991,0,0,0,0,0,0,0,0,0,0
450213,5,1,1991,0,0,0,0,0,0,0,0,0,0
450214,0,1,1991,0,0,0,0,0,0,0,0,0,0
450214,1,1,1991,0,0,0,0,0,0,0,0,0,0
450215,1,1,1991,17,17,17,17,17,17,17,17,17,17
450215,2,1,1991,0,0,0,0,0,0,0,0,0,0
450216,0,1,1991,0,0,8,14,29,0,0,38,0,0
450216,1,1,1991,0,33,19,4,16,15,9,16,11,20
450217,1,1,1991,0,0,0,0,0,0,0,0,0,0
450218,1,1,1991,21,21,21,21,21,21,21,21,21,21
450219,1,1,1991,0,0,0,0,0,0,0,0,0,0
450220,1,1,1991,0,0,0,0,0,17,24,0,0,0
450220,2,1,1991,27,0,11,8,0,0,0,0,0,18
450221,1,1,1991,10,10,10,10,10,10,10,10,10,10
450222,1,1,1991,0,0,0,0,0,0,0,0,0,0
450222,2,1,1991,0,0,0,0,0,0,0,0,0,0
450223,1,1,1991,2,2,2,2,2,2,2,2,2,2
450223,2,1,1991,0,0,0,0,0,0,0,0,25,0
450224,1,1,1991,0,0,0,0,0,0,0,0,0,0
450225,1,1,1991,3,3,3,3,3,3,3,3,3,3
450226,1,1,1991,0,0,0,0,0,0,0,0,0,0
450226,2,1,1991,0,0,0,0,0,0,0,0,0,0
450227,0,1,1991,0,0,0,0,0,0,0,0,0,0
450227,1,1,1991,0,0,0,0,0,0,0,0,0,0
450228,1,1,1991,0,0,0,0,0,0,0,0,0,0
450228,2,1,1991,0,0,0,0,0,0,0,0,0,0
450229,0,1,1991,28,28,28,28,28,28,28,28,28,28
450229,1,1,1991,0,0,0,0,0,16,0,19,0,0
450230,1,1,1991,0,0,0,0,0,0,0,0,0,0
450230,2,1,1991,0,0,0,0,0,0,0,0,0,0
450231,1,1,1991,0,0,0,0,0,0,0,0,0,0
450231,2,1,1991,0,0,0,0,0,0,0,0,0,0
450232,0,1,1991,17,15,0,8,18,3,17,9,10,20
450232,1,1,1991,0,0,0,0,0,0,0,13,0,0
450233,1,1,1991,16,0,0,0,0,0,0,0,0,0
450234,1,1,1991,0,0,0,0,0,0,0,0,0,0
450235,1,1,1991,0,0,0,0,0,0,0,0,0,0
450236,1,1,1991,0,0,0,4,0,0,0,19,0,0
450237,1,1,1991,0,0,0,0,0,0,0,0,0,0
450238,1,1,1991,20,0,13,0,0,0,0,0,4,0
450238,2,1,1991,0,38,11,0,0,0,0,0,0,0