ST_CASE,VEH_NO,PER_NO,YEAR,P1,P2,P3,P4,P5,P6,P7,P8,P9,P10
450808,1,1,1991,0,0,0,0,0,0,0,0,0,0
450808,2,1,1991,0,0,0,0,0,0,0,0,0,0
450809,0,1,1991,12,0,20,38,0,27,0,0,0,0
450809,1,1,1991,11,11,11,11,11,11,11,11,11,11
450810,1,1,1991,2,2,2,2,2,2,2,2,2,2
450811,0,1,1991,0,0,12,29,0,0,0,0,0,19
450811,0,2,1991,33,0,23,0,0,0,0,20,17,0
450811,1,1,1991,1,1,1,1,1,1,1,1,1,1
450812,1,1,1991,9,11,20,9,14,9,0,34,13,20
450813,1,1,1991,0,0,0,0,0,0,0,0,0,0
450813,2,1,1991,0,0,0,0,0,0,0,0,0,0
450814,1,2,1991,0,19,0,0,0,0,0,0,0,0
450815,0,1,1991,0,0,21,0,0,0,0,12,0,13
450815,1,1,1991,0,0,0,16,0,0,0,5,2,0
450817,1,1,1991,0,0,0,0,0,0,0,0,0,0
450817,2,1,1991,0,0,0,0,0,0,0,0,0,0
460001,1,1,1991,29,29,29,29,29,29,29,29,29,29
460002,1,1,1991,0,0,0,0,0,0,0,0,0,0
460002,2,1,1991,0,0,0,0,0,0,0,0,0,0
460003,1,1,1991,0,0,0,0,0,0,0,0,0,0
460003,2,1,1991,0,0,0,8,0,0,0,0,0,0
460004,1,1,1991,0,0,0,0,0,0,0,0,0,0
460004,2,1,1991,0,0,0,0,0,0,0,0,0,0
460005,1,1,1991,0,0,0,0,0,0,0,0,0,0
460005,2,1,1991,0,0,0,0,0,0,0,0,0,0
460006,1,1,1991,0,0,0,0,0,0,0,0,0,0
460007,1,1,1991,0,0,0,0,0,0,0,0,0,0
460008,1,1,1991,17,17,17,17,17,17,17,17,17,17
460009,1,1,1991,15,15,15,15,15,15,15,15,15,15
460010,1,1,1991,0,0,0,0,0,0,0,0,0,0
460011,1,1,1991,26,26,26,26,26,26,26,26,26,26
460012,1,1,1991,0,0,0,0,0,0,0,0,0,0
460013,1,1,1991,0,0,0,0,0,0,0,13,0,0
460014,1,1,1991,19,19,19,19,19,19,19,19,19,19
460015,1,1,1991,17,17,17,17,17,17,17,17,17,17
460016,1,2,1991,20,0,12,15,31,24,34,25,30,19
460017,1,1,1991,13,13,13,13,13,13,13,13,13,13
460018,1,1,1991,20,20,20,20,20,20,20,20,20,20
460019,1,1,1991,0,0,0,0,0,0,0,0,0,0
460019,2,1,1991,0,0,0,0,0,0,0,0,0,0
460020,1,1,1991,0,0,0,0,0,0,0,0,0,0
460020,2,1,1991,0,0,0,0,0,0,0,0,0,0
460021,1,1,1991,26,26,26,26,26,26,26,26,26,26
460021,2,1,1991,0,0,0,0,0,0,0,0,0,0
460023,1,1,1991,0,0,0,0,0,0,0,0,0,0
460023,2,1,1991,0,0,0,0,0,0,0,0,0,0
460024,1,1,1991,9,9,9,9,9,9,9,9,9,9
460025,0,1,1991,0,0,0,0,0,0,0,0,0,0
460026,0,1,1991,32,32,32,32,32,32,32,32,32,32
460026,1,1,1991,0,0,0,0,0,0,0,0,0,0
460028,0,1,1991,46,46,46,46,46,46,46,46,46,46
460028,1,1,1991,17,0,0,16,11,0,26,0,0,19
460029,1,1,1991,0,0,0,0,0,0,0,0,0,0
460029,2,1,1991,0,0,0,0,0,0,0,0,0,0
460030,1,1,1991,0,0,0,0,25,0,0,0,0,0
460030,2,1,1991,9,9,9,9,9,9,9,9,9,9
460031,1,1,1991,0,0,0,0,0,0,0,0,0,0
460031,2,1,1991,0,0,0,0,0,0,0,0,0,0
460032,1,1,1991,23,23,23,23,23,23,23,23,23,23
460033,1,1,1991,0,0,0,0,0,0,0,0,0,0
460033,2,1,1991,29,29,29,29,29,29,29,29,29,29
460034,1,1,1991,3,3,3,3,3,3,3,3,3,3
460034,2,1,1991,16,16,16,16,16,16,16,16,16,16
460035,1,1,1991,22,22,22,22,22,22,22,22,22,22
460036,1,1,1991,19,19,19,19,19,19,19,19,19,19
460037,1,1,1991,14,14,14,14,14,14,14,14,14,14
460038,1,1,1991,0,0,0,0,0,0,0,0,0,0
460038,2,1,1991,0,0,0,0,0,0,0,0,0,0
460039,1,1,1991,11,0,24,0,24,9,0,19,0,0
460040,0,1,1991,0,0,0,0,0,0,0,0,0,0
460040,1,1,1991,9,9,9,9,9,9,9,9,9,9
460041,1,1,1991,0,0,0,0,0,0,0,0,0,0
460041,2,1,1991,0,0,0,0,0,0,0,0,0,0
460042,1,1,1991,29,29,29,29,29,29,29,29,29,29
460043,1,1,1991,21,15,12,15,30,7,24,20,35,17
460044,1,1,1991,19,19,19,19,19,19,19,19,19,19
460045,1,1,1991,19,19,19,19,19,19,19,19,19,19
460046,1,1,1991,0,0,0,0,0,0,0,0,0,0
460047,0,1,1991,0,0,0,0,0,0,0,0,0,0
460048,1,1,1991,0,0,0,0,0,0,0,0,0,0
460050,0,1,1991,0,0,0,25,0,0,11,0,0,0
460050,1,1,1991,0,0,0,0,0,0,0,0,0,0
460050,2,1,1991,0,0,0,0,0,0,0,0,0,0
460051,0,1,1991,27,27,27,27,27,27,27,27,27,27
460051,1,1,1991,16,16,16,16,16,16,16,16,16,16
460052,1,1,1991,19,19,19,19,19,19,19,19,19,19
460053,1,1,1991,9,0,15,8,0,21,31,15,12,0
460054,0,1,1991,0,0,0,0,0,0,0,0,0,0
460054,1,1,1991,0,0,0,0,0,0,0,0,0,0
460055,1,1,1991,26,18,14,33,14,10,8,30,28,21
460056,0,1,1991,28,0,38,4,0,0,17,0,0,0
460056,1,1,1991,24,24,24,24,24,24,24,24,24,24
460057,1,1,1991,0,0,0,0,0,0,0,0,0,0
460057,2,1,1991,0,0,0,0,0,0,0,0,0,0
460058,1,1,1991,0,0,0,0,0,0,0,0,0,0
460058,2,1,1991,0,0,0,0,0,0,0,0,0,0
460059,1,1,1991,0,0,0,0,0,0,0,0,0,0
460059,2,1,1991,0,0,0,0,0,0,0,0,0,0
460060,0,1,1991,0,0,0,0,0,0,0,0,0,0
460060,1,1,1991,0,0,0,0,0,0,0,0,0,0
460061,1,1,1991,0,0,0,0,0,0,0,0,0,0
460061,2,1,1991,0,0,0,0,0,0,0,0,0,0
460062,1,1,1991,15,15,15,15,15,15,15,15,15,15
460063,1,1,1991,30,30,30,30,30,30,30,30,30,30
460064,1,1,1991,0,0,0,0,0,0,0,0,0,0
460064,2,1,1991,20,20,20,20,20,20,20,20,20,20
460065,1,1,1991,25,25,25,25,25,25,25,25,25,25
460066,1,1,1991,18,18,18,18,18,18,18,18,18,18
460067,1,1,1991,0,0,0,0,0,19,0,13,18,0
460068,1,1,1991,0,0,0,0,0,0,0,0,0,0
460069,1,1,1991,19,19,19,19,19,19,19,19,19,19
460069,2,1,1991,0,0,0,0,0,0,0,0,0,0
460070,0,1,1991,0,0,0,0,0,0,0,0,0,0
460070,1,1,1991,0,0,0,0,0,0,0,0,0,0
460071,1,1,1991,13,13,13,13,13,13,13,13,13,13
460072,1,1,1991,0,0,0,0,0,0,0,0,0,0
460073,1,1,1991,0,0,0,0,0,0,0,0,0,0
460074,1,1,1991,0,0,0,0,0,0,0,0,0,0
460075,1,1,1991,16,7,0,0,0,0,48,0,0,0
460076,0,1,1991,17,17,17,17,17,17,17,17,17,17
460076,1,1,1991,32,8,0,18,14,6,5,6,15,20
460077,1,1,1991,0,0,0,0,0,0,0,0,0,0
460077,2,1,1991,0,0,0,0,0,0,0,0,0,0
460078,1,1,1991,0,0,0,0,0,0,0,0,0,0
460079,1,1,1991,0,0,0,0,0,0,0,0,0,0
460080,1,1,1991,19,19,19,19,19,19,19,19,19,19
460081,1,1,1991,9,9,9,9,9,9,9,9,9,9
460082,1,1,1991,19,19,19,19,19,19,19,19,19,19
460083,1,1,1991,22,22,22,22,22,22,22,22,22,22
460084,1,1,1991,21,21,21,21,21,21,21,21,21,21
460085,1,1,1991,21,21,21,21,21,21,21,21,21,21
460086,1,1,1991,0,0,0,0,0,0,0,0,0,0
460086,2,1,1991,0,0,0,0,0,0,0,0,0,0
460087,0,1,1991,0,0,0,0,0,0,0,0,0,0
460087,1,1,1991,0,0,0,0,0,0,0,0,0,0
460088,1,1,1991,0,0,0,0,0,0,0,0,0,0
460088,2,1,1991,0,0,0,0,0,0,0,0,0,0
460089,1,1,1991,0,0,0,0,0,0,0,0,0,0
460090,1,1,1991,0,0,0,0,0,0,0,0,0,0
460090,2,1,1991,0,0,0,0,0,0,0,0,0,0
460091,1,1,1991,20,20,20,20,20,20,20,20,20,20
460092,1,1,1991,0,0,0,0,0,0,0,0,0,0
460092,2,1,1991,0,0,0,0,0,0,0,0,0,0
460093,1,1,1991,0,0,0,0,0,0,0,0,0,0
460094,1,1,1991,0,0,0,0,0,0,0,0,0,0
460095,1,1,1991,23,23,23,23,23,23,23,23,23,23
460096,1,1,1991,16,16,16,16,16,16,16,16,16,16
460097,1,1,1991,0,0,0,0,0,0,0,0,0,0
460098,1,1,1991,17,17,17,17,17,17,17,17,17,17
460099,1,1,1991,0,0,0,0,0,0,0,0,0,0
460100,1,1,1991,0,0,0,0,0,0,0,0,0,0
460100,2,1,1991,0,0,0,0,0,0,0,0,0,0
460101,0,1,1991,0,0,0,0,0,0,0,0,0,0
460101,1,1,1991,0,0,0,0,0,0,0,0,0,0
460102,1,1,1991,0,0,0,0,0,0,0,0,0,0
460102,2,1,1991,0,0,0,0,0,0,0,0,0,0
460103,0,1,1991,14,14,14,14,14,14,14,14,14,14
460103,1,1,1991,0,0,0,0,0,0,0,0,0,0
460104,1,1,1991,0,0,0,0,0,0,0,0,0,0
460104,2,1,1991,0,0,0,0,0,0,0,0,0,0
460105,1,1,1991,31,31,31,31,31,31,31,31,31,31
460106,1,1,1991,23,23,23,23,23,23,23,23,23,23
460107,1,1,1991,0,0,0,0,0,0,0,0,0,0
460107,2,1,1991,0,0,0,0,0,0,0,0,0,0
460108,1,1,1991,0,0,0,0,0,0,0,0,0,0
460108,2,1,1991,0,0,0,0,0,0,0,0,0,0
460109,1,1,1991,0,0,0,0,0,0,0,0,0,0
460109,2,1,1991,0,0,0,0,0,0,0,0,0,0
460110,1,1,1991,25,25,25,25,25,25,25,25,25,25
460111,1,1,1991,0,0,0,0,0,0,0,0,0,0
460112,1,1,1991,0,0,0,0,0,0,0,0,0,0
460112,2,1,1991,19,19,19,19,19,19,19,19,19,19
460113,1,1,1991,20,20,20,20,20,20,20,20,20,20
460114,1,1,1991,0,0,0,0,0,0,0,0,0,0
460114,2,1,1991,0,0,0,0,0,0,0,0,0,0
460115,1,1,1991,0,0,0,0,0,0,0,0,0,0
460115,2,1,1991,0,0,0,0,0,0,0,0,0,0
460116,1,1,1991,30,30,30,30,30,30,30,30,30,30
460116,2,1,1991,0,0,0,0,0,0,0,0,0,0
460117,1,1,1991,0,0,0,0,0,0,0,0,0,0
460118,1,1,1991,11,24,27,0,13,20,17,34,27,8
460118,2,1,1991,0,0,0,7,0,0,0,0,0,0
460119,1,1,1991,0,0,0,0,0,0,0,0,0,0
460119,2,1,1991,0,0,0,0,0,0,0,0,0,0
460120,1,1,1991,16,16,16,16,16,16,16,16,16,16
460121,0,1,1991,0,0,0,0,0,0,0,0,0,0
460121,1,1,1991,0,0,0,0,0,0,0,0,0,0
460122,1,1,1991,0,0,0,0,0,0,0,0,0,0
460123,1,1,1991,0,0,0,0,0,0,0,0,0,0
460123,2,1,1991,0,0,0,0,0,0,0,0,0,0
460123,3,1,1991,0,0,0,0,0,0,0,0,0,0
460124,1,1,1991,0,0,0,0,0,0,0,0,0,0
460125,1,1,1991,0,0,0,0,0,0,0,0,0,0
460126,1,1,1991,0,0,0,21,0,0,3,0,0,0
460127,1,1,1991,0,0,0,0,0,0,0,0,0,0
460127,2,1,1991,0,0,0,0,0,0,0,0,0,0
460128,1,1,1991,0,0,0,0,0,0,0,0,0,0
460129,1,1,1991,0,0,0,0,0,0,0,0,0,0
460129,2,1,1991,0,0,0,0,0,0,0,0,0,0
460130,1,1,1991,0,0,0,0,0,0,0,0,0,0
460130,2,1,1991,0,0,0,0,0,0,0,0,0,0
460131,1,1,1991,0,0,0,0,0,0,0,0,0,0
460132,1,1,1991,24,0,0,0,0,0,0,17,5,31
460133,1,1,1991,0,0,27,21,24,21,32,0,2,22
470001,1,1,1991,23,23,23,23,23,23,23,23,23,23
470002,1,1,1991,0,0,0,13,0,0,16,30,0,0
470002,2,1,1991,0,0,0,0,0,0,0,0,0,0
470003,1,1,1991,25,25,25,25,25,25,25,25,25,25
470004,1,1,1991,26,26,26,26,26,26,26,26,26,26
470004,2,1,1991,4,4,4,4,4,4,4,4,4,4
470006,1,1,1991,17,17,17,17,17,17,17,17,17,17
470007,1,1,1991,0,0,0,0,0,0,0,0,0,0
470008,1,1,1991,16,0,0,0,8,0,0,0,0,12
470008,2,1,1991,0,0,0,0,0,0,0,0,0,0
470009,1,1,1991,0,0,0,0,0,0,0,0,0,0
470009,2,1,1991,0,0,0,0,0,0,0,0,0,0
470009,3,1,1991,0,0,0,0,0,0,0,0,0,0
470010,1,1,1991,26,26,26,26,26,26,26,26,26,26
470011,1,1,1991,24,24,24,24,24,24,24,24,24,24
470012,0,1,1991,0,0,0,0,0,0,0,0,0,0
470012,1,1,1991,0,0,0,0,0,0,0,5,0,0
470014,1,1,1991,13,13,13,13,13,13,13,13,13,13
470015,1,1,1991,0,0,0,0,0,0,0,0,0,0
470015,2,1,1991,0,0,0,0,0,0,0,0,0,0
470016,0,1,1991,0,0,0,0,0,0,0,0,0,0
470016,1,1,1991,0,0,0,0,0,0,0,0,0,0
470017,0,1,1991,0,0,0,0,0,0,0,0,0,0
470017,1,1,1991,5,5,5,5,5,5,5,5,5,5
470017,2,1,1991,0,0,0,0,0,0,0,0,0,0
470018,0,1,1991,0,0,0,0,0,0,0,0,0,0
470018,1,1,1991,0,0,0,0,0,0,0,0,0,0
470019,1,1,1991,17,17,17,17,17,17,17,17,17,17
470020,1,1,1991,21,21,21,21,21,21,21,21,21,21
470021,1,1,1991,0,0,0,0,0,0,0,0,0,0
470021,2,1,1991,19,19,19,19,19,19,19,19,19,19
470022,1,1,1991,21,21,21,21,21,21,21,21,21,21
470023,1,1,1991,15,15,15,15,15,15,15,15,15,15
470024,1,1,1991,0,0,0,0,0,0,0,0,0,0
470025,1,1,1991,0,0,0,0,0,0,0,0,0,0
470025,2,1,1991,0,0,0,0,0,0,0,5,0,0
470025,3,1,1991,0,0,0,0,0,0,0,0,0,0
470026,1,2,1991,0,0,0,0,0,0,0,0,0,0
470027,1,1,1991,0,0,0,0,0,0,0,0,0,0
470027,2,1,1991,0,0,0,0,0,0,0,0,0,0
470028,1,1,1991,0,0,0,0,0,0,0,0,0,0
470028,2,1,1991,0,0,0,0,0,0,0,0,0,0
470029,1,1,1991,12,12,12,12,12,12,12,12,12,12
470030,1,1,1991,9,7,18,12,28,16,16,21,16,11
470031,1,1,1991,3,3,3,3,3,3,3,3,3,3
470031,2,1,1991,0,0,0,0,0,0,0,0,0,0
470032,0,1,1991,0,0,0,0,0,0,0,0,0,0
470032,1,1,1991,0,0,0,0,0,0,0,0,0,0
470033,1,1,1991,0,8,0,0,8,0,26,0,18,0
470034,0,1,1991,0,0,0,0,0,0,0,0,0,0
470034,0,2,1991,0,8,0,0,0,0,0,0,14,0
470034,0,3,1991,0,0,0,0,0,0,0,0,0,0
470034,1,1,1991,24,24,24,24,24,24,24,24,24,24
470035,1,1,1991,0,0,0,0,0,0,0,0,0,0
470035,2,1,1991,0,0,0,6,0,0,0,0,0,0
470036,0,1,1991,39,39,39,39,39,39,39,39,39,39
470036,1,1,1991,0,0,0,0,0,0,0,0,0,0
470037,1,1,1991,0,0,0,0,0,0,0,0,0,0
470038,1,1,1991,0,0,0,0,0,0,0,0,0,0
470038,2,1,1991,0,0,0,0,0,0,0,0,0,0
470039,0,1,1991,0,0,0,0,0,0,0,0,0,0
470039,1,1,1991,12,12,12,12,12,12,12,12,12,12
470040,0,1,1991,0,0,0,0,0,0,0,0,0,0
470040,1,1,1991,0,0,0,0,0,0,0,0,0,0
470041,1,1,1991,18,18,18,18,18,18,18,18,18,18
470042,1,1,1991,21,14,10,10,24,29,6,14,19,26
470043,1,1,1991,0,0,0,0,16,0,0,0,0,0
470043,2,1,1991,0,0,0,0,0,9,0,0,0,0
470044,0,1,1991,0,0,0,0,0,0,0,0,0,0
470044,1,1,1991,0,0,0,0,0,0,0,0,0,0
470045,1,1,1991,2,2,2,2,2,2,2,2,2,2
470046,1,1,1991,19,19,19,19,19,19,19,19,19,19
470047,1,1,1991,15,15,15,15,15,15,15,15,15,15
470048,1,1,1991,17,17,17,17,17,17,17,17,17,17
470049,1,1,1991,29,29,29,29,29,29,29,29,29,29
470050,1,1,1991,0,0,0,0,0,0,0,0,0,0
470051,1,1,1991,0,0,0,0,0,0,0,0,0,0
470052,1,1,1991,5,5,5,5,5,5,5,5,5,5
470053,1,1,1991,26,26,26,26,26,26,26,26,26,26
470054,1,1,1991,19,19,19,19,19,19,19,19,19,19
470055,1,1,1991,15,15,15,15,15,15,15,15,15,15
470056,1,1,1991,16,16,16,16,16,16,16,16,16,16
470056,2,1,1991,9,9,9,9,9,9,9,9,9,9
470057,1,1,1991,28,28,28,28,28,28,28,28,28,28
470058,1,1,1991,16,15,0,23,0,0,0,18,0,17
470060,0,1,1991,40,40,40,40,40,40,40,40,40,40
470060,1,1,1991,0,0,0,0,0,0,0,0,0,0
470062,1,1,1991,0,0,0,0,0,0,0,0,0,0
470062,2,1,1991,0,0,0,0,0,0,16,0,0,0
470063,1,1,1991,0,0,0,0,0,0,0,0,0,0
470064,0,1,1991,0,0,0,0,0,0,0,0,0,0
470064,1,1,1991,0,0,0,0,0,0,0,0,0,0
470065,1,1,1991,22,22,22,22,22,22,22,22,22,22
470066,1,1,1991,0,0,0,0,0,0,0,0,0,0
470066,2,1,1991,0,0,0,0,0,0,0,0,0,0
470067,1,1,1991,0,0,0,0,0,0,0,0,0,0
470068,1,2,1991,0,20,23,14,21,13,0,0,0,0
470069,1,1,1991,1,1,1,1,1,1,1,1,1,1
470070,0,1,1991,0,0,0,0,0,0,0,0,0,0
470070,1,1,1991,0,0,0,0,0,0,0,0,0,0
470071,1,1,1991,20,20,20,20,20,20,20,20,20,20
470072,1,1,1991,0,0,0,0,0,0,0,0,0,0
470073,1,1,1991,0,0,0,0,0,0,0,0,0,0
470073,2,1,1991,0,0,0,0,0,0,0,0,0,0
470074,1,1,1991,0,0,0,0,0,0,0,0,0,0
470074,2,1,1991,0,0,0,0,0,0,0,0,0,0
470075,1,1,1991,0,0,0,0,0,0,0,0,0,0
470075,2,1,1991,0,0,0,0,0,0,0,0,0,0
470076,1,1,1991,8,8,8,8,8,8,8,8,8,8
470077,1,1,1991,0,0,23,0,22,0,6,24,0,0
470077,2,1,1991,25,25,25,25,25,25,25,25,25,25
470078,1,1,1991,14,14,14,14,14,14,14,14,14,14
470079,0,1,1991,0,0,0,0,0,0,0,0,0,0
470079,1,1,1991,0,0,0,0,0,0,0,0,0,0
470080,1,1,1991,11,17,11,13,9,21,11,35,34,27
470081,1,1,1991,0,0,0,0,0,0,0,0,0,0
470082,0,1,1991,0,0,0,0,0,0,0,0,0,0
470083,1,1,1991,0,0,0,0,0,0,0,0,0,0
470084,1,1,1991,0,0,0,0,17,0,0,0,0,0
470084,2,1,1991,0,0,0,0,0,0,0,0,0,0
470085,1,1,1991,0,0,0,0,0,0,0,0,0,0
470086,1,1,1991,0,0,0,0,0,0,0,0,0,0
470086,2,1,1991,0,0,0,0,0,0,0,0,0,0
470087,1,1,1991,0,0,0,0,0,0,0,0,0,0
470087,2,1,1991,0,0,0,0,0,0,0,0,0,0
470087,3,1,1991,0,0,0,0,0,0,0,0,0,0
470087,4,1,1991,0,0,0,0,0,0,0,0,0,0
470088,1,1,1991,0,0,0,0,0,0,0,0,0,0
470089,1,1,1991,0,0,0,0,0,0,0,0,0,0
470090,0,1,1991,0,0,0,0,0,0,0,0,0,0
470090,1,1,1991,24,24,24,24,24,24,24,24,24,24
470091,1,1,1991,0,0,0,31,0,0,10,0,18,0
470092,1,1,1991,0,0,0,0,0,0,0,0,0,0
470092,2,1,1991,0,0,0,0,0,0,0,0,0,0
470093,1,1,1991,0,0,0,0,0,0,0,0,0,0
470093,2,1,1991,19,19,19,19,19,19,19,19,19,19
470094,1,1,1991,0,27,0,0,0,0,0,0,0,0
470094,2,1,1991,0,0,0,0,0,0,0,0,7,0
470095,0,1,1991,0,0,0,0,0,0,0,0,0,0
470095,1,1,1991,0,0,0,0,0,0,0,0,0,0
470096,1,1,1991,0,0,0,0,0,0,0,0,0,0
470097,1,1,1991,22,22,22,22,22,22,22,22,22,22
470098,0,1,1991,0,0,0,0,0,0,0,0,0,0
470098,1,1,1991,0,0,0,0,0,0,0,0,0,0
470099,1,1,1991,0,0,0,0,0,0,0,0,0,0
470099,2,1,1991,0,0,0,0,0,0,0,0,0,0
470100,1,1,1991,16,16,16,16,16,16,16,16,16,16
470100,2,1,1991,0,0,0,0,0,0,0,0,0,0
470101,1,1,1991,0,0,0,0,13,11,0,22,0,0
470102,1,1,1991,21,21,21,21,21,21,21,21,21,21
470103,1,1,1991,0,0,0,0,0,0,0,0,0,0
470104,1,1,1991,0,0,0,0,0,0,0,0,0,0
470104,2,1,1991,0,0,0,0,0,0,0,0,0,0
470105,1,1,1991,0,0,0,0,0,0,0,0,0,0
470105,2,1,1991,0,0,0,0,0,0,0,0,0,0
470105,3,1,1991,0,0,0,0,0,0,0,0,0,0
470105,4,1,1991,0,0,0,0,0,0,0,0,0,0
470108,1,1,1991,28,28,28,28,28,28,28,28,28,28
470108,2,1,1991,0,0,0,0,0,0,0,0,0,0
470109,1,1,1991,12,0,0,0,0,0,0,0,0,6
470110,1,1,1991,16,16,16,16,16,16,16,16,16,16
470111,1,1,1991,8,8,8,8,8,8,8,8,8,8
470111,2,1,1991,0,0,0,0,0,0,0,0,0,0
470112,1,1,1991,0,0,30,15,0,0,0,33,0,0
470113,1,1,1991,0,0,0,0,0,12,0,0,29,0
470114,1,1,1991,13,13,13,13,13,13,13,13,13,13
470115,1,1,1991,13,13,13,13,13,13,13,13,13,13
470116,1,1,1991,22,22,22,22,22,22,22,22,22,22
470117,1,1,1991,0,0,0,0,0,0,0,0,0,0
470118,1,1,1991,0,0,0,0,0,0,0,0,0,0
470119,1,1,1991,0,0,0,0,0,0,0,0,0,0
470119,2,1,1991,0,0,0,0,0,0,0,0,0,0
470119,3,1,1991,0,0,0,0,0,0,0,0,0,0
470120,1,1,1991,21,21,21,21,21,21,21,21,21,21
470121,1,1,1991,0,0,0,0,0,0,0,0,0,0
470122,1,1,1991,21,21,21,21,21,21,21,21,21,21
470123,1,1,1991,10,10,10,10,10,10,10,10,10,10
470123,2,1,1991,0,0,0,0,0,0,0,0,0,0
470124,1,1,1991,0,0,0,0,0,0,0,0,0,0
470124,2,1,1991,0,0,0,0,0,0,0,0,0,0
470125,1,1,1991,18,18,18,18,18,18,18,18,18,18
470126,1,1,1991,0,0,0,0,0,0,0,0,0,0
470127,1,1,1991,0,0,0,0,6,0,0,0,0,0
470127,2,1,1991,27,27,27,27,27,27,27,27,27,27
470128,1,1,1991,32,32,32,32,32,32,32,32,32,32
470129,1,1,1991,0,0,0,0,0,0,0,0,0,0
470130,1,1,1991,0,0,0,0,0,0,0,0,0,0
470131,1,1,1991,0,0,0,0,0,0,0,0,0,0
470131,2,1,1991,0,0,0,0,0,0,0,0,0,0
470133,0,1,1991,0,0,0,0,0,0,0,0,0,0
470133,1,1,1991,0,0,0,0,0,0,0,0,0,0
470134,1,1,1991,0,27,22,0,0,0,0,3,0,0
470135,1,1,1991,0,0,0,0,0,0,0,0,0,0
470135,2,1,1991,0,0,0,0,0,0,0,0,0,0
470136,1,1,1991,12,12,12,12,12,12,12,12,12,12
470137,1,1,1991,0,0,0,0,0,0,19,0,0,0
470138,0,1,1991,0,0,0,0,0,0,0,0,0,18
470138,1,1,1991,14,14,14,14,14,14,14,14,14,14
470139,1,1,1991,24,24,24,24,24,24,24,24,24,24
470140,1,1,1991,0,0,0,0,0,0,0,0,0,0
470140,2,1,1991,0,0,0,0,0,0,0,0,0,0
470140,3,1,1991,0,0,0,0,0,0,0,0,0,0
470141,1,1,1991,6,6,6,6,6,6,6,6,6,6
470141,2,1,1991,5,5,5,5,5,5,5,5,5,5
470142,1,1,1991,0,0,0,0,0,0,0,0,0,0
470142,2,1,1991,0,0,0,0,0,0,0,0,0,0
470143,1,1,1991,20,20,20,20,20,20,20,20,20,20
470144,1,1,1991,2,2,2,2,2,2,2,2,2,2
470145,1,1,1991,15,15,15,15,15,15,15,15,15,15
470145,2,1,1991,0,0,0,0,0,0,0,0,0,0
470146,1,1,1991,0,0,0,0,0,0,0,0,0,0
470146,2,1,1991,0,0,0,0,0,0,0,0,0,0
470147,1,1,1991,0,0,0,0,0,0,0,0,0,0
470147,2,1,1991,0,0,0,0,0,0,0,0,0,0
470148,1,1,1991,0,0,0,0,0,0,0,0,24,0
470149,1,1,1991,0,0,0,0,0,0,0,0,0,0
470149,2,1,1991,0,0,0,0,0,0,0,0,0,0
470149,3,1,1991,0,0,0,0,0,0,0,0,0,0
470150,1,1,1991,0,0,0,0,0,0,0,0,0,0
470150,2,1,1991,0,0,0,0,0,0,0,0,0,0
470151,1,1,1991,18,25,31,30,30,37,30,22,22,13
470152,1,1,1991,25,20,13,20,17,18,17,14,14,16
470152,2,1,1991,9,9,9,9,9,9,9,9,9,9
470153,0,1,1991,0,16,0,35,34,13,0,20,15,23
470153,1,1,1991,0,0,0,0,0,0,0,0,0,0
470154,1,1,1991,9,9,9,9,9,9,9,9,9,9
470155,1,1,1991,20,20,20,20,20,20,20,20,20,20
470156,1,1,1991,29,29,29,29,29,29,29,29,29,29
470157,1,1,1991,28,28,28,28,28,28,28,28,28,28
470158,0,1,1991,18,18,18,18,18,18,18,18,18,18
470158,1,1,1991,0,0,25,0,0,0,0,0,0,0
470159,1,1,1991,0,0,0,0,0,0,0,0,0,0
470160,1,1,1991,23,23,23,23,23,23,23,23,23,23
470161,1,1,1991,16,19,4,17,0,21,0,25,16,14
470162,1,1,1991,0,0,0,0,0,0,0,0,0,0
470163,1,1,1991,0,10,0,0,0,0,0,0,0,0
470163,2,1,1991,0,0,0,0,0,0,0,0,0,0
470164,1,1,1991,1,1,1,1,1,1,1,1,1,1
470165,1,1,1991,7,7,7,7,7,7,7,7,7,7
470165,2,1,1991,0,0,0,0,0,0,0,0,0,0
470166,1,1,1991,19,19,19,19,19,19,19,19,19,19
470167,1,1,1991,20,20,20,20,20,20,20,20,20,20
470168,1,1,1991,0,0,0,0,0,0,0,0,0,0
470169,1,1,1991,26,26,26,26,26,26,26,26,26,26
470170,0,1,1991,0,0,0,0,0,0,0,0,0,0
470170,1,1,1991,0,19,0,12,0,0,0,13,0,0
470170,2,1,1991,0,0,0,0,0,0,0,0,0,0
470171,1,1,1991,9,9,9,9,9,9,9,9,9,9
470173,1,1,1991,23,21,19,9,8,12,32,11,12,14
470174,1,1,1991,10,10,10,10,10,10,10,10,10,10
470175,1,1,1991,0,0,0,0,0,0,0,0,0,0
470175,2,1,1991,0,0,0,0,0,0,0,0,0,0
470176,1,1,1991,0,0,0,0,0,0,0,0,0,0
470177,1,1,1991,35,35,35,35,35,35,35,35,35,35
470178,1,1,1991,6,6,6,6,6,6,6,6,6,6