ST_CASE,VEH_NO,PER_NO,YEAR,P1,P2,P3,P4,P5,P6,P7,P8,P9,P10
470179,1,1,1991,12,12,12,12,12,12,12,12,12,12
470180,1,1,1991,21,21,21,21,21,21,21,21,21,21
470181,1,1,1991,0,0,0,0,0,0,0,0,0,0
470182,1,1,1991,0,0,0,0,0,0,0,0,0,0
470182,2,1,1991,0,0,0,0,0,0,0,0,0,0
470183,1,1,1991,16,16,16,16,16,16,16,16,16,16
470183,2,1,1991,0,0,0,0,0,0,0,0,0,0
470184,1,1,1991,20,20,20,20,20,20,20,20,20,20
470185,1,1,1991,11,11,11,11,11,11,11,11,11,11
470186,1,1,1991,30,30,30,30,30,30,30,30,30,30
470187,1,1,1991,0,0,0,0,0,0,0,0,0,0
470188,1,1,1991,0,0,0,0,0,0,0,0,0,0
470188,2,1,1991,0,0,0,0,0,0,0,0,0,0
470189,1,1,1991,13,13,13,13,13,13,13,13,13,13
470190,1,1,1991,0,0,0,0,0,0,0,0,0,0
470191,1,1,1991,0,0,0,0,0,0,0,0,0,0
470193,0,1,1991,0,0,0,0,0,0,0,0,0,0
470193,0,2,1991,0,0,0,0,0,0,0,0,0,0
470193,1,1,1991,1,1,1,1,1,1,1,1,1,1
470194,1,1,1991,38,16,0,24,28,27,21,31,30,17
470195,0,1,1991,0,0,0,0,0,0,0,0,0,0
470195,1,1,1991,0,0,0,0,0,0,0,0,0,0
470196,1,1,1991,19,19,19,19,19,19,19,19,19,19
470197,1,1,1991,0,0,0,0,0,0,0,0,0,0
470197,2,1,1991,0,0,0,0,0,0,0,0,0,0
470197,3,1,1991,0,0,0,0,0,0,0,0,0,0
470198,0,1,1991,17,17,17,17,17,17,17,17,17,17
470198,1,1,1991,0,0,0,0,0,0,0,0,0,0
470199,1,1,1991,0,0,0,0,0,0,0,0,0,0
470199,2,1,1991,9,9,9,9,9,9,9,9,9,9
470200,1,1,1991,0,0,0,0,0,0,0,0,0,0
470201,1,1,1991,11,11,11,11,11,11,11,11,11,11
470202,1,1,1991,0,0,0,0,0,0,0,0,0,0
470202,2,1,1991,0,0,0,0,0,0,0,0,0,0
470203,1,1,1991,0,0,0,0,0,0,0,0,0,0
470203,2,1,1991,0,0,0,0,0,0,0,0,0,0
470204,1,1,1991,0,0,0,0,0,0,0,0,0,0
470204,2,1,1991,0,0,0,0,0,0,0,0,0,0
470205,0,1,1991,39,39,39,39,39,39,39,39,39,39
470205,1,1,1991,0,0,0,0,0,0,0,0,0,0
470205,2,1,1991,0,0,0,0,0,0,0,0,0,0
470206,1,1,1991,7,7,7,7,7,7,7,7,7,7
470208,1,2,1991,18,13,15,15,18,31,4,30,13,22
470209,1,1,1991,0,0,0,0,0,0,0,0,0,0
470210,1,1,1991,26,26,26,26,26,26,26,26,26,26
470211,1,1,1991,0,0,0,0,0,0,0,0,0,0
470212,1,1,1991,0,0,0,0,0,0,0,0,0,0
470213,1,1,1991,0,0,0,0,0,0,0,0,0,0
470213,2,1,1991,0,0,0,0,0,0,0,0,0,0
470214,1,1,1991,38,38,38,38,38,38,38,38,38,38
470214,2,1,1991,12,0,0,0,0,0,0,0,0,0
470215,1,1,1991,10,10,10,10,10,10,10,10,10,10
470215,2,1,1991,0,0,0,0,0,0,0,0,0,0
470216,1,1,1991,2,2,2,2,2,2,2,2,2,2
470217,1,1,1991,0,0,0,0,0,0,0,0,0,0
470217,2,1,1991,0,0,0,0,0,0,0,0,0,0
470218,1,1,1991,29,29,29,29,29,29,29,29,29,29
470219,1,1,1991,19,19,19,19,19,19,19,19,19,19
470220,0,1,1991,0,0,40,0,29,19,0,0,0,41
470220,1,1,1991,9,0,0,0,0,0,0,9,0,0
470221,1,1,1991,0,0,0,0,0,0,0,0,0,0
470222,1,1,1991,18,18,18,18,18,18,18,18,18,18
470223,1,1,1991,0,0,24,12,19,22,21,18,24,0
470224,1,1,1991,2,2,2,2,2,2,2,2,2,2
470225,1,1,1991,0,0,0,0,0,0,0,0,0,0
470225,2,1,1991,0,0,0,0,0,0,0,0,0,0
470225,3,1,1991,0,0,0,0,0,0,0,0,0,0
470226,1,1,1991,15,15,15,15,15,15,15,15,15,15
470227,1,1,1991,0,0,0,0,0,0,0,0,0,0
470227,2,1,1991,0,0,0,0,0,0,0,0,0,0
470228,1,1,1991,0,0,0,0,0,0,0,0,0,0
470228,2,1,1991,0,0,0,0,0,0,0,0,0,0
470229,1,1,1991,0,0,0,0,0,0,0,0,0,0
470230,1,1,1991,16,16,16,16,16,16,16,16,16,16
470232,1,1,1991,0,0,0,0,0,0,0,0,0,0
470233,1,1,1991,0,13,27,0,2,0,4,11,3,0
470234,1,1,1991,0,0,0,0,0,0,0,0,0,0
470234,2,1,1991,0,0,0,0,0,0,0,0,0,0
470235,1,1,1991,0,0,0,0,0,0,0,0,0,0
470235,2,1,1991,0,0,0,0,0,0,0,0,0,0
470236,0,1,1991,15,15,0,6,20,18,11,12,0,0
470236,1,1,1991,0,0,20,6,20,0,0,2,15,0
470237,1,1,1991,0,0,0,0,0,0,0,0,0,0
470238,1,1,1991,0,0,0,0,0,0,0,0,0,0
470238,2,1,1991,0,0,0,0,0,0,0,0,0,0
470239,1,1,1991,10,10,10,10,10,10,10,10,10,10
470240,1,1,1991,0,0,0,0,0,0,0,0,0,0
470240,2,1,1991,0,0,0,0,0,0,0,0,0,0
470241,1,1,1991,0,0,0,0,0,0,0,0,0,0
470242,1,1,1991,0,0,0,0,0,0,0,0,0,0
470243,1,1,1991,16,16,16,16,16,16,16,16,16,16
470243,2,1,1991,0,0,0,0,0,0,0,0,0,0
470243,3,1,1991,0,0,0,0,0,0,0,0,0,0
470244,1,1,1991,0,0,0,0,0,0,0,0,0,0
470244,2,1,1991,0,0,0,0,0,0,0,0,0,0
470245,1,1,1991,15,15,15,15,15,15,15,15,15,15
470246,1,1,1991,13,13,13,13,13,13,13,13,13,13
470247,1,1,1991,0,0,0,0,0,0,0,0,0,0
470247,2,1,1991,0,0,0,0,0,0,0,0,0,0
470247,3,1,1991,0,0,0,0,0,0,0,0,0,0
470248,1,1,1991,6,6,6,6,6,6,6,6,6,6
470249,1,1,1991,0,0,0,0,0,0,0,0,0,0
470249,2,1,1991,0,0,0,0,0,0,0,0,0,0
470249,3,1,1991,0,0,0,0,0,0,0,0,0,0
470250,1,1,1991,0,0,0,0,0,0,0,0,0,0
470251,1,1,1991,0,0,0,0,11,0,0,0,0,0
470252,1,1,1991,17,17,17,17,17,17,17,17,17,17
470252,2,1,1991,0,0,0,0,0,0,0,0,0,0
470253,1,1,1991,7,9,15,21,23,24,26,25,21,14
470254,1,1,1991,0,9,0,0,0,12,0,0,0,0
470255,1,1,1991,0,0,0,0,0,0,0,0,0,0
470255,2,1,1991,0,0,0,0,0,0,0,0,0,0
470256,1,1,1991,10,10,10,10,10,10,10,10,10,10
470256,2,1,1991,10,10,10,10,10,10,10,10,10,10
470257,0,1,1991,0,0,0,0,0,0,0,0,0,0
470257,1,1,1991,0,0,0,0,0,0,0,0,0,0
470257,2,1,1991,0,0,0,0,0,0,0,0,0,0
470258,1,1,1991,11,11,11,11,11,11,11,11,11,11
470258,2,1,1991,0,0,0,0,0,0,0,0,0,0
470259,0,1,1991,0,0,0,0,0,0,0,0,0,0
470259,1,1,1991,0,0,0,0,0,0,0,0,0,0
470260,1,1,1991,32,0,21,6,0,0,0,11,24,0
470260,2,1,1991,0,0,0,0,0,0,0,0,0,0
470261,1,1,1991,11,11,11,11,11,11,11,11,11,11
470262,1,1,1991,13,13,13,13,13,13,13,13,13,13
470262,2,1,1991,0,0,0,0,0,0,0,0,0,0
470263,1,1,1991,0,0,0,0,0,0,0,0,0,0
470264,1,1,1991,7,7,7,7,7,7,7,7,7,7
470265,1,1,1991,31,31,31,31,31,31,31,31,31,31
470266,1,1,1991,0,11,0,0,0,0,0,0,0,0
470267,1,1,1991,19,19,19,19,19,19,19,19,19,19
470268,1,1,1991,10,10,10,10,10,10,10,10,10,10
470268,2,1,1991,0,0,0,0,0,0,0,0,0,0
470269,1,1,1991,24,30,16,11,18,13,19,17,9,31
470270,1,1,1991,0,0,0,0,0,0,0,0,0,0
470270,2,1,1991,0,0,0,0,0,0,0,0,0,0
470271,0,1,1991,0,0,0,0,0,0,0,0,0,0
470271,1,1,1991,0,0,0,0,0,0,0,0,0,0
470272,1,1,1991,0,0,0,0,0,0,0,0,0,0
470272,2,1,1991,5,5,5,5,5,5,5,5,5,5
470273,1,1,1991,0,0,0,0,0,0,0,0,0,0
470274,1,1,1991,11,11,11,11,11,11,11,11,11,11
470275,1,1,1991,0,0,0,0,0,0,0,0,0,0
470275,2,1,1991,2,2,2,2,2,2,2,2,2,2
470276,1,1,1991,18,18,18,18,18,18,18,18,18,18
470277,0,1,1991,0,0,0,0,0,0,0,0,0,0
470277,1,1,1991,0,0,0,0,0,0,0,0,0,0
470278,1,1,1991,17,17,17,17,17,17,17,17,17,17
470279,1,1,1991,0,0,33,14,22,20,18,0,29,12
470280,0,1,1991,11,11,11,11,11,11,11,11,11,11
470280,1,1,1991,0,0,0,0,0,0,0,0,0,0
470280,2,1,1991,0,0,0,0,6,0,0,0,0,0
470281,1,1,1991,13,13,13,13,13,13,13,13,13,13
470283,1,1,1991,0,0,0,0,0,0,0,0,0,0
470283,2,1,1991,24,24,24,24,24,24,24,24,24,24
470284,1,1,1991,22,22,22,22,22,22,22,22,22,22
470284,2,1,1991,0,0,0,0,0,0,0,0,0,0
470285,1,1,1991,0,0,0,0,0,0,0,0,0,0
470285,2,1,1991,0,0,0,0,0,0,0,0,0,0
470287,1,1,1991,9,9,9,9,9,9,9,9,9,9
470288,1,1,1991,14,14,14,14,14,14,14,14,14,14
470290,1,1,1991,0,0,0,0,0,0,0,0,0,0
470291,1,1,1991,0,0,0,0,0,0,0,0,0,0
470291,2,1,1991,8,8,8,8,8,8,8,8,8,8
470292,1,1,1991,0,0,0,0,0,0,0,0,0,0
470293,1,1,1991,34,34,34,34,34,34,34,34,34,34
470294,1,1,1991,40,40,40,40,40,40,40,40,40,40
470294,2,1,1991,0,0,0,0,0,0,0,0,0,0
470295,1,1,1991,4,4,4,4,4,4,4,4,4,4
470296,1,1,1991,16,16,16,16,16,16,16,16,16,16
470297,1,1,1991,0,0,0,0,0,0,0,0,0,0
470298,1,1,1991,8,8,8,8,8,8,8,8,8,8
470299,1,1,1991,0,0,0,0,0,0,0,0,0,0
470300,1,1,1991,9,9,9,9,9,9,9,9,9,9
470301,1,1,1991,0,0,0,0,0,0,0,0,0,0
470301,2,1,1991,16,16,16,16,16,16,16,16,16,16
470302,1,1,1991,24,24,24,24,24,24,24,24,24,24
470303,1,1,1991,22,22,22,22,22,22,22,22,22,22
470304,1,1,1991,8,8,8,8,8,8,8,8,8,8
470305,1,1,1991,16,16,16,16,16,16,16,16,16,16
470306,0,1,1991,0,0,0,0,0,0,0,0,0,0
470306,0,2,1991,0,0,2,0,0,0,0,0,6,11
470306,1,1,1991,15,0,15,0,0,0,0,0,0,0
470307,1,1,1991,0,0,0,0,0,0,0,0,0,0
470307,2,1,1991,6,6,6,6,6,6,6,6,6,6
470308,1,1,1991,0,0,0,0,0,0,0,0,0,0
470308,2,1,1991,0,0,0,0,0,0,0,0,0,0
470309,1,1,1991,0,0,0,0,0,0,0,0,0,0
470309,2,1,1991,0,0,0,0,0,0,0,0,0,0
470310,1,1,1991,6,6,6,6,6,6,6,6,6,6
470310,2,1,1991,0,0,0,0,0,0,0,0,0,0
470311,1,1,1991,7,11,24,10,7,21,21,21,11,2
470312,0,1,1991,7,7,7,7,7,7,7,7,7,7
470312,1,1,1991,7,7,7,7,7,7,7,7,7,7
470313,1,1,1991,0,0,0,0,0,0,0,0,0,0
470313,2,1,1991,6,6,6,6,6,6,6,6,6,6
470314,1,1,1991,0,0,0,0,0,0,0,0,0,0
470314,2,1,1991,0,0,0,0,0,0,0,0,0,0
470315,1,1,1991,25,25,25,25,25,25,25,25,25,25
470316,1,1,1991,0,0,0,0,0,0,0,0,0,0
470316,2,1,1991,0,0,0,0,0,0,0,0,0,0
470317,1,1,1991,9,9,9,9,9,9,9,9,9,9
470318,0,1,1991,0,0,0,0,0,0,0,0,0,0
470318,1,1,1991,0,0,0,0,0,0,0,0,0,0
470319,1,1,1991,0,0,0,0,0,0,0,0,0,0
470319,2,1,1991,0,0,0,0,0,0,0,0,0,0
470320,1,1,1991,19,19,19,19,19,19,19,19,19,19
470321,1,1,1991,0,0,0,0,0,0,0,0,0,0
470322,1,1,1991,0,0,0,0,0,0,0,0,0,0
470323,1,1,1991,22,17,0,19,7,7,7,12,18,4
470323,2,1,1991,0,7,14,18,0,0,0,0,23,0
470324,1,1,1991,25,25,25,25,25,25,25,25,25,25
470325,1,1,1991,23,23,23,23,23,23,23,23,23,23
470326,1,1,1991,17,17,17,17,17,17,17,17,17,17
470327,1,1,1991,0,0,0,0,0,0,0,0,0,0
470328,1,1,1991,0,0,0,0,0,0,0,0,0,0
470328,2,1,1991,0,0,0,0,0,0,0,0,0,0
470329,1,1,1991,0,0,0,0,0,0,0,0,0,0
470329,2,1,1991,0,0,0,0,0,0,0,0,0,0
470330,1,1,1991,0,0,0,0,0,0,0,0,0,0
470330,2,1,1991,0,0,0,0,0,0,0,0,0,0
470331,1,1,1991,26,26,26,26,26,26,26,26,26,26
470332,1,1,1991,11,11,11,11,11,11,11,11,11,11
470333,1,1,1991,0,0,0,0,0,0,0,0,0,0
470333,2,1,1991,0,0,0,0,0,0,0,0,0,0
470334,1,1,1991,0,0,0,0,0,0,0,0,0,0
470334,2,1,1991,0,21,0,0,0,0,0,0,0,0
470336,1,1,1991,0,0,0,0,0,0,0,0,0,0
470337,1,1,1991,0,0,0,0,0,0,0,0,0,0
470337,2,1,1991,0,0,0,0,0,0,0,0,0,0
470338,1,1,1991,26,26,26,26,26,26,26,26,26,26
470339,1,1,1991,13,13,13,13,13,13,13,13,13,13
470339,2,1,1991,0,0,0,0,0,0,0,0,0,0
470340,1,1,1991,0,0,0,0,0,0,0,0,0,0
470340,2,1,1991,0,0,0,0,0,0,0,0,0,0
470341,1,1,1991,0,0,0,0,0,0,0,0,0,0
470342,1,1,1991,3,3,3,3,3,3,3,3,3,3
470342,2,1,1991,0,0,0,0,0,0,0,0,0,0
470343,1,1,1991,14,14,14,14,14,14,14,14,14,14
470344,1,1,1991,28,28,28,28,28,28,28,28,28,28
470345,1,1,1991,9,9,9,9,9,9,9,9,9,9
470345,2,1,1991,0,0,0,0,0,0,0,0,0,0
470347,1,1,1991,28,28,28,28,28,28,28,28,28,28
470347,2,1,1991,28,28,28,28,28,28,28,28,28,28
470348,1,1,1991,0,0,0,0,0,0,0,0,0,0
470348,2,1,1991,3,3,3,3,3,3,3,3,3,3
470348,3,1,1991,0,0,0,0,0,0,0,0,0,0
470349,1,1,1991,15,15,15,15,15,15,15,15,15,15
470350,1,1,1991,0,0,8,18,23,0,29,13,0,0
470350,2,1,1991,0,0,0,15,0,0,0,0,0,0
470350,3,1,1991,0,0,0,0,0,0,0,13,0,0
470350,4,1,1991,0,0,0,0,0,0,0,0,0,0
470351,1,1,1991,27,20,3,0,24,0,9,16,12,0
470352,1,1,1991,21,21,21,21,21,21,21,21,21,21
470352,2,1,1991,9,9,9,9,9,9,9,9,9,9
470353,1,1,1991,0,0,0,0,0,0,0,0,0,0
470353,2,1,1991,0,0,0,0,0,0,0,0,0,0
470354,1,1,1991,10,10,10,10,10,10,10,10,10,10
470354,2,1,1991,0,0,0,0,0,0,0,0,0,0
470355,1,1,1991,0,0,0,0,0,0,0,0,0,0
470355,2,1,1991,0,0,0,0,0,0,0,0,0,0
470356,1,1,1991,0,0,0,0,0,0,0,0,0,0
470357,1,1,1991,0,0,0,0,0,0,0,28,0,0
470358,1,1,1991,16,16,16,16,16,16,16,16,16,16
470358,2,1,1991,0,0,0,0,0,0,0,0,0,0
470359,1,1,1991,0,0,0,0,0,0,0,0,0,0
470359,2,1,1991,0,0,0,0,0,0,0,0,0,0
470360,1,1,1991,19,19,19,19,19,19,19,19,19,19
470361,1,1,1991,0,0,0,0,0,0,0,0,0,0
470362,1,1,1991,20,20,20,20,20,20,20,20,20,20
470363,1,1,1991,24,24,24,24,24,24,24,24,24,24
470364,1,1,1991,0,0,0,0,0,0,0,0,0,0
470364,2,1,1991,0,0,0,0,0,0,0,0,0,0
470364,3,1,1991,0,0,0,0,0,0,0,0,0,0
470365,0,1,1991,21,21,21,21,21,21,21,21,21,21
470365,1,1,1991,0,0,0,0,0,0,0,0,0,0
470366,0,1,1991,0,0,0,0,0,0,0,0,0,0
470366,1,1,1991,0,0,0,0,0,0,0,0,0,0
470367,1,1,1991,0,0,0,0,0,0,0,0,0,0
470367,2,1,1991,0,0,0,0,0,0,0,0,0,0
470368,1,1,1991,25,25,25,25,25,25,25,25,25,25
470369,1,1,1991,29,29,29,29,29,29,29,29,29,29
470370,1,1,1991,4,4,4,4,4,4,4,4,4,4
470370,2,1,1991,1,1,1,1,1,1,1,1,1,1
470371,1,1,1991,21,21,21,21,21,21,21,21,21,21
470372,1,1,1991,0,0,0,0,0,0,0,0,0,0
470373,1,1,1991,0,0,0,0,0,0,0,0,0,0
470373,2,1,1991,0,0,0,0,0,0,0,0,0,0
470374,1,1,1991,8,8,8,8,8,8,8,8,8,8
470375,1,1,1991,22,22,22,22,22,22,22,22,22,22
470376,1,1,1991,0,17,13,0,7,27,0,0,0,16
470377,1,1,1991,26,21,30,24,14,12,5,24,8,34
470378,1,1,1991,25,25,25,25,25,25,25,25,25,25
470379,0,1,1991,6,6,6,6,6,6,6,6,6,6
470379,1,1,1991,0,0,0,0,0,0,0,0,0,0
470380,1,1,1991,0,0,0,0,0,0,0,0,0,0
470381,0,1,1991,28,28,28,28,28,28,28,28,28,28
470381,0,2,1991,0,0,34,23,58,26,14,46,19,0
470382,1,1,1991,5,5,5,5,5,5,5,5,5,5
470382,2,1,1991,0,0,0,0,0,0,0,0,0,0
470383,1,1,1991,0,0,0,0,0,0,0,0,0,11
470383,2,1,1991,0,0,0,0,0,0,10,0,0,0
470384,1,1,1991,13,23,20,28,0,23,8,21,16,4
470385,1,1,1991,19,19,19,19,19,19,19,19,19,19
470385,2,1,1991,0,0,0,0,0,0,0,0,0,0
470386,1,1,1991,0,0,0,0,0,0,0,0,0,0
470386,2,1,1991,4,4,4,4,4,4,4,4,4,4
470387,1,1,1991,0,0,0,0,0,0,10,0,0,0
470387,2,1,1991,0,0,0,0,0,0,0,0,0,0
470388,0,1,1991,0,0,0,0,0,0,0,0,0,0
470388,1,1,1991,0,0,0,0,0,0,0,0,0,0
470389,1,1,1991,0,0,0,0,0,0,0,0,0,0
470389,2,1,1991,0,0,0,0,0,0,0,0,0,0
470390,1,1,1991,0,0,0,0,0,0,0,0,0,0
470390,2,1,1991,17,17,17,17,17,17,17,17,17,17
470391,1,1,1991,0,0,0,0,0,0,0,0,0,0
470392,1,1,1991,0,0,0,0,0,0,0,0,0,0
470392,2,1,1991,0,0,0,0,0,0,0,0,0,0
470393,1,1,1991,29,29,29,29,29,29,29,29,29,29
470394,1,1,1991,16,16,16,16,16,16,16,16,16,16
470394,2,1,1991,25,25,25,25,25,25,25,25,25,25
470395,1,1,1991,0,0,0,0,0,0,0,0,0,0
470395,2,1,1991,0,0,0,0,0,0,0,0,0,0
470396,1,1,1991,0,0,0,0,0,0,0,0,0,0
470396,2,1,1991,0,0,0,0,0,0,0,0,0,0
470397,1,1,1991,0,0,0,0,0,0,0,0,0,0
470397,2,1,1991,0,0,0,0,0,0,0,0,0,0
470399,0,1,1991,15,24,20,30,10,7,12,0,11,0
470399,1,1,1991,20,18,0,12,0,17,4,0,0,7
470400,1,1,1991,15,15,15,15,15,15,15,15,15,15
470400,2,1,1991,0,14,0,0,0,0,22,17,0,0
470401,0,1,1991,0,0,0,0,0,0,0,0,0,0
470401,1,1,1991,0,0,0,0,0,0,0,0,0,0
470402,1,1,1991,15,15,15,15,15,15,15,15,15,15
470402,2,1,1991,0,0,0,0,0,0,0,0,0,0
470403,1,1,1991,15,17,20,13,20,7,0,5,12,16
470404,0,1,1991,0,0,0,0,0,0,0,0,0,0
470404,1,1,1991,0,0,0,0,0,0,0,0,0,0
470404,2,1,1991,0,0,0,0,0,0,0,0,0,0
470405,1,1,1991,0,0,0,0,0,0,0,0,0,9
470405,2,1,1991,0,0,0,0,0,0,0,0,0,0
470406,1,1,1991,17,17,17,17,17,17,17,17,17,17
470406,2,1,1991,16,0,8,2,12,0,0,0,0,0
470406,3,1,1991,0,0,0,0,0,0,0,0,0,0
470407,1,1,1991,0,11,0,0,0,0,0,0,0,0
470408,1,1,1991,21,21,21,21,21,21,21,21,21,21
470409,1,1,1991,0,0,0,0,0,0,0,0,0,0
470409,2,1,1991,0,0,0,0,0,0,0,0,0,0
470410,0,1,1991,0,0,0,0,0,0,0,0,0,0
470410,1,1,1991,0,0,0,12,15,0,0,0,0,0
470411,1,1,1991,0,0,0,0,0,0,0,0,0,0
470412,1,1,1991,23,23,23,23,23,23,23,23,23,23
470413,1,1,1991,1,1,1,1,1,1,1,1,1,1
470414,1,1,1991,0,0,0,0,0,0,0,0,0,0
470414,2,1,1991,0,0,0,0,0,0,0,0,0,0
470415,1,1,1991,0,0,0,0,0,0,0,0,0,0
470415,2,1,1991,0,0,0,0,0,0,0,0,0,0
470416,1,1,1991,0,0,0,0,0,0,0,0,0,0
470416,2,1,1991,0,0,0,0,0,0,0,0,0,0
470416,3,1,1991,0,0,0,0,0,0,0,0,0,0
470416,4,1,1991,0,0,0,0,0,0,0,0,0,0
470417,0,1,1991,0,0,0,0,0,0,0,0,0,0
470417,0,2,1991,0,0,0,21,0,0,0,0,0,8
470417,2,1,1991,0,0,0,0,0,0,0,0,0,0
470418,1,1,1991,0,0,0,0,0,0,0,0,0,0
470418,2,1,1991,0,0,0,0,0,0,0,0,0,0
470419,1,1,1991,6,16,8,0,18,18,24,0,0,11
470420,1,1,1991,39,24,17,12,15,33,21,25,0,0
470421,1,1,1991,0,0,0,0,0,0,0,0,0,0
470421,2,1,1991,0,0,0,0,0,0,0,0,0,0
470422,0,1,1991,0,0,0,0,0,0,0,0,0,0
470422,1,1,1991,0,0,0,0,0,0,0,0,0,0
470423,1,1,1991,11,0,0,0,0,0,16,0,11,0
470424,1,1,1991,6,6,6,6,6,6,6,6,6,6
470425,1,1,1991,0,0,0,0,0,0,0,0,0,0
470426,1,1,1991,11,11,11,11,11,11,11,11,11,11
470426,2,1,1991,0,0,0,0,0,0,0,0,0,0
470427,0,1,1991,17,17,17,17,17,17,17,17,17,17
470427,1,1,1991,6,23,19,0,6,10,0,13,0,20
470428,1,1,1991,17,17,17,17,17,17,17,17,17,17
470430,1,1,1991,0,0,0,0,0,0,0,0,0,0
470430,2,1,1991,0,0,0,0,0,0,0,0,0,0
470430,3,1,1991,0,0,0,0,0,0,0,0,0,0
470431,1,1,1991,0,0,0,0,0,0,0,0,0,0
470431,2,1,1991,15,15,15,15,15,15,15,15,15,15
470432,1,1,1991,0,0,0,0,0,0,0,0,0,0
470432,2,1,1991,0,0,0,0,0,0,0,0,0,0
470433,1,1,1991,0,0,0,0,0,0,0,0,0,0
470433,2,1,1991,0,17,0,0,0,0,0,0,0,0
470434,1,1,1991,0,0,0,0,0,0,0,0,0,0
470434,2,1,1991,0,0,0,0,0,0,0,0,0,0
470435,1,1,1991,7,7,7,7,7,7,7,7,7,7
470436,1,1,1991,29,29,29,29,29,29,29,29,29,29
470437,0,1,1991,0,0,0,0,0,0,0,0,0,0
470437,1,1,1991,28,19,13,13,16,0,12,6,26,15
470438,1,1,1991,11,11,11,11,11,11,11,11,11,11
470438,2,1,1991,0,0,0,0,0,0,0,3,0,0
470440,0,1,1991,26,26,26,26,26,26,26,26,26,26
470440,1,1,1991,0,0,0,0,0,0,9,0,0,0
470441,1,1,1991,4,4,4,4,4,4,4,4,4,4
470442,1,1,1991,15,15,15,15,15,15,15,15,15,15
470443,1,1,1991,28,28,28,28,28,28,28,28,28,28
470443,2,1,1991,0,0,0,0,0,0,0,0,0,0
470444,1,1,1991,0,0,0,0,0,0,0,0,0,0
470445,1,1,1991,14,14,14,14,14,14,14,14,14,14
470446,1,1,1991,0,0,0,0,0,0,0,0,0,0
470446,2,1,1991,12,0,0,2,13,0,0,0,18,4
470447,1,1,1991,0,0,0,0,0,0,0,0,0,0
470447,2,1,1991,0,0,0,0,0,0,0,0,0,0
470448,1,1,1991,0,0,0,0,0,0,0,0,0,0
470448,2,1,1991,0,0,0,0,0,0,0,0,0,0
470449,1,1,1991,0,0,0,0,0,0,0,0,0,0
470449,2,1,1991,0,0,0,0,0,0,0,0,0,0
470450,1,1,1991,0,0,0,0,0,0,0,0,0,0
470450,2,1,1991,0,0,0,0,0,0,0,0,0,0
470451,1,1,1991,0,0,0,0,0,0,0,0,0,0
470451,2,1,1991,0,0,0,0,0,0,0,0,0,0
470452,1,1,1991,0,0,0,0,0,0,0,0,0,0
470453,1,1,1991,19,7,22,0,8,20,20,31,0,17
470454,0,1,1991,11,11,11,11,11,11,11,11,11,11
470454,1,1,1991,9,14,9,16,15,22,24,9,10,15
470455,1,1,1991,17,17,17,17,17,17,17,17,17,17
470456,1,1,1991,0,0,0,0,0,0,0,0,0,0
470456,2,1,1991,0,0,0,0,0,0,0,0,0,0
470456,3,1,1991,0,0,0,0,0,0,0,0,0,0
470457,1,1,1991,0,0,0,0,0,0,0,0,0,0
470457,2,1,1991,0,0,0,0,0,0,0,0,0,0
470458,1,1,1991,0,0,0,0,0,0,0,0,0,0
470459,1,1,1991,0,0,0,0,0,0,0,0,0,0
470461,1,1,1991,0,0,0,0,0,0,0,0,0,0
470461,2,1,1991,0,0,0,0,0,0,0,0,0,0
470462,1,1,1991,30,30,30,30,30,30,30,30,30,30
470463,1,1,1991,5,5,5,5,5,5,5,5,5,5
470464,1,1,1991,0,0,0,0,0,0,0,0,0,0
470464,2,1,1991,0,0,0,0,0,0,0,0,0,0
470465,1,1,1991,0,0,0,0,0,0,0,0,0,0
470465,2,1,1991,0,0,0,0,0,0,0,0,0,0
470465,3,1,1991,0,0,0,0,0,0,0,0,0,0
470466,1,1,1991,6,6,6,6,6,6,6,6,6,6
470467,0,1,1991,0,0,0,0,0,0,0,0,0,0
470467,1,1,1991,0,0,0,0,0,0,0,0,0,0
470468,1,1,1991,19,19,19,19,19,19,19,19,19,19
470469,1,1,1991,0,0,28,0,0,13,0,0,0,0
470469,2,1,1991,0,0,0,7,0,0,0,0,0,0
470470,0,1,1991,25,25,25,25,25,25,25,25,25,25
470470,1,1,1991,0,0,0,0,0,0,0,0,0,0
470471,1,1,1991,9,9,9,9,9,9,9,9,9,9
470472,1,1,1991,0,0,0,0,0,0,0,0,0,0
470473,1,1,1991,0,0,0,0,0,0,0,0,0,0
470473,2,1,1991,0,0,0,0,0,0,0,0,0,0
470473,3,1,1991,0,0,0,0,0,0,0,0,0,0
470473,4,1,1991,0,0,0,0,0,0,0,0,0,0
470474,1,1,1991,22,22,22,22,22,22,22,22,22,22
470475,1,2,1991,0,31,0,0,20,0,24,0,16,18
470476,1,1,1991,12,12,12,12,12,12,12,12,12,12
470477,1,1,1991,18,26,8,14,17,26,0,32,18,26
470478,1,1,1991,21,15,10,24,22,18,16,16,12,33
470479,1,1,1991,0,0,0,0,0,0,0,0,0,0
470479,2,1,1991,0,0,0,0,0,0,0,0,0,0
470480,0,1,1991,29,29,29,29,29,29,29,29,29,29
470480,1,1,1991,13,13,13,13,13,13,13,13,13,13
470481,1,1,1991,0,0,16,0,9,0,19,0,0,0