ST_CASE,VEH_NO,PER_NO,YEAR,P1,P2,P3,P4,P5,P6,P7,P8,P9,P10
481403,1,1,1991,0,17,0,0,26,25,16,20,28,17
481404,1,1,1991,24,24,24,24,24,24,24,24,24,24
481404,2,1,1991,0,0,0,0,0,0,0,0,0,0
481405,1,1,1991,0,0,0,0,0,0,0,0,0,0
481406,0,1,1991,0,0,11,0,0,0,0,0,0,0
481406,1,1,1991,0,0,17,21,0,18,20,0,0,0
481407,0,1,1991,24,24,24,24,24,24,24,24,24,24
481407,1,1,1991,0,0,0,0,0,10,13,0,9,17
481408,1,1,1991,14,14,14,14,14,14,14,14,14,14
481408,2,1,1991,4,0,0,0,0,0,0,8,0,0
481409,1,1,1991,28,28,28,28,28,28,28,28,28,28
481410,1,1,1991,25,25,25,25,25,25,25,25,25,25
481411,1,1,1991,0,0,0,0,0,0,0,0,0,0
481411,2,1,1991,6,0,31,0,0,0,0,0,0,0
481411,3,1,1991,0,0,0,0,0,0,0,0,0,0
481412,1,1,1991,0,13,0,22,33,0,11,5,0,0
481413,1,1,1991,0,14,9,28,31,24,0,15,19,17
481414,0,1,1991,0,0,0,0,0,0,0,0,0,0
481414,1,1,1991,0,0,0,0,0,0,0,0,0,0
481415,1,1,1991,0,0,0,0,0,0,19,7,0,0
481415,2,1,1991,0,0,0,0,0,0,0,0,0,5
481416,1,1,1991,0,0,0,0,0,0,0,10,0,0
481417,1,1,1991,34,34,34,34,34,34,34,34,34,34
481417,2,1,1991,0,0,0,0,0,10,20,0,0,0
481418,1,1,1991,24,24,24,24,24,24,24,24,24,24
481418,2,1,1991,10,0,0,0,0,0,6,14,0,0
481418,3,1,1991,0,0,0,0,0,6,3,0,0,0
481419,1,1,1991,0,0,0,0,0,0,0,0,0,0
481420,1,1,1991,0,0,0,0,0,0,0,0,0,0
481421,1,1,1991,0,20,0,0,9,0,0,0,0,26
481421,2,1,1991,0,0,0,34,0,0,0,0,0,0
481422,1,1,1991,0,0,0,0,0,0,0,0,0,0
481422,2,1,1991,0,0,0,0,0,0,0,0,0,10
481423,0,1,1991,0,0,0,0,0,0,0,0,0,0
481423,1,1,1991,0,0,0,27,0,0,0,0,0,0
481424,1,1,1991,19,19,19,19,19,19,19,19,19,19
481425,1,1,1991,0,0,0,9,0,0,0,0,0,0
481425,2,1,1991,0,0,31,15,0,27,17,0,0,0
481426,1,1,1991,12,12,12,12,12,12,12,12,12,12
481427,1,1,1991,25,0,0,0,0,0,0,0,0,0
481428,1,1,1991,19,19,19,19,19,19,19,19,19,19
481429,1,1,1991,16,16,16,16,16,16,16,16,16,16
481429,2,1,1991,8,10,9,0,0,27,0,0,0,9
481430,1,1,1991,30,15,18,17,13,12,29,13,23,32
481431,1,1,1991,0,0,0,0,0,0,0,0,0,0
481431,2,1,1991,0,0,0,0,0,0,0,0,0,0
481432,1,1,1991,0,0,0,0,0,0,0,0,0,0
481433,1,1,1991,0,0,0,0,0,0,0,0,0,0
481433,2,1,1991,0,0,0,0,0,0,0,0,0,0
481434,1,1,1991,0,0,4,0,0,0,0,0,19,0
481435,1,1,1991,0,0,0,0,0,0,0,0,0,0
481435,2,1,1991,20,0,0,0,34,0,25,0,23,0
481436,0,1,1991,0,0,0,0,0,0,0,0,0,0
481436,1,1,1991,7,7,7,7,7,7,7,7,7,7
481437,1,1,1991,0,23,19,0,23,16,0,31,27,19
481438,0,1,1991,0,0,0,0,0,0,0,0,0,0
481438,1,1,1991,0,0,0,0,0,0,0,0,0,0
481439,0,1,1991,4,28,0,3,0,15,0,21,0,0
481439,1,1,1991,5,5,5,5,5,5,5,5,5,5
481440,1,1,1991,0,0,0,0,0,0,0,14,0,23
481440,2,1,1991,0,0,9,8,0,0,18,0,10,25
481441,1,1,1991,18,18,18,18,18,18,18,18,18,18
481442,1,1,1991,13,14,10,21,15,24,16,10,28,27
481443,1,1,1991,20,20,20,20,20,20,20,20,20,20
481444,1,1,1991,21,15,29,12,26,44,16,20,20,26
481445,1,1,1991,0,0,0,0,0,0,0,0,0,0
481445,2,1,1991,0,0,0,0,0,0,0,0,0,0
481446,1,1,1991,0,0,0,0,0,0,0,0,0,0
481447,1,1,1991,25,9,9,8,15,10,0,31,19,28
481448,1,1,1991,0,0,0,0,0,0,0,0,0,0
481448,2,1,1991,0,0,0,0,0,0,0,0,0,0
481449,0,1,1991,35,35,35,35,35,35,35,35,35,35
481449,1,1,1991,0,0,18,0,0,0,0,0,17,0
481450,1,1,1991,0,0,0,0,0,0,0,0,0,0
481450,2,1,1991,0,0,0,0,0,0,0,0,0,0
481451,1,1,1991,0,0,21,9,0,0,0,0,0,0
481451,2,1,1991,17,0,0,0,0,0,0,0,0,21
481452,0,1,1991,0,0,0,0,0,9,0,0,0,12
481452,1,1,1991,22,22,22,22,22,22,22,22,22,22
481453,1,1,1991,18,0,0,0,17,16,25,0,0,0
481455,0,1,1991,14,14,14,14,14,14,14,14,14,14
481455,1,1,1991,0,0,0,0,0,0,0,20,0,14
481456,1,1,1991,9,9,9,9,9,9,9,9,9,9
481457,1,1,1991,0,5,14,5,0,0,6,15,0,25
481457,2,1,1991,7,4,0,21,23,10,0,11,0,13
481458,1,1,1991,14,14,14,14,14,14,14,14,14,14
481458,2,1,1991,0,12,0,0,0,0,0,13,0,0
481459,1,1,1991,18,25,32,32,26,2,11,12,11,10
481460,0,1,1991,0,0,0,0,0,0,0,0,0,0
481460,1,1,1991,0,0,0,17,8,0,12,0,0,0
481461,1,1,1991,21,7,21,18,28,8,19,16,13,10
481461,2,1,1991,0,0,0,0,0,0,0,0,0,0
481462,1,1,1991,6,6,6,6,6,6,6,6,6,6
481463,1,1,1991,26,26,26,26,26,26,26,26,26,26
481464,0,1,1991,8,8,8,8,8,8,8,8,8,8
481464,1,1,1991,17,17,17,17,17,17,17,17,17,17
481464,2,1,1991,0,0,0,20,0,0,0,0,0,0
481465,1,1,1991,13,0,30,16,0,17,23,13,7,15
481466,1,1,1991,16,16,16,16,16,16,16,16,16,16
481467,1,1,1991,0,0,0,0,0,0,0,0,0,0
481468,0,1,1991,7,31,16,24,7,7,39,31,8,20
481468,1,1,1991,0,0,0,17,0,0,0,0,8,0
481469,1,1,1991,0,0,0,0,0,0,0,0,0,0
481470,1,1,1991,0,0,0,0,0,0,0,0,0,0
481471,1,1,1991,15,15,15,15,15,15,15,15,15,15
481471,2,1,1991,21,20,15,15,10,10,7,21,17,11
481472,1,1,1991,0,0,0,0,0,0,0,0,0,0
481472,2,1,1991,3,3,3,3,3,3,3,3,3,3
481473,1,1,1991,13,13,13,13,13,13,13,13,13,13
481474,1,1,1991,0,0,0,0,0,0,20,0,0,0
481475,1,1,1991,0,0,0,0,0,0,0,0,0,0
481476,1,1,1991,15,15,15,15,15,15,15,15,15,15
481477,1,1,1991,2,2,2,2,2,2,2,2,2,2
481478,1,1,1991,30,30,30,30,30,30,30,30,30,30
481479,0,1,1991,20,20,20,20,20,20,20,20,20,20
481479,1,1,1991,0,0,0,27,0,0,0,16,0,0
481480,0,1,1991,0,0,0,0,0,0,0,0,0,0
481480,0,2,1991,0,0,0,0,0,0,0,0,5,0
481480,1,1,1991,0,14,0,0,0,0,0,0,0,0
481481,1,1,1991,16,0,0,0,4,0,9,0,0,0
481481,2,1,1991,0,0,0,0,0,0,0,0,0,0
481482,0,1,1991,0,0,0,0,0,23,0,0,0,0
481482,1,1,1991,0,0,0,0,0,0,0,0,0,0
481483,1,1,1991,8,0,6,0,0,8,0,0,14,0
481483,2,1,1991,16,14,0,19,0,17,0,0,0,0
481484,1,1,1991,0,0,0,0,0,0,0,0,0,0
481484,2,1,1991,13,13,13,13,13,13,13,13,13,13
481485,1,1,1991,24,24,24,24,24,24,24,24,24,24
481486,1,1,1991,14,14,14,14,14,14,14,14,14,14
481487,1,1,1991,1,1,1,1,1,1,1,1,1,1
481487,2,1,1991,0,11,0,0,0,0,0,0,0,0
481488,1,1,1991,0,0,0,0,0,0,0,0,0,0
481488,2,1,1991,0,0,14,0,0,0,0,0,0,0
481489,1,1,1991,16,9,24,0,14,0,15,13,9,25
481490,1,1,1991,20,20,20,20,20,20,20,20,20,20
481491,1,1,1991,3,3,3,3,3,3,3,3,3,3
481492,1,1,1991,0,0,0,0,0,0,0,0,0,0
481492,2,1,1991,0,0,0,0,0,0,0,0,0,0
481493,1,1,1991,12,0,0,0,0,0,0,0,0,0
481493,2,1,1991,0,0,0,0,0,0,0,0,0,0
481494,0,1,1991,21,21,21,21,21,21,21,21,21,21
481494,1,1,1991,0,15,9,0,0,20,23,0,10,0
481495,0,1,1991,31,31,31,31,31,31,31,31,31,31
481495,1,1,1991,17,0,0,0,0,10,0,0,0,0
481496,0,1,1991,0,0,0,0,0,0,0,0,0,0
481496,1,1,1991,0,0,0,0,14,0,0,0,4,0
481497,1,1,1991,0,0,0,0,0,0,0,0,0,0
481498,0,1,1991,0,0,0,0,0,0,0,0,0,0
481498,1,1,1991,0,0,0,6,0,0,0,0,0,0
481499,1,1,1991,0,0,0,0,0,0,0,0,0,0
481500,1,1,1991,0,0,10,0,21,0,0,0,0,0
481500,2,1,1991,0,0,0,0,0,0,0,0,0,0
481501,1,1,1991,0,0,0,0,0,0,18,0,0,8
481501,2,1,1991,0,0,8,6,33,15,22,12,14,14
481502,1,1,1991,7,7,7,7,7,7,7,7,7,7
481502,2,1,1991,0,0,0,0,0,0,0,0,0,0
481503,0,1,1991,11,0,0,0,51,11,7,0,20,14
481503,1,1,1991,0,0,0,0,8,8,0,0,0,0
481504,0,1,1991,11,11,11,11,11,11,11,11,11,11
481504,1,1,1991,3,3,3,3,3,3,3,3,3,3
481505,1,1,1991,2,2,2,2,2,2,2,2,2,2
481505,2,1,1991,14,0,24,0,0,19,16,20,0,0
481506,1,1,1991,0,0,13,27,0,0,0,5,0,14
481506,2,1,1991,0,0,0,0,0,0,0,0,0,0
481507,0,1,1991,0,0,0,0,0,0,0,0,0,0
481507,1,1,1991,0,0,0,0,0,0,0,0,0,0
481508,0,1,1991,30,30,30,30,30,30,30,30,30,30
481508,1,1,1991,0,0,0,0,0,0,0,0,0,0
481509,1,1,1991,0,0,0,0,0,0,0,0,0,0
481509,2,1,1991,0,13,0,24,10,0,0,0,0,0
481510,1,1,1991,0,6,0,15,11,0,0,0,0,12
481511,1,1,1991,26,12,10,8,13,26,14,13,23,9
481512,0,1,1991,0,0,0,0,0,0,0,0,0,0
481512,1,1,1991,3,18,25,14,14,0,0,0,12,0
481513,1,1,1991,21,21,21,21,21,21,21,21,21,21
481513,2,1,1991,0,0,0,10,21,4,15,0,0,0
481514,1,1,1991,15,15,15,15,15,15,15,15,15,15
481515,0,1,1991,13,13,13,13,13,13,13,13,13,13
481515,1,1,1991,13,7,0,0,0,0,0,0,24,15
481516,1,1,1991,0,0,0,0,0,0,0,0,0,0
481517,1,1,1991,7,7,7,7,7,7,7,7,7,7
481518,0,1,1991,17,17,17,17,17,17,17,17,17,17
481518,1,1,1991,0,7,6,14,0,4,10,20,0,7
481519,1,1,1991,0,20,20,0,9,20,13,26,28,0
481520,0,1,1991,0,0,0,0,0,0,0,0,0,0
481520,1,1,1991,8,8,8,8,8,8,8,8,8,8
481521,1,1,1991,14,14,14,14,14,14,14,14,14,14
481522,0,1,1991,7,26,15,49,0,25,27,31,0,27
481522,0,2,1991,0,0,20,20,7,44,35,13,24,36
481522,0,3,1991,40,3,16,24,19,19,28,21,28,16
481522,1,1,1991,17,6,0,0,7,20,0,14,14,0
481523,0,1,1991,0,0,0,0,0,0,0,0,0,0
481523,1,1,1991,0,0,0,13,0,0,0,14,14,0
481524,1,1,1991,32,9,0,0,0,0,0,0,0,0
481525,1,1,1991,18,18,18,18,18,18,18,18,18,18
481526,1,1,1991,0,13,0,0,0,0,0,0,0,0
481526,2,1,1991,0,0,0,0,0,0,11,0,0,0
481526,3,1,1991,0,0,0,0,0,0,0,0,0,0
481527,0,1,1991,0,13,11,0,0,0,0,0,0,0
481527,1,1,1991,11,0,0,0,0,18,0,0,0,0
481528,1,1,1991,15,21,16,17,24,9,12,32,17,17
481529,1,1,1991,0,0,0,0,0,0,0,0,0,0
481529,2,1,1991,0,0,0,0,0,0,0,0,0,0
481529,3,1,1991,0,0,0,0,0,0,0,0,0,0
481530,1,1,1991,0,0,0,0,0,0,0,0,0,0
481530,2,1,1991,0,0,0,0,0,0,0,0,0,0
481531,1,1,1991,0,0,0,0,0,10,0,0,5,0
481531,2,1,1991,0,0,0,0,0,0,0,14,0,0
481532,1,1,1991,0,0,0,0,0,0,0,0,0,0
481532,2,1,1991,0,0,0,0,0,0,0,0,0,0
481533,1,1,1991,28,0,14,16,18,18,0,0,16,21
481534,1,1,1991,13,13,13,13,13,13,13,13,13,13
481535,1,1,1991,0,0,0,0,30,0,0,0,0,0
481536,1,1,1991,19,19,19,19,19,19,19,19,19,19
481537,1,1,1991,0,0,0,0,0,0,0,0,20,0
481537,2,1,1991,0,0,0,0,0,0,0,0,0,0
481538,1,1,1991,16,16,16,16,16,16,16,16,16,16
481538,2,1,1991,0,14,0,0,19,0,14,0,33,0
481539,1,1,1991,0,0,0,0,5,0,0,0,0,26
481540,1,1,1991,0,0,0,0,0,0,0,0,0,0
481541,1,1,1991,0,0,0,0,0,0,0,0,0,0
481541,2,1,1991,0,0,0,13,5,17,0,18,0,0
481542,0,1,1991,25,0,0,34,0,0,31,0,0,0
481542,1,1,1991,5,5,5,5,5,5,5,5,5,5
481543,1,1,1991,0,0,0,0,0,0,0,0,0,0
481544,1,1,1991,0,0,0,0,0,0,0,0,0,0
481544,2,1,1991,0,0,0,0,0,0,0,0,0,0
481545,1,1,1991,0,0,0,0,0,0,0,0,0,0
481547,1,1,1991,9,9,9,9,9,9,9,9,9,9
481548,1,1,1991,0,0,0,0,0,0,0,0,0,0
481549,1,1,1991,0,0,0,0,0,0,0,0,0,0
481549,2,1,1991,0,0,0,0,0,0,0,0,0,0
481550,1,1,1991,0,0,0,0,0,0,0,0,0,0
481550,2,1,1991,10,0,0,0,0,0,0,0,0,0
481551,1,1,1991,15,15,15,15,15,15,15,15,15,15
481552,1,1,1991,13,0,0,0,0,0,0,0,0,0
481553,1,1,1991,0,0,0,0,0,0,0,0,0,0
481553,2,1,1991,0,0,0,0,0,0,0,0,0,0
481554,0,1,1991,20,20,20,20,20,20,20,20,20,20
481554,1,1,1991,5,5,5,5,5,5,5,5,5,5
481555,1,1,1991,15,15,15,15,15,15,15,15,15,15
481555,2,1,1991,4,4,4,4,4,4,4,4,4,4
481556,0,1,1991,15,15,15,15,15,15,15,15,15,15
481556,1,1,1991,0,0,0,0,0,0,0,0,0,0
481557,1,1,1991,0,0,0,0,0,0,0,0,0,0
481557,2,1,1991,0,0,0,0,0,0,0,0,0,0
481558,1,1,1991,0,0,0,0,0,0,0,0,0,0
481558,2,1,1991,9,9,9,9,9,9,9,9,9,9
481559,1,1,1991,1,1,1,1,1,1,1,1,1,1
481560,1,1,1991,0,0,0,0,0,0,0,0,0,0
481560,2,1,1991,18,18,18,18,18,18,18,18,18,18
481561,1,1,1991,0,0,0,0,0,0,0,0,0,0
481561,2,1,1991,0,0,0,20,0,0,0,6,0,0
481562,1,1,1991,26,26,26,26,26,26,26,26,26,26
481562,2,1,1991,0,0,0,0,24,0,0,0,0,0
481562,3,1,1991,0,0,0,0,0,0,0,0,0,0
481563,1,1,1991,6,6,6,6,6,6,6,6,6,6
481563,2,1,1991,0,0,0,0,0,0,0,0,0,0
481564,1,1,1991,0,0,0,0,0,0,0,0,0,0
481564,2,1,1991,17,17,17,17,17,17,17,17,17,17
481565,1,1,1991,10,10,10,10,10,10,10,10,10,10
481566,0,1,1991,0,0,0,0,0,0,0,0,0,0
481566,1,1,1991,0,0,0,0,0,0,5,0,0,0
481567,1,1,1991,13,0,0,0,0,0,0,0,0,0
481568,1,1,1991,0,0,0,0,0,0,0,0,0,0
481568,2,1,1991,0,0,0,0,0,0,0,0,0,0
481569,1,1,1991,0,0,0,0,0,0,0,0,0,0
481570,0,1,1991,0,0,0,0,0,0,0,0,0,0
481570,1,1,1991,7,11,0,15,0,0,21,6,0,7
481571,1,1,1991,16,16,16,16,16,16,16,16,16,16
481572,0,1,1991,30,15,36,5,28,19,13,9,11,12
481572,1,1,1991,0,0,0,0,0,0,0,0,0,0
481573,0,1,1991,25,25,25,25,25,25,25,25,25,25
481573,1,1,1991,0,0,0,18,0,0,0,17,0,0
481574,1,1,1991,10,10,10,10,10,10,10,10,10,10
481575,1,1,1991,6,6,6,6,6,6,6,6,6,6
481575,2,1,1991,4,4,4,4,4,4,4,4,4,4
481576,1,1,1991,30,30,30,30,30,30,30,30,30,30
481576,2,1,1991,0,0,0,0,0,0,0,0,0,0
481576,3,1,1991,0,0,0,0,0,0,0,0,0,0
481577,1,1,1991,0,0,0,0,0,0,0,0,0,0
481577,2,1,1991,0,0,0,0,0,0,0,0,0,0
481578,1,1,1991,0,0,0,0,0,0,0,0,0,0
481578,2,1,1991,0,0,0,0,0,0,0,0,0,0
481579,1,1,1991,0,0,0,0,0,0,0,0,13,0
481579,2,1,1991,0,0,32,0,0,0,0,0,0,6
481580,1,1,1991,0,0,0,0,0,0,0,0,0,0
481580,2,1,1991,0,0,0,0,0,0,0,12,0,0
481581,1,1,1991,27,27,27,27,27,27,27,27,27,27
481582,0,1,1991,14,14,14,14,14,14,14,14,14,14
481582,1,1,1991,0,15,0,4,11,0,12,0,16,17
481583,1,1,1991,15,15,15,15,15,15,15,15,15,15
481583,2,1,1991,0,0,0,0,0,0,0,0,0,7
481584,1,1,1991,0,0,0,0,0,0,0,0,0,0
481584,2,1,1991,0,0,0,0,14,0,0,0,0,0
481584,3,1,1991,0,0,0,0,0,0,0,0,0,0
481584,4,1,1991,0,0,0,0,0,0,0,0,8,0
481585,1,1,1991,0,0,0,0,0,5,0,0,0,0
481585,2,1,1991,0,0,0,0,0,0,0,0,0,0
481586,0,1,1991,10,10,10,10,10,10,10,10,10,10
481586,1,1,1991,0,0,0,0,0,0,0,0,0,0
481587,1,1,1991,0,0,0,0,0,0,0,0,0,0
481588,0,1,1991,29,0,0,15,17,18,27,12,19,0
481588,1,1,1991,0,19,0,0,0,0,4,0,0,16
481589,1,1,1991,20,20,20,20,20,20,20,20,20,20
481590,0,1,1991,0,0,0,0,0,0,0,0,0,0
481590,0,2,1991,0,0,0,19,0,21,0,24,0,14
481590,1,1,1991,21,21,21,21,21,21,21,21,21,21
481591,1,1,1991,17,17,17,27,15,18,23,18,9,7
481592,1,1,1991,0,0,0,0,0,0,0,0,0,13
481593,1,1,1991,0,0,0,0,0,0,0,0,0,0
481593,2,1,1991,0,0,0,0,0,0,0,0,0,0
481594,1,1,1991,0,0,0,0,0,0,0,0,0,0
481595,1,1,1991,13,13,13,13,13,13,13,13,13,13
481595,2,1,1991,0,0,0,0,0,0,0,0,0,0
481595,3,1,1991,0,0,0,0,0,0,0,0,0,0
481596,1,1,1991,0,0,0,0,0,0,0,0,0,0
481597,1,1,1991,21,0,23,14,16,24,19,15,11,35
481597,2,1,1991,0,0,14,0,0,0,0,0,0,0
481598,1,1,1991,18,18,18,18,18,18,18,18,18,18
481599,1,1,1991,0,0,0,0,0,0,0,0,0,0
481599,2,1,1991,0,0,0,0,0,0,0,0,0,0
481600,1,1,1991,0,0,0,0,0,0,21,0,0,0
481600,2,1,1991,0,0,0,0,0,0,0,0,0,0
481600,3,1,1991,0,0,0,0,0,5,0,2,14,0
481601,1,1,1991,0,0,0,10,0,0,0,0,0,0
481601,2,1,1991,0,0,0,0,0,0,10,15,23,0
481602,1,1,1991,10,10,10,10,10,10,10,10,10,10
481603,1,1,1991,0,0,0,0,0,0,0,0,0,0
481604,1,1,1991,0,0,0,0,0,0,0,0,0,18
481605,1,1,1991,13,13,13,13,13,13,13,13,13,13
481606,1,1,1991,12,12,12,12,12,12,12,12,12,12
481607,1,1,1991,20,20,20,20,20,20,20,20,20,20
481607,2,1,1991,0,0,0,22,0,0,0,0,0,0
481608,1,1,1991,0,0,0,0,0,0,0,0,0,0
481608,2,1,1991,0,0,0,0,0,0,0,0,0,0
481609,1,1,1991,0,0,0,0,0,0,0,0,0,0
481609,2,1,1991,0,0,0,0,0,0,0,0,0,0
481610,1,1,1991,0,0,0,0,0,0,0,0,0,0
481611,1,1,1991,19,19,19,19,19,19,19,19,19,19
481611,2,1,1991,12,0,0,0,0,19,0,0,6,0
481611,3,1,1991,0,26,10,0,0,16,0,16,0,0
481612,0,1,1991,0,0,14,14,3,28,14,24,0,0
481612,0,2,1991,7,13,23,0,27,0,0,0,19,0
481612,1,1,1991,0,0,19,35,21,7,6,19,0,0
481613,1,1,1991,26,2,8,9,0,0,0,6,0,14
481614,1,1,1991,17,22,30,0,0,2,26,19,33,22
481615,1,1,1991,25,25,25,25,25,25,25,25,25,25
481616,0,1,1991,12,28,0,20,17,13,20,23,30,22
481616,0,2,1991,12,25,0,32,13,0,14,0,0,15
481616,1,1,1991,0,0,0,0,0,0,0,0,0,0
481617,1,1,1991,0,0,0,0,0,0,4,14,0,10
481617,2,1,1991,16,16,16,16,16,16,16,16,16,16
481617,3,1,1991,24,0,0,0,0,0,0,23,0,15
481618,1,1,1991,0,28,21,14,36,23,21,7,15,15
481619,1,1,1991,24,24,24,24,24,24,24,24,24,24
481620,1,1,1991,0,0,0,0,0,0,0,0,0,0
481620,2,1,1991,0,0,0,0,0,0,0,0,0,0
481621,0,1,1991,21,21,21,21,21,21,21,21,21,21
481621,1,1,1991,19,10,0,0,0,0,0,19,0,0
481622,1,1,1991,0,0,0,0,0,0,0,0,0,0
481623,1,1,1991,14,14,14,14,14,14,14,14,14,14
481624,1,1,1991,0,0,0,0,0,0,0,0,0,0
481625,1,1,1991,5,0,0,20,0,0,11,0,0,0
481626,1,1,1991,17,17,17,17,17,17,17,17,17,17
481626,2,1,1991,0,0,0,0,0,0,0,0,0,0
481627,1,1,1991,15,15,15,15,15,15,15,15,15,15
481628,1,1,1991,8,16,13,20,0,18,0,12,8,17
481629,1,1,1991,18,18,18,18,18,18,18,18,18,18
481629,2,1,1991,8,0,0,8,23,0,0,32,0,9
481630,1,1,1991,28,28,28,28,28,28,28,28,28,28
481632,1,1,1991,15,15,15,15,15,15,15,15,15,15
481633,1,1,1991,0,0,0,0,0,17,0,0,0,14
481634,0,1,1991,0,0,5,0,0,32,16,0,0,0
481635,1,1,1991,14,14,14,14,14,14,14,14,14,14
481635,2,1,1991,0,0,0,0,11,0,10,11,5,7
481636,0,1,1991,8,39,11,16,9,26,23,26,27,18
481636,1,1,1991,0,0,0,0,0,0,0,14,11,0
481637,1,1,1991,0,0,0,0,0,0,0,0,0,0
481638,1,1,1991,22,22,22,22,22,22,22,22,22,22
481639,1,1,1991,0,0,0,0,0,0,0,0,0,0
481639,2,1,1991,0,0,0,0,0,13,0,0,0,0
481640,1,1,1991,23,23,23,23,23,23,23,23,23,23
481641,1,1,1991,0,0,0,0,0,0,0,0,0,0
481642,1,1,1991,16,16,16,16,16,16,16,16,16,16
481642,2,1,1991,29,27,30,28,32,19,32,24,20,19
481643,1,1,1991,15,15,15,15,15,15,15,15,15,15
481644,1,1,1991,0,0,0,0,0,0,0,0,0,0
481644,2,1,1991,6,14,0,0,17,6,0,0,0,24
481645,1,1,1991,15,15,37,16,16,21,22,21,26,33
481646,1,1,1991,0,0,0,0,0,0,12,0,14,4
481647,1,1,1991,0,0,0,0,0,0,0,0,22,0
481647,2,1,1991,9,9,9,9,9,9,9,9,9,9
481648,1,1,1991,28,28,28,28,28,28,28,28,28,28
481648,2,1,1991,0,0,0,0,0,0,0,0,0,0
481649,1,1,1991,24,24,24,24,24,24,24,24,24,24
481650,1,1,1991,0,0,0,0,0,0,0,0,0,0
481651,1,1,1991,8,8,8,8,8,8,8,8,8,8
481652,0,1,1991,0,0,0,0,0,0,0,0,0,0
481652,1,1,1991,0,0,0,0,0,0,0,0,0,0
481653,0,1,1991,38,38,38,38,38,38,38,38,38,38
481653,1,1,1991,0,14,0,0,0,0,0,17,0,0
481654,1,1,1991,0,0,0,0,0,0,0,0,0,0
481654,2,1,1991,0,0,0,0,0,0,0,0,0,0
481655,0,1,1991,17,0,0,0,16,30,19,0,0,0
481655,1,1,1991,23,23,23,23,23,23,23,23,23,23
481656,1,1,1991,0,0,0,0,0,0,0,0,0,0
481656,2,1,1991,0,0,0,0,0,0,0,0,0,0
481657,1,1,1991,0,0,0,0,0,0,0,10,0,0
481657,2,1,1991,15,15,0,9,0,0,0,4,0,11
481658,1,1,1991,0,0,0,0,0,0,0,0,0,0
481658,2,1,1991,0,0,0,0,0,0,0,0,0,0
481659,1,1,1991,0,0,0,0,0,0,0,0,0,0
481659,2,1,1991,1,1,1,1,1,1,1,1,1,1
481660,1,1,1991,9,9,9,9,9,9,9,9,9,9
481661,1,1,1991,26,26,26,26,26,26,26,26,26,26
481662,0,1,1991,0,0,0,0,0,0,0,0,0,0
481662,1,1,1991,8,8,8,8,8,8,8,8,8,8
481663,1,1,1991,12,12,12,12,12,12,12,12,12,12
481663,2,1,1991,0,0,0,0,0,0,0,0,0,0
481664,1,1,1991,22,22,22,22,22,22,22,22,22,22
481665,1,1,1991,0,0,0,0,0,0,0,0,0,0
481666,1,1,1991,7,12,0,0,9,10,0,10,17,16
481667,1,1,1991,6,6,6,6,6,6,6,6,6,6
481667,2,1,1991,0,0,0,0,0,0,0,0,0,0
481668,1,1,1991,0,0,0,0,0,0,0,0,0,0
481668,2,1,1991,17,0,5,0,0,15,0,8,0,0
481669,1,1,1991,0,0,0,0,0,0,0,0,0,0
481669,2,1,1991,9,9,9,9,9,9,9,9,9,9
481670,1,1,1991,3,3,3,3,3,3,3,3,3,3
481670,2,1,1991,0,0,6,0,5,0,0,14,0,0
481671,1,1,1991,13,13,13,13,13,13,13,13,13,13
481672,1,1,1991,0,0,0,0,0,0,0,0,5,0
481672,2,1,1991,0,6,0,0,0,16,0,15,0,0
481672,3,1,1991,0,0,22,0,0,15,0,0,0,0
481673,1,1,1991,0,0,0,0,0,0,0,0,0,0
481674,1,1,1991,20,11,0,0,11,18,15,12,0,0
481675,0,1,1991,2,2,2,2,2,2,2,2,2,2
481675,1,1,1991,0,0,0,0,0,0,0,0,0,0
481676,1,1,1991,0,20,0,0,0,0,0,0,0,0
481677,1,1,1991,20,20,20,20,20,20,20,20,20,20
481677,2,1,1991,0,0,0,0,11,0,0,0,0,0
481678,0,1,1991,24,16,28,19,0,21,0,42,0,33
481678,1,1,1991,12,0,18,0,18,23,10,16,11,5
481679,1,1,1991,0,0,0,0,0,0,0,0,0,0
481679,2,1,1991,14,18,9,22,5,10,12,16,22,32
481680,1,1,1991,15,44,20,9,0,21,20,0,19,18
481681,1,1,1991,0,0,0,0,10,0,0,0,0,0
481681,2,1,1991,0,9,13,21,0,0,30,0,0,0
481682,1,1,1991,0,0,0,0,0,0,0,0,0,0
481683,1,1,1991,0,0,0,0,0,0,0,0,0,0
481683,2,1,1991,0,0,0,0,0,0,0,0,0,0
481684,1,1,1991,14,14,14,14,14,14,14,14,14,14
481685,1,1,1991,0,0,25,22,20,13,0,0,17,0
481686,1,1,1991,26,26,26,26,26,26,26,26,26,26
481687,1,1,1991,17,39,33,36,11,13,16,21,26,31