ST_CASE,VEH_NO,PER_NO,YEAR,P1,P2,P3,P4,P5,P6,P7,P8,P9,P10
481688,1,1,1991,19,19,19,19,19,19,19,19,19,19
481689,1,1,1991,19,19,19,19,19,19,19,19,19,19
481690,0,1,1991,0,37,0,0,0,0,0,0,0,0
481690,1,1,1991,0,2,0,0,0,0,0,0,0,0
481691,1,1,1991,10,10,10,10,10,10,10,10,10,10
481691,2,1,1991,0,0,0,0,0,0,0,16,0,0
481692,1,1,1991,0,0,0,0,0,0,0,0,0,0
481693,1,1,1991,0,0,0,0,0,0,0,0,0,0
481693,2,1,1991,0,0,0,0,0,0,0,0,0,0
481694,1,1,1991,0,0,30,0,0,0,0,0,21,0
481694,2,1,1991,20,20,20,20,20,20,20,20,20,20
481695,1,1,1991,0,0,0,0,0,11,0,6,0,0
481696,0,1,1991,0,0,0,0,0,0,0,0,0,0
481696,1,1,1991,0,0,12,0,0,0,0,0,0,0
481697,1,1,1991,0,0,0,22,10,0,0,0,0,0
481697,2,1,1991,0,0,0,0,6,0,0,0,0,0
481697,3,1,1991,0,0,0,0,0,0,0,0,0,0
481698,1,1,1991,10,10,10,10,10,10,10,10,10,10
481699,0,1,1991,0,0,12,0,22,0,0,0,0,26
481699,1,1,1991,0,0,0,0,0,0,0,0,13,0
481700,1,1,1991,12,0,0,0,0,0,0,0,0,0
481701,0,1,1991,10,10,10,10,10,10,10,10,10,10
481701,1,1,1991,13,0,20,0,0,0,9,4,0,0
481702,0,1,1991,11,11,11,11,11,11,11,11,11,11
481702,1,1,1991,17,0,22,10,0,36,7,0,19,9
481704,1,1,1991,0,0,0,0,0,0,0,0,0,0
481705,1,1,1991,20,20,20,20,20,20,20,20,20,20
481705,2,1,1991,0,0,0,0,0,0,0,0,0,0
481706,1,1,1991,0,0,0,0,0,21,0,0,0,0
481706,2,1,1991,0,0,0,0,0,0,0,0,0,0
481707,0,1,1991,0,0,0,0,0,0,0,0,0,0
481707,1,1,1991,4,4,4,4,4,4,4,4,4,4
481708,0,1,1991,0,0,0,0,0,0,0,0,0,0
481708,1,1,1991,0,0,10,0,0,10,0,21,0,0
481709,1,1,1991,0,0,0,0,0,0,0,0,0,0
481709,2,1,1991,0,0,0,0,0,0,0,0,0,0
481710,1,1,1991,0,0,0,0,0,0,0,0,0,0
481710,2,1,1991,11,11,11,11,11,11,11,11,11,11
481711,1,1,1991,0,0,0,0,0,0,0,0,0,0
481711,2,1,1991,0,0,0,0,0,0,0,0,0,0
481711,3,1,1991,0,0,0,0,0,0,0,0,0,0
481712,1,1,1991,12,12,12,12,12,12,12,12,12,12
481713,1,1,1991,13,13,13,13,13,13,13,13,13,13
481714,1,1,1991,0,13,0,27,0,26,0,0,27,0
481715,0,1,1991,0,0,0,0,0,0,0,0,0,0
481715,1,1,1991,17,0,0,0,0,0,0,0,0,20
481716,0,1,1991,12,12,12,12,12,12,12,12,12,12
481716,1,1,1991,0,0,0,0,0,5,0,0,0,0
481717,0,1,1991,0,0,0,34,0,0,0,17,8,0
481717,1,1,1991,0,0,0,0,0,0,0,0,0,0
481718,1,1,1991,17,17,17,17,17,17,17,17,17,17
481719,1,1,1991,0,0,0,0,0,0,0,0,0,0
481719,2,1,1991,0,0,0,0,0,0,0,0,0,0
481720,1,2,1991,0,0,0,0,0,0,0,0,0,0
481721,1,1,1991,19,19,19,19,19,19,19,19,19,19
481722,1,1,1991,0,0,0,0,0,0,0,0,0,0
481722,2,1,1991,0,0,0,0,0,0,0,0,25,0
481723,0,1,1991,29,29,29,29,29,29,29,29,29,29
481723,1,1,1991,0,0,0,0,0,0,13,0,0,10
481724,1,1,1991,16,16,16,16,16,16,16,16,16,16
481725,0,1,1991,0,0,0,0,0,0,0,0,0,0
481725,0,2,1991,0,0,0,0,0,0,0,0,0,0
481725,1,1,1991,0,12,36,12,0,0,0,0,0,0
481726,1,1,1991,27,27,27,27,27,27,27,27,27,27
481726,2,1,1991,15,15,15,15,15,15,15,15,15,15
481727,0,1,1991,14,27,0,28,24,26,10,25,28,13
481727,1,1,1991,0,0,0,0,10,0,0,13,0,18
481728,1,1,1991,23,23,23,23,23,23,23,23,23,23
481729,1,1,1991,20,20,20,20,20,20,20,20,20,20
481730,1,1,1991,0,0,0,0,0,0,0,0,0,0
481730,2,1,1991,0,0,0,0,4,0,0,0,0,0
481731,1,1,1991,13,13,13,13,13,13,13,13,13,13
481731,2,1,1991,0,0,0,0,0,0,0,0,0,0
481732,1,1,1991,0,0,0,0,0,0,0,0,0,0
481733,1,1,1991,20,20,20,20,20,20,20,20,20,20
481733,2,1,1991,18,8,0,20,21,11,23,8,11,0
481734,1,1,1991,8,8,8,8,8,8,8,8,8,8
481734,2,1,1991,16,0,0,14,14,18,0,0,0,0
481735,1,1,1991,0,0,0,0,0,0,0,0,24,0
481735,2,1,1991,15,15,15,15,15,15,15,15,15,15
481736,1,1,1991,15,15,15,15,15,15,15,15,15,15
481737,1,1,1991,22,0,0,0,0,0,0,0,0,0
481738,1,1,1991,13,13,13,13,13,13,13,13,13,13
481739,0,1,1991,20,20,20,20,20,20,20,20,20,20
481739,1,1,1991,8,8,8,8,8,8,8,8,8,8
481740,1,1,1991,20,20,20,20,20,20,20,20,20,20
481741,1,1,1991,19,19,19,19,19,19,19,19,19,19
481742,1,1,1991,9,9,9,9,9,9,9,9,9,9
481742,2,1,1991,23,25,0,0,0,0,0,0,14,21
481743,1,1,1991,5,5,5,5,5,5,5,5,5,5
481744,1,1,1991,0,0,0,0,0,0,0,0,0,0
481744,2,1,1991,0,0,0,0,20,0,0,0,0,0
481745,1,1,1991,0,0,0,0,18,0,5,0,0,0
481746,1,1,1991,5,12,11,0,7,18,13,22,15,25
481747,1,1,1991,0,0,0,0,6,0,0,0,4,0
481748,1,1,1991,17,0,19,19,0,22,25,26,9,16
481749,0,1,1991,9,9,9,9,9,9,9,9,9,9
481749,1,1,1991,0,0,15,15,22,17,0,0,0,0
481750,1,1,1991,3,3,3,3,3,3,3,3,3,3
481750,2,1,1991,0,0,0,0,0,0,0,0,0,0
481751,0,1,1991,0,0,0,0,0,0,0,0,0,0
481751,1,1,1991,0,0,0,0,0,0,0,0,0,0
481752,1,1,1991,0,0,0,0,0,0,0,0,0,0
481752,2,1,1991,0,0,0,0,0,0,0,0,0,0
481752,3,1,1991,0,0,0,0,0,0,0,0,0,0
481753,1,1,1991,19,19,19,19,19,19,19,19,19,19
481754,1,1,1991,9,9,9,9,9,9,9,9,9,9
481755,1,1,1991,26,26,26,26,26,26,26,26,26,26
481756,1,1,1991,0,0,0,12,19,0,22,20,0,0
481756,2,1,1991,11,0,5,0,0,0,5,0,0,11
481757,0,1,1991,21,21,21,21,21,21,21,21,21,21
481757,1,1,1991,0,0,0,0,19,0,0,0,0,0
481758,1,1,1991,21,8,16,18,0,29,20,0,25,13
481759,1,1,1991,11,11,11,11,11,11,11,11,11,11
481760,1,1,1991,0,0,0,0,0,0,0,0,0,0
481760,2,1,1991,0,0,0,0,0,0,0,0,0,0
481761,0,1,1991,15,0,0,0,0,0,19,0,0,0
481761,1,1,1991,0,9,0,0,0,8,0,0,16,0
481762,1,1,1991,0,0,0,0,0,0,0,4,0,0
481762,2,1,1991,0,0,0,0,0,0,0,0,0,0
481763,1,1,1991,5,0,0,15,0,22,0,28,0,4
481764,1,1,1991,0,0,0,0,0,0,0,0,0,0
481765,1,1,1991,0,0,0,0,0,0,0,0,0,0
481765,2,1,1991,0,0,0,0,0,0,0,0,0,0
481766,1,1,1991,0,0,0,0,0,0,5,0,0,11
481766,2,1,1991,0,0,0,0,26,7,0,0,0,0
481767,0,1,1991,0,0,0,0,0,0,0,0,0,0
481767,1,1,1991,0,0,23,0,0,0,12,0,0,0
481768,1,1,1991,14,26,17,14,14,29,30,33,18,5
481769,1,1,1991,0,0,0,0,0,0,0,0,0,0
481769,2,1,1991,0,0,0,0,0,0,0,0,0,0
481770,0,1,1991,0,21,0,0,0,0,0,0,0,0
481770,1,1,1991,0,0,0,0,0,0,0,0,0,0
481771,1,1,1991,30,30,30,30,30,30,30,30,30,30
481772,1,1,1991,5,0,0,0,10,20,2,28,13,8
481773,1,1,1991,0,0,0,0,0,0,0,0,0,0
481774,1,1,1991,0,0,0,0,0,0,0,0,0,0
481774,2,1,1991,0,0,0,0,0,0,0,8,0,0
481774,3,1,1991,0,0,0,0,0,0,0,0,0,0
481775,1,1,1991,0,0,10,0,13,12,0,0,14,0
481775,2,1,1991,0,28,0,10,0,13,0,0,0,23
481776,1,1,1991,0,0,0,0,0,15,0,0,0,0
481776,2,1,1991,0,0,0,0,0,0,0,0,0,0
481776,3,1,1991,0,0,0,0,0,0,0,0,0,0
481777,0,1,1991,0,0,0,0,0,0,0,0,0,0
481777,1,1,1991,5,17,0,9,4,0,7,0,0,0
481778,1,1,1991,0,0,0,0,0,0,0,0,0,0
481778,2,1,1991,0,0,15,0,0,0,0,0,0,0
481779,1,1,1991,0,0,0,0,0,0,0,0,0,0
481779,2,1,1991,0,0,0,12,0,0,15,38,5,13
481779,3,1,1991,0,0,0,0,0,0,0,0,0,0
481779,4,1,1991,6,16,19,0,0,13,0,0,0,20
481780,0,1,1991,10,10,10,10,10,10,10,10,10,10
481780,1,1,1991,0,0,0,11,0,0,0,0,0,0
481781,1,1,1991,0,0,0,0,0,0,0,0,10,0
481782,1,1,1991,0,0,0,0,0,0,7,0,0,0
481782,2,1,1991,28,28,28,28,28,28,28,28,28,28
481783,1,1,1991,20,20,20,20,20,20,20,20,20,20
481783,2,1,1991,0,0,0,0,0,0,0,0,0,0
481784,1,1,1991,12,15,15,7,17,0,0,13,11,0
481785,1,1,1991,0,0,0,0,0,0,0,0,0,0
481785,2,1,1991,0,0,0,0,0,0,0,0,0,0
481786,0,1,1991,0,0,0,0,0,0,0,0,0,0
481786,1,1,1991,0,0,0,0,0,0,0,5,0,0
481787,1,1,1991,0,0,0,0,24,0,0,0,0,0
481787,2,1,1991,0,0,0,0,0,0,0,0,0,0
481788,1,1,1991,26,15,0,25,16,0,0,31,11,0
481789,0,1,1991,0,0,22,11,0,0,21,22,0,0
481789,1,1,1991,0,0,0,0,0,0,0,0,0,0
481790,1,1,1991,32,20,25,7,20,0,15,6,0,5
481791,1,1,1991,17,17,17,17,17,17,17,17,17,17
481792,0,1,1991,0,0,0,0,0,0,0,0,0,0
481792,0,2,1991,0,15,25,0,0,10,18,0,17,31
481792,0,3,1991,28,19,21,26,27,35,44,37,19,14
481792,0,4,1991,24,36,16,0,0,28,38,21,0,0
481792,1,1,1991,21,21,21,21,21,21,21,21,21,21
481793,0,1,1991,19,9,0,20,8,0,0,22,0,22
481793,1,1,1991,18,9,20,6,0,0,14,31,27,0
481794,1,1,1991,36,35,22,16,27,16,23,23,29,17
481795,1,1,1991,13,0,19,17,11,11,22,16,13,13
481796,1,1,1991,27,27,27,27,27,27,27,27,27,27
481797,0,1,1991,0,0,0,0,0,0,0,0,0,0
481797,0,2,1991,12,25,0,0,0,0,18,27,5,0
481797,1,1,1991,20,0,16,17,20,15,26,23,14,0
481798,1,1,1991,0,19,0,0,3,0,0,0,0,12
481799,0,1,1991,4,4,4,4,4,4,4,4,4,4
481799,1,1,1991,0,0,0,0,0,0,0,0,0,0
481800,0,1,1991,0,0,0,0,0,15,0,0,0,0
481800,1,1,1991,0,0,0,0,0,0,0,0,0,0
481801,0,1,1991,0,0,0,0,0,0,0,0,0,0
481801,1,1,1991,12,0,0,0,0,0,0,0,15,0
481801,2,1,1991,0,10,0,4,4,0,0,0,0,10
481802,0,1,1991,0,0,0,0,0,0,0,0,0,0
481802,1,1,1991,28,0,6,0,0,12,0,0,0,0
481802,2,1,1991,0,0,6,17,16,0,0,0,0,0
481803,1,1,1991,0,0,0,0,0,0,9,0,0,0
481804,1,1,1991,16,16,16,16,16,16,16,16,16,16
481805,0,1,1991,0,0,0,0,0,0,0,0,0,0
481805,1,1,1991,0,0,0,0,0,0,0,0,0,0
481806,1,1,1991,25,25,25,25,25,25,25,25,25,25
481807,0,1,1991,0,0,0,0,15,0,22,0,0,15
481807,0,2,1991,0,0,0,0,0,0,0,0,0,32
481807,1,1,1991,0,0,0,0,0,0,0,0,0,0
481808,1,1,1991,7,7,7,7,7,7,7,7,7,7
481808,2,1,1991,0,0,0,0,10,0,0,0,6,0
481809,1,1,1991,0,0,0,0,0,0,0,0,0,0
481809,2,1,1991,0,0,0,0,0,0,0,0,23,0
481810,1,1,1991,0,0,0,0,0,0,0,0,0,0
481811,0,1,1991,0,0,0,0,0,0,0,0,0,0
481811,0,2,1991,11,11,11,11,11,11,11,11,11,11
481811,1,1,1991,10,10,10,10,10,10,10,10,10,10
481812,1,1,1991,12,12,12,12,12,12,12,12,12,12
481813,1,1,1991,0,0,0,0,0,0,0,0,0,0
481814,1,1,1991,8,8,8,8,8,8,8,8,8,8
481815,0,1,1991,14,14,14,14,14,14,14,14,14,14
481815,1,1,1991,10,19,6,0,19,9,28,0,12,18
481816,1,1,1991,0,0,0,0,0,0,0,0,0,0
481816,2,1,1991,22,22,22,22,22,22,22,22,22,22
481817,0,1,1991,0,0,22,16,29,0,18,31,35,0
481817,1,1,1991,0,0,0,0,0,11,13,12,0,0
481818,0,1,1991,0,0,0,0,0,0,0,0,0,0
481818,1,1,1991,0,0,0,0,0,0,0,0,0,0
481819,1,1,1991,0,0,0,0,0,0,0,0,0,0
481820,1,1,1991,0,0,0,0,0,0,0,0,0,0
481820,2,1,1991,0,0,0,0,0,0,0,0,0,0
481821,1,1,1991,19,19,19,19,19,19,19,19,19,19
481821,2,1,1991,0,0,12,21,0,0,29,0,13,0
481822,1,1,1991,0,0,0,0,0,0,0,0,0,0
481822,2,1,1991,8,8,8,8,8,8,8,8,8,8
481823,0,1,1991,0,0,0,0,0,0,0,0,0,0
481823,1,1,1991,18,18,18,18,18,18,18,18,18,18
481824,1,1,1991,21,21,21,21,21,21,21,21,21,21
481824,2,1,1991,0,0,0,0,0,0,0,0,0,0
481825,0,1,1991,0,0,0,0,0,0,0,0,0,0
481825,0,2,1991,27,14,0,0,7,0,24,0,0,30
481825,1,1,1991,28,28,28,28,28,28,28,28,28,28
481826,1,1,1991,0,11,0,0,0,0,0,0,0,0
481826,2,1,1991,0,0,0,0,0,0,0,0,0,0
481827,1,1,1991,19,19,19,19,19,19,19,19,19,19
481828,0,1,1991,0,0,0,0,0,0,0,0,0,0
481828,1,1,1991,0,0,0,0,0,0,0,0,0,0
481829,1,1,1991,22,22,22,22,22,22,22,22,22,22
481830,1,1,1991,19,19,19,19,19,19,19,19,19,19
481831,1,1,1991,11,0,0,0,0,0,11,0,0,8
481831,2,1,1991,0,0,0,0,0,0,0,0,0,0
481832,1,1,1991,0,0,0,0,0,0,0,0,0,0
481832,2,1,1991,26,26,26,26,26,26,26,26,26,26
481833,1,1,1991,0,0,0,0,0,12,0,0,0,0
481834,1,1,1991,0,0,0,0,0,0,0,0,0,0
481835,0,1,1991,12,30,0,0,25,22,0,0,0,0
481835,1,1,1991,6,6,6,6,6,6,6,6,6,6
481836,0,1,1991,0,0,0,0,0,0,0,0,0,0
481836,1,1,1991,0,0,0,0,0,0,0,0,0,0
481837,1,1,1991,16,16,16,16,16,16,16,16,16,16
481838,0,1,1991,0,0,0,0,0,0,33,0,0,28
481838,1,1,1991,0,0,0,0,0,0,13,0,0,0
481838,2,1,1991,0,23,8,8,0,0,0,0,0,0
481839,0,1,1991,0,0,9,17,11,0,36,16,0,0
481839,1,1,1991,0,0,0,0,0,0,0,0,0,0
481840,1,1,1991,0,0,0,0,0,0,0,0,0,0
481840,2,1,1991,0,0,0,0,0,0,0,0,0,0
481841,1,1,1991,12,0,0,0,0,0,7,0,26,0
481841,2,1,1991,0,26,0,0,0,0,0,0,15,15
481842,1,1,1991,14,12,18,15,25,35,14,30,10,21
481843,1,1,1991,20,20,20,20,20,20,20,20,20,20
481844,1,1,1991,0,0,0,0,0,0,0,0,0,0
481844,2,1,1991,0,0,0,0,0,0,0,0,0,0
481845,1,1,1991,14,14,14,14,14,14,14,14,14,14
481846,0,1,1991,36,36,36,36,36,36,36,36,36,36
481846,1,1,1991,0,0,7,12,11,6,10,0,0,0
481847,1,1,1991,24,24,24,24,24,24,24,24,24,24
481848,1,1,1991,4,4,4,4,4,4,4,4,4,4
481848,2,1,1991,12,12,12,12,12,12,12,12,12,12
481849,1,1,1991,0,0,0,0,0,0,0,0,0,0
481850,1,1,1991,0,0,0,0,0,0,0,0,13,0
481851,1,1,1991,0,0,0,14,11,6,0,0,0,0
481852,1,1,1991,0,12,0,0,0,17,0,0,0,0
481852,2,1,1991,0,0,0,0,0,0,0,0,0,0
481853,1,1,1991,4,0,0,0,0,0,0,0,0,0
481853,2,1,1991,0,0,0,0,0,0,0,0,0,0
481853,3,1,1991,0,0,0,0,0,0,0,0,0,0
481854,0,1,1991,0,0,0,0,0,0,0,0,0,0
481854,0,2,1991,0,0,0,0,0,0,0,0,0,0
481854,1,1,1991,0,0,0,0,0,0,0,0,0,0
481855,1,1,1991,5,5,5,5,5,5,5,5,5,5
481856,1,1,1991,0,0,0,0,0,0,0,0,0,0
481856,2,1,1991,0,0,0,0,6,0,0,0,0,0
481857,0,1,1991,19,19,19,19,19,19,19,19,19,19
481858,0,1,1991,0,0,0,0,0,0,0,0,0,0
481858,1,1,1991,0,0,0,0,0,0,0,0,9,0
481859,1,1,1991,0,0,0,0,0,0,0,0,0,0
481860,1,1,1991,9,9,9,9,9,9,9,9,9,9
481861,1,1,1991,10,18,0,0,0,0,0,14,0,0
481862,0,1,1991,0,17,0,0,0,20,0,0,0,0
481862,0,2,1991,0,16,0,0,0,0,25,7,0,0
481862,1,1,1991,0,0,0,0,0,0,0,0,0,0
481863,1,1,1991,0,14,16,0,9,0,19,22,27,0
481864,1,1,1991,0,0,0,0,0,14,0,0,0,0
481865,1,1,1991,31,9,19,17,0,14,16,20,0,14
481866,1,1,1991,27,27,27,27,27,27,27,27,27,27
481866,2,1,1991,4,4,4,4,4,4,4,4,4,4
481867,0,1,1991,0,0,0,25,0,0,0,0,0,0
481867,1,1,1991,0,0,0,0,0,0,0,0,0,0
481868,1,1,1991,0,0,0,0,0,0,0,0,0,0
481868,2,1,1991,14,14,14,14,14,14,14,14,14,14
481869,1,1,1991,0,0,0,0,0,0,0,0,0,0
481870,1,1,1991,0,0,0,0,0,0,0,0,0,0
481870,2,1,1991,0,0,0,0,0,0,0,0,0,0
481871,1,1,1991,0,13,0,0,0,0,0,0,0,0
481871,2,1,1991,0,0,0,0,0,0,0,0,0,0
481871,3,1,1991,0,0,0,0,0,0,0,0,0,0
481872,1,1,1991,0,0,0,0,0,0,0,0,0,0
481872,2,1,1991,0,0,0,0,0,0,0,0,0,0
481873,0,1,1991,29,0,19,33,26,13,24,17,24,5
481873,0,2,1991,34,9,22,32,11,36,0,22,0,9
481873,1,1,1991,13,0,22,0,17,12,0,10,24,23
481874,1,1,1991,17,17,17,17,17,17,17,17,17,17
481875,1,1,1991,0,0,0,0,0,0,0,0,0,0
481875,2,1,1991,29,29,29,29,29,29,29,29,29,29
481876,1,1,1991,0,0,0,0,0,0,0,0,0,0
481877,1,1,1991,0,0,0,0,0,6,0,12,0,0
481878,0,1,1991,0,0,7,0,15,0,0,14,29,0
481878,1,1,1991,10,0,0,0,4,11,0,33,0,25
481879,1,1,1991,0,0,0,0,0,0,0,0,0,0
481879,2,1,1991,0,0,0,0,0,0,0,0,0,0
481880,1,1,1991,0,9,0,0,0,21,0,0,0,0
481880,2,1,1991,0,0,0,0,0,0,0,0,0,0
481881,1,1,1991,10,0,0,0,15,0,0,0,17,0
481882,1,1,1991,23,23,23,23,23,23,23,23,23,23
481882,2,1,1991,0,0,0,0,0,0,0,5,0,0
481882,3,1,1991,0,0,0,12,0,0,6,0,16,0
481883,1,1,1991,14,14,14,14,14,14,14,14,14,14
481884,1,1,1991,0,0,0,0,0,0,0,0,0,0
481884,2,1,1991,0,0,0,0,0,0,0,0,0,0
481885,1,1,1991,19,19,19,19,19,19,19,19,19,19
481886,1,1,1991,22,22,22,22,22,22,22,22,22,22
481886,2,1,1991,0,0,0,0,0,0,0,0,0,0
481887,1,1,1991,14,14,14,14,14,14,14,14,14,14
481888,0,1,1991,23,23,23,23,23,23,23,23,23,23
481888,1,1,1991,6,6,6,6,6,6,6,6,6,6
481889,1,1,1991,19,19,19,19,19,19,19,19,19,19
481890,1,1,1991,0,0,0,0,0,0,0,8,0,0
481890,2,1,1991,0,0,0,0,0,0,0,0,0,0
481890,3,1,1991,0,0,0,0,0,0,0,0,0,0
481891,1,1,1991,0,0,0,0,0,0,0,0,0,0
481891,2,1,1991,27,8,0,12,4,29,0,0,23,0
481892,1,1,1991,4,0,0,9,18,18,0,0,11,9
481893,0,1,1991,8,8,8,8,8,8,8,8,8,8
481893,1,1,1991,0,0,0,4,0,0,0,3,0,0
481894,1,1,1991,10,10,10,10,10,10,10,10,10,10
481895,1,1,1991,10,10,10,10,10,10,10,10,10,10
481896,0,1,1991,26,26,26,26,26,26,26,26,26,26
481896,1,1,1991,14,25,28,8,0,0,0,18,0,0
481897,0,1,1991,21,21,21,21,21,21,21,21,21,21
481897,1,1,1991,0,12,5,12,11,18,11,6,13,12
481898,1,1,1991,20,20,20,20,20,20,20,20,20,20
481899,1,1,1991,0,0,0,0,0,0,0,0,0,0
481899,2,1,1991,0,0,0,0,26,0,0,0,0,0
481899,3,1,1991,0,0,0,0,0,0,0,0,0,0
481900,1,1,1991,12,12,12,12,12,12,12,12,12,12
481901,0,1,1991,14,14,14,14,14,14,14,14,14,14
481901,1,1,1991,0,9,0,0,0,0,0,10,0,0
481902,1,1,1991,10,10,10,10,10,10,10,10,10,10
481903,1,1,1991,1,1,1,1,1,1,1,1,1,1
481903,2,1,1991,0,10,0,16,14,9,6,0,20,0
481904,1,1,1991,0,0,0,0,0,0,0,7,0,0
481904,2,1,1991,13,13,13,13,13,13,13,13,13,13
481905,1,1,1991,0,0,0,0,0,0,0,0,0,0
481905,2,1,1991,0,0,0,0,0,0,0,0,0,0
481906,1,1,1991,0,0,0,0,32,0,0,0,0,0
481906,2,1,1991,0,0,0,0,0,25,0,0,0,0
481907,0,1,1991,24,0,0,8,17,0,0,29,0,0
481907,1,1,1991,0,0,0,10,0,12,0,0,0,0
481908,1,1,1991,0,0,0,0,0,0,0,0,0,0
481909,1,1,1991,35,35,35,35,35,35,35,35,35,35
481910,1,1,1991,0,0,0,0,0,0,0,0,0,0
481910,2,1,1991,0,0,0,0,0,0,0,0,0,0
481911,1,1,1991,0,0,0,0,0,0,0,0,0,0
481912,1,1,1991,0,0,0,0,0,0,0,0,0,0
481912,2,1,1991,0,0,0,0,0,0,0,0,0,0
481912,3,1,1991,0,0,0,0,0,0,0,0,0,0
481912,4,1,1991,0,0,0,0,0,0,0,0,0,0
481914,1,1,1991,0,0,0,0,0,0,0,3,0,0
481914,2,1,1991,0,0,0,0,0,0,0,0,0,0
481915,1,1,1991,7,7,7,7,7,7,7,7,7,7
481916,1,1,1991,0,0,0,0,0,0,0,0,0,0
481916,2,1,1991,0,0,0,0,19,0,0,0,0,0
481917,0,1,1991,0,0,0,0,0,0,0,0,0,0
481917,1,1,1991,0,0,0,0,0,17,0,0,0,0
481918,1,1,1991,0,0,0,0,0,0,0,0,0,0
481919,1,1,1991,0,10,0,0,20,0,0,18,0,0
481919,2,1,1991,0,0,0,0,0,0,32,0,0,18
481919,3,1,1991,0,0,15,0,0,6,3,0,0,0
481920,1,1,1991,18,18,18,18,18,18,18,18,18,18
481921,1,1,1991,15,15,15,15,15,15,15,15,15,15
481921,2,1,1991,0,0,0,0,0,0,0,0,0,0
481922,1,1,1991,0,0,0,0,0,0,0,0,0,0
481922,2,1,1991,15,0,0,0,0,0,0,7,22,0
481923,1,1,1991,0,0,11,0,0,0,0,0,0,0
481924,0,1,1991,14,14,14,14,14,14,14,14,14,14
481924,1,1,1991,18,18,18,18,18,18,18,18,18,18
481925,1,1,1991,17,22,13,12,12,12,14,23,25,31
481926,0,1,1991,22,22,22,22,22,22,22,22,22,22
481926,1,1,1991,0,0,0,0,0,0,0,0,0,0
481927,0,1,1991,25,13,0,27,33,21,18,13,15,16
481927,1,1,1991,12,23,18,10,0,0,0,0,8,0
481928,1,1,1991,25,25,25,25,25,25,25,25,25,25
481929,1,1,1991,0,10,0,0,19,0,0,0,15,0
481929,2,1,1991,27,27,27,27,27,27,27,27,27,27
481930,1,1,1991,0,0,0,0,9,0,0,0,0,0
481930,2,1,1991,0,0,0,0,0,0,18,23,0,0
481931,0,1,1991,0,0,0,0,0,0,0,0,0,0
481931,1,1,1991,0,0,6,0,0,0,0,6,16,0
481932,1,1,1991,20,18,10,8,8,4,32,8,7,19
481933,1,1,1991,0,0,0,0,0,0,0,0,0,0
481933,2,1,1991,0,0,0,0,0,0,0,0,0,0
481934,1,1,1991,0,19,0,0,23,0,12,13,9,8
481935,1,1,1991,2,2,2,2,2,2,2,2,2,2
481935,2,1,1991,0,0,0,0,0,0,0,0,0,0
481935,3,1,1991,0,0,1,0,0,0,0,0,0,0
481936,0,1,1991,0,0,15,11,18,15,19,0,22,14
481936,1,1,1991,8,26,8,16,7,19,21,13,21,21
481937,1,1,1991,0,0,0,0,0,0,0,0,0,0
481938,1,1,1991,5,5,5,5,5,5,5,5,5,5
481939,1,1,1991,27,27,27,27,27,27,27,27,27,27
481939,2,1,1991,0,0,0,0,0,0,0,0,0,0
481940,1,1,1991,14,14,14,14,14,14,14,14,14,14
481941,1,1,1991,0,0,0,0,0,0,0,0,0,0
481941,2,1,1991,0,0,0,0,0,0,0,0,0,0
481942,1,1,1991,0,0,0,0,0,0,0,0,0,0
481943,1,1,1991,0,0,0,0,0,0,0,0,0,0
481944,1,1,1991,0,0,0,0,0,0,0,0,0,0
481944,2,1,1991,0,0,0,0,0,0,0,0,0,0
481945,0,1,1991,28,19,0,4,0,38,23,35,26,14
481945,1,1,1991,18,0,17,0,2,0,0,0,0,0
481945,2,1,1991,16,0,13,0,0,0,0,0,0,6
481946,1,1,1991,6,6,6,6,6,6,6,6,6,6
481946,2,1,1991,0,0,0,0,0,0,0,0,0,0
481947,0,1,1991,0,0,0,0,0,0,0,0,0,0
481947,1,1,1991,0,0,0,0,0,0,0,0,0,0
481948,1,1,1991,23,23,23,23,23,23,23,23,23,23
481948,2,1,1991,0,0,0,0,0,0,0,0,0,0
481949,1,1,1991,15,15,15,15,15,15,15,15,15,15
481950,1,1,1991,13,10,16,18,11,15,0,13,12,12
481951,1,1,1991,0,0,0,0,0,0,0,0,0,0
481951,2,1,1991,0,0,0,0,0,0,0,0,0,0
481952,1,1,1991,23,23,23,23,23,23,23,23,23,23
481953,1,1,1991,0,0,0,0,0,0,0,0,0,0
481953,2,1,1991,0,0,0,0,0,0,0,0,0,0
481954,1,1,1991,15,15,15,15,15,15,15,15,15,15
481954,2,1,1991,0,0,0,0,0,0,0,0,0,0
481955,0,1,1991,10,10,10,10,10,10,10,10,10,10
481955,0,2,1991,18,0,0,13,0,0,6,9,0,8
481955,0,3,1991,0,0,12,15,0,0,0,0,24,16
481955,1,1,1991,0,16,0,16,0,12,11,0,8,8
481956,1,1,1991,0,0,0,0,0,0,0,0,0,0