ST_CASE,VEH_NO,PER_NO,YEAR,P1,P2,P3,P4,P5,P6,P7,P8,P9,P10
482229,1,1,1991,24,24,24,24,24,24,24,24,24,24
482230,1,1,1991,18,18,18,18,18,18,18,18,18,18
482231,1,1,1991,20,20,20,20,20,20,20,20,20,20
482232,1,1,1991,0,0,0,0,0,10,0,0,16,0
482232,2,1,1991,0,0,0,0,0,0,0,0,0,0
482232,3,1,1991,0,9,0,0,0,0,0,0,0,0
482233,1,1,1991,11,11,11,11,11,11,11,11,11,11
482234,1,1,1991,0,0,0,0,0,13,0,0,17,0
482234,2,1,1991,0,0,0,0,0,0,0,0,0,0
482235,1,1,1991,0,0,0,0,0,0,0,0,0,0
482236,1,1,1991,32,32,32,32,32,32,32,32,32,32
482237,1,1,1991,0,0,0,0,0,0,0,0,0,0
482238,1,1,1991,0,0,0,8,0,0,0,0,15,0
482238,2,1,1991,0,17,14,0,25,29,0,11,0,10
482239,1,1,1991,0,0,0,0,0,0,0,0,0,0
482239,2,1,1991,0,0,0,0,0,0,14,0,18,0
482240,1,1,1991,8,8,8,8,8,8,8,8,8,8
482241,0,1,1991,19,0,0,6,20,0,0,0,0,0
482241,1,1,1991,0,0,0,0,17,18,15,30,0,0
482241,2,1,1991,5,12,9,13,9,4,11,25,19,21
482242,1,1,1991,0,0,0,0,0,25,0,0,0,0
482242,2,1,1991,22,0,0,0,0,0,0,0,0,0
482243,1,1,1991,26,26,26,26,26,26,26,26,26,26
482243,2,1,1991,0,0,0,0,0,0,0,0,0,0
482244,1,1,1991,24,24,24,24,24,24,24,24,24,24
482245,1,1,1991,19,19,19,19,19,19,19,19,19,19
482245,2,1,1991,0,13,26,0,6,8,7,0,0,7
482246,1,1,1991,24,24,24,24,24,24,24,24,24,24
482247,1,1,1991,11,11,11,11,11,11,11,11,11,11
482248,1,1,1991,26,26,26,26,26,26,26,26,26,26
482249,1,1,1991,0,0,0,0,0,0,0,0,0,0
482249,2,1,1991,0,0,13,12,0,0,0,27,0,0
482250,1,1,1991,14,14,14,14,14,14,14,14,14,14
482250,2,1,1991,16,16,16,16,16,16,16,16,16,16
482251,1,1,1991,27,27,27,27,27,27,27,27,27,27
482252,1,1,1991,0,0,0,0,0,0,0,0,0,0
482252,2,1,1991,0,0,0,0,0,0,0,0,0,0
482253,1,1,1991,9,10,18,26,22,15,12,0,0,5
482254,1,1,1991,12,12,12,12,12,12,12,12,12,12
482255,1,1,1991,24,24,24,24,24,24,24,24,24,24
482256,1,1,1991,28,28,28,28,28,28,28,28,28,28
482257,1,1,1991,0,0,0,0,0,0,0,8,0,0
482257,2,1,1991,1,1,1,1,1,1,1,1,1,1
482258,1,1,1991,14,14,14,14,14,14,14,14,14,14
482259,1,1,1991,17,17,17,17,17,17,17,17,17,17
482260,1,1,1991,16,16,16,16,16,16,16,16,16,16
482261,1,1,1991,0,12,13,5,7,12,7,6,8,0
482261,2,1,1991,0,0,0,0,0,0,0,0,0,0
482262,1,1,1991,11,11,11,11,11,11,11,11,11,11
482262,2,1,1991,0,0,0,0,0,0,0,0,0,0
482263,1,1,1991,0,0,0,0,0,0,0,0,0,0
482264,1,1,1991,0,0,0,0,0,0,0,0,0,0
482264,2,1,1991,0,0,0,0,0,0,0,0,0,0
482265,0,1,1991,20,20,20,20,20,20,20,20,20,20
482265,1,1,1991,20,0,25,0,0,0,0,18,22,0
482266,0,1,1991,0,0,0,0,0,0,0,0,0,0
482266,1,1,1991,0,0,0,0,0,0,0,0,0,7
482266,2,1,1991,0,0,20,0,0,0,0,0,0,0
482267,1,1,1991,0,0,0,0,0,0,0,0,0,0
482267,2,1,1991,0,0,0,0,0,0,0,0,0,0
482268,1,1,1991,0,0,0,0,0,0,0,0,0,0
482268,2,1,1991,0,0,0,0,0,0,0,0,0,0
482269,1,1,1991,13,13,13,13,13,13,13,13,13,13
482270,0,1,1991,29,29,29,29,29,29,29,29,29,29
482270,1,1,1991,0,0,2,0,0,0,0,30,0,0
482272,1,1,1991,19,19,19,19,19,19,19,19,19,19
482272,2,1,1991,0,0,0,0,0,0,0,0,0,0
482273,1,1,1991,0,0,0,16,0,0,0,0,0,0
482273,2,1,1991,0,0,0,0,0,0,0,0,0,0
482273,3,1,1991,0,11,0,0,0,0,0,0,0,0
482274,1,1,1991,0,22,0,0,12,19,0,0,17,0
482274,2,1,1991,11,11,11,11,11,11,11,11,11,11
482275,0,1,1991,0,0,0,0,0,0,0,0,0,0
482275,1,1,1991,0,0,0,0,0,0,0,0,0,0
482276,1,1,1991,8,8,8,8,8,8,8,8,8,8
482277,1,1,1991,20,33,0,25,26,20,6,22,18,10
482278,1,1,1991,3,3,3,3,3,3,3,3,3,3
482278,2,1,1991,16,16,16,16,16,16,16,16,16,16
482279,1,1,1991,0,0,0,0,0,0,0,0,0,0
482279,2,1,1991,0,0,11,14,0,0,0,0,0,0
482280,0,1,1991,27,15,0,38,28,45,3,0,24,18
482280,0,2,1991,24,0,13,17,15,0,21,0,10,21
482280,1,1,1991,0,0,4,0,0,0,0,0,0,0
482281,1,1,1991,17,17,17,17,17,17,17,17,17,17
482281,2,1,1991,0,15,0,0,0,0,17,5,0,0
482282,1,1,1991,24,24,24,24,24,24,24,24,24,24
482283,1,1,1991,33,33,33,33,33,33,33,33,33,33
482283,2,1,1991,0,0,0,0,0,0,0,0,0,0
482284,1,1,1991,23,23,23,23,23,23,23,23,23,23
482284,2,1,1991,15,15,15,15,15,15,15,15,15,15
482285,1,1,1991,10,10,10,10,10,10,10,10,10,10
482285,2,1,1991,0,11,0,0,0,19,11,6,0,0
482286,0,1,1991,0,0,0,0,0,0,0,0,0,0
482286,1,1,1991,0,0,0,0,0,0,0,0,0,0
482287,1,1,1991,38,13,8,18,20,14,14,23,26,19
482288,1,1,1991,30,30,30,30,30,30,30,30,30,30
482289,1,1,1991,27,0,11,8,20,28,40,23,13,29
482290,0,1,1991,0,0,23,0,0,0,0,0,0,0
482290,1,1,1991,0,0,0,0,0,20,0,0,0,0
482291,0,1,1991,0,0,0,0,0,0,0,0,0,0
482291,1,1,1991,0,0,0,0,0,0,0,0,0,0
482292,1,1,1991,26,9,33,6,15,16,12,35,19,11
482293,1,1,1991,0,13,5,0,0,0,8,0,0,9
482294,1,1,1991,0,0,0,0,0,0,0,0,0,0
482294,2,1,1991,0,0,0,0,0,0,0,0,29,0
482295,1,1,1991,0,0,0,0,0,0,0,0,0,0
482295,2,1,1991,0,0,0,0,0,0,0,0,0,0
482296,1,1,1991,7,0,0,0,0,0,0,0,0,0
482296,2,1,1991,0,16,31,8,7,22,12,0,7,0
482297,1,1,1991,7,7,7,7,7,7,7,7,7,7
482298,0,1,1991,22,22,22,22,22,22,22,22,22,22
482298,1,1,1991,0,0,26,12,0,0,0,0,0,0
482300,1,1,1991,0,0,0,0,0,0,0,0,0,0
482301,1,1,1991,7,7,7,7,7,7,7,7,7,7
482302,1,1,1991,5,5,5,5,5,5,5,5,5,5
482303,0,1,1991,0,0,0,0,0,0,0,0,0,0
482303,1,1,1991,0,0,0,0,0,0,0,0,0,0
482304,1,1,1991,0,0,0,0,0,0,0,0,0,0
482304,2,1,1991,0,0,10,0,0,0,0,0,0,0
482304,3,1,1991,0,0,0,0,0,0,0,0,0,0
482305,1,1,1991,0,0,0,0,0,0,0,0,0,0
482305,2,1,1991,12,12,12,12,12,12,12,12,12,12
482306,1,1,1991,1,1,1,1,1,1,1,1,1,1
482306,2,1,1991,0,0,0,0,0,0,0,0,0,0
482307,0,1,1991,0,0,0,0,6,0,15,0,0,0
482307,1,1,1991,0,0,0,0,0,0,0,0,0,0
482308,2,1,1991,0,0,0,0,0,0,0,0,0,0
482309,0,1,1991,35,35,35,35,35,35,35,35,35,35
482309,1,1,1991,0,0,8,0,0,0,0,0,0,0
482310,1,1,1991,0,0,0,0,14,0,0,0,0,0
482311,1,1,1991,0,0,0,0,0,0,0,0,0,0
482311,2,1,1991,0,0,0,0,0,0,0,0,0,0
482311,3,1,1991,0,0,0,0,0,0,0,0,0,0
482312,1,1,1991,23,23,23,23,23,23,23,23,23,23
482313,1,1,1991,0,0,0,0,0,0,0,0,0,0
482313,2,1,1991,0,0,0,0,0,0,0,0,0,0
482314,1,1,1991,0,0,0,0,0,0,0,0,0,0
482314,2,1,1991,0,0,0,0,0,0,0,0,0,0
482315,1,1,1991,18,18,18,18,18,18,18,18,18,18
482316,0,1,1991,0,0,0,0,0,0,0,0,0,0
482316,1,1,1991,16,0,0,0,0,0,0,0,0,0
482317,0,1,1991,24,24,24,24,24,24,24,24,24,24
482317,1,1,1991,0,0,0,0,0,0,0,5,0,0
482318,0,1,1991,0,0,0,0,0,0,0,0,0,0
482318,1,1,1991,0,0,0,0,0,0,0,0,0,0
482318,2,1,1991,0,0,0,0,0,0,0,0,0,0
482319,1,1,1991,16,16,16,16,16,16,16,16,16,16
482320,1,1,1991,0,0,0,0,0,0,0,0,0,0
482320,2,1,1991,0,0,17,0,5,11,0,0,19,0
482321,1,1,1991,0,0,0,0,0,0,0,0,0,0
482322,1,1,1991,0,0,0,0,0,0,0,0,0,0
482322,2,1,1991,0,0,0,0,0,0,0,0,0,0
482323,1,1,1991,34,34,34,34,34,34,34,34,34,34
482323,2,1,1991,1,1,1,1,1,1,1,1,1,1
482324,1,1,1991,0,0,0,0,0,0,0,0,0,0
482324,2,1,1991,0,29,16,3,0,0,17,9,13,6
482325,1,1,1991,0,0,0,0,0,0,0,0,0,0
482325,2,1,1991,12,12,12,12,12,12,12,12,12,12
482326,1,1,1991,0,0,0,0,0,0,0,0,0,0
482327,1,1,1991,3,10,0,21,6,0,0,0,17,0
482328,1,1,1991,24,24,24,24,24,24,24,24,24,24
482328,2,1,1991,14,14,14,14,14,14,14,14,14,14
482328,3,1,1991,13,13,13,13,13,13,13,13,13,13
482329,1,1,1991,0,0,0,0,0,17,0,9,0,0
482330,0,1,1991,27,27,27,27,27,27,27,27,27,27
482330,1,1,1991,0,0,0,0,0,0,0,0,0,0
482330,2,1,1991,11,0,0,0,16,0,11,0,10,3
482331,1,1,1991,8,0,0,0,0,0,0,0,12,0
482331,2,1,1991,0,0,0,0,0,0,3,0,0,0
482332,1,1,1991,17,17,17,17,17,17,17,17,17,17
482333,0,1,1991,19,19,19,19,19,19,19,19,19,19
482333,1,1,1991,0,0,0,0,0,0,0,0,0,0
482334,1,1,1991,21,21,21,21,21,21,21,21,21,21
482335,1,1,1991,0,0,0,0,0,0,0,0,0,0
482336,1,1,1991,15,15,15,15,15,15,15,15,15,15
482337,0,1,1991,9,16,22,27,0,21,0,20,0,0
482337,1,1,1991,0,0,15,22,0,0,9,18,0,19
482338,0,1,1991,21,21,21,21,21,21,21,21,21,21
482338,1,1,1991,23,23,23,23,23,23,23,23,23,23
482339,1,1,1991,12,0,0,0,0,0,0,0,0,0
482339,2,1,1991,0,0,12,0,0,0,0,0,0,0
482340,1,1,1991,0,0,0,0,0,0,0,0,0,0
482340,2,1,1991,0,20,0,0,0,0,0,0,0,16
482341,1,1,1991,0,0,0,0,0,0,0,0,0,0
482342,1,1,1991,23,23,23,23,23,23,23,23,23,23
482343,0,1,1991,10,10,10,10,10,10,10,10,10,10
482343,1,1,1991,0,0,0,0,7,19,0,0,0,14
482344,1,1,1991,0,0,0,0,0,0,0,0,0,0
482344,2,1,1991,0,0,0,0,0,0,0,0,0,0
482345,1,1,1991,13,21,22,10,7,32,19,0,22,12
482346,1,1,1991,26,26,26,26,26,26,26,26,26,26
482347,1,1,1991,14,14,14,14,14,14,14,14,14,14
482348,1,1,1991,0,0,0,0,0,0,0,0,0,0
482348,2,1,1991,0,0,0,0,0,0,0,0,0,0
482349,0,1,1991,0,0,0,0,0,0,0,0,0,0
482349,1,1,1991,0,0,0,0,0,0,0,0,0,0
482350,1,1,1991,0,0,0,0,0,0,0,0,0,0
482350,2,1,1991,0,0,0,0,0,0,0,0,0,0
482351,1,1,1991,0,0,0,0,0,0,0,0,0,0
482351,2,1,1991,23,23,23,23,23,23,23,23,23,23
482352,1,1,1991,0,0,0,0,0,0,0,0,0,0
482352,2,1,1991,0,0,0,0,0,0,0,0,0,0
482352,3,1,1991,6,0,0,0,0,0,0,0,0,0
482352,4,1,1991,0,0,0,0,0,0,0,0,0,0
482353,1,1,1991,0,0,0,0,10,0,0,0,0,0
482354,1,1,1991,6,6,6,6,6,6,6,6,6,6
482355,1,1,1991,0,0,0,0,21,0,0,0,3,0
482355,2,1,1991,0,0,0,0,0,0,0,0,0,0
482356,0,1,1991,15,15,15,15,15,15,15,15,15,15
482356,1,1,1991,12,0,0,0,0,0,0,0,0,0
482357,1,1,1991,23,23,23,23,23,23,23,23,23,23
482357,2,1,1991,0,9,0,27,15,0,0,0,10,20
482358,1,1,1991,16,0,0,0,0,0,0,0,0,0
482358,2,1,1991,0,0,0,0,0,0,0,0,0,0
482359,1,1,1991,0,0,14,0,24,19,20,13,0,0
482359,2,1,1991,0,0,0,0,0,0,0,0,0,13
482360,0,1,1991,0,0,0,0,0,0,0,0,0,0
482360,1,1,1991,0,0,0,0,11,0,0,0,0,0
482361,0,1,1991,0,0,0,0,0,0,0,0,0,0
482361,1,1,1991,22,13,0,0,10,11,0,0,0,0
482362,1,1,1991,0,0,0,0,0,0,0,0,0,0
482362,2,1,1991,2,2,2,2,2,2,2,2,2,2
482363,0,1,1991,34,34,34,34,34,34,34,34,34,34
482363,1,1,1991,0,11,0,0,0,0,12,7,0,12
482364,0,1,1991,14,0,0,0,0,0,0,0,0,0
482364,1,1,1991,0,0,0,22,20,0,0,0,0,0
482365,1,1,1991,0,0,0,0,0,0,0,0,0,0
482365,2,1,1991,0,0,0,14,0,0,0,0,0,0
482366,1,1,1991,17,17,17,17,17,17,17,17,17,17
482366,2,1,1991,9,14,13,0,0,0,0,0,13,17
482367,1,1,1991,0,13,14,0,0,13,0,0,0,0
482368,1,1,1991,0,0,0,0,0,0,0,0,0,0
482368,2,1,1991,0,0,0,0,5,0,0,0,19,0
482369,1,1,1991,31,0,11,17,15,0,8,9,4,11
482369,2,1,1991,0,0,0,11,0,0,0,0,0,0
482370,1,1,1991,22,22,22,22,22,22,22,22,22,22
482370,2,1,1991,20,5,0,7,13,15,8,18,20,0
482371,1,1,1991,0,0,0,0,0,0,0,0,0,0
482372,0,1,1991,0,0,0,0,0,0,0,0,0,0
482372,1,1,1991,0,0,0,0,0,0,0,0,0,0
482373,1,1,1991,0,0,0,0,0,0,0,0,0,0
482374,0,1,1991,0,0,0,0,0,0,0,0,0,0
482374,1,1,1991,0,0,0,0,0,0,0,0,0,0
482375,1,1,1991,26,26,26,26,26,26,26,26,26,26
482376,0,1,1991,17,25,0,0,0,0,0,0,0,0
482376,1,1,1991,9,0,0,0,0,0,0,0,0,0
482377,1,1,1991,0,0,0,0,18,14,0,0,0,0
482377,2,1,1991,0,0,0,0,0,0,0,0,0,0
482378,1,1,1991,0,30,0,0,0,15,9,0,0,0
482378,2,1,1991,29,29,29,29,29,29,29,29,29,29
482379,1,1,1991,5,5,5,5,5,5,5,5,5,5
482379,2,1,1991,7,7,7,7,7,7,7,7,7,7
482380,1,1,1991,0,0,0,0,0,0,0,0,0,0
482381,1,1,1991,0,0,0,0,0,0,0,0,0,0
482382,1,1,1991,0,0,0,0,0,0,0,0,0,0
482382,2,1,1991,15,10,16,15,15,29,9,4,3,0
482383,0,1,1991,20,20,20,20,20,20,20,20,20,20
482383,1,1,1991,0,0,0,0,0,0,0,0,0,0
482383,2,1,1991,0,0,0,0,0,0,0,0,0,0
482384,1,1,1991,16,12,0,18,23,23,0,0,0,0
482385,1,1,1991,21,21,21,21,21,21,21,21,21,21
482386,1,1,1991,0,0,0,0,0,0,0,0,0,0
482387,1,1,1991,0,0,0,0,12,0,4,0,6,0
482387,2,1,1991,0,0,0,0,10,0,0,0,0,0
482388,1,1,1991,0,10,0,0,0,0,0,0,0,0
482389,0,1,1991,0,10,13,0,42,0,21,23,0,34
482389,1,1,1991,0,0,0,0,0,0,26,0,0,8
482390,1,1,1991,0,0,0,0,6,0,14,0,0,16
482390,2,1,1991,0,0,0,0,0,0,0,0,0,0
482391,1,1,1991,0,0,0,13,0,0,9,0,10,0
482391,2,1,1991,0,0,0,0,12,0,17,0,0,0
482392,1,1,1991,0,0,0,0,0,0,0,0,0,0
482392,2,1,1991,16,16,16,16,16,16,16,16,16,16
482392,3,1,1991,0,0,0,19,0,6,0,22,12,0
482393,1,1,1991,3,3,3,3,3,3,3,3,3,3
482393,2,1,1991,15,15,15,15,15,15,15,15,15,15
482394,1,1,1991,0,0,0,0,0,0,0,0,0,0
482394,2,1,1991,0,0,0,0,0,0,0,0,0,0
482395,1,1,1991,0,0,0,9,0,0,0,0,0,23
482395,2,1,1991,0,9,9,0,0,0,0,0,0,0
482396,1,1,1991,27,27,27,27,27,27,27,27,27,27
482396,2,1,1991,0,0,0,0,0,0,0,0,0,0
482397,0,1,1991,26,0,0,0,0,0,0,0,0,9
482397,1,1,1991,0,0,0,0,0,6,0,0,0,0
482398,0,1,1991,0,0,0,0,22,0,0,0,0,0
482398,1,1,1991,0,0,0,0,0,0,0,33,0,0
482399,1,1,1991,0,0,0,0,0,0,0,0,0,0
482399,2,1,1991,0,0,0,0,0,0,0,0,0,0
482400,0,1,1991,35,35,35,35,35,35,35,35,35,35
482400,1,1,1991,0,0,0,0,0,0,0,0,0,0
482401,1,1,1991,35,35,35,35,35,35,35,35,35,35
482402,1,1,1991,0,0,0,0,0,0,0,0,0,0
482402,2,1,1991,0,0,0,0,0,0,0,0,0,0
482403,0,1,1991,26,26,26,26,26,26,26,26,26,26
482403,1,1,1991,0,0,0,0,0,14,0,0,0,0
482404,1,1,1991,0,0,0,0,0,0,0,13,0,0
482404,2,1,1991,0,0,0,0,0,0,0,0,0,0
482405,1,1,1991,19,0,23,18,25,10,0,23,0,6
482406,1,1,1991,0,0,0,0,0,0,0,0,0,0
482406,2,1,1991,0,0,0,0,0,0,0,0,0,0
482407,1,1,1991,24,24,24,24,24,24,24,24,24,24
482408,1,1,1991,7,7,7,7,7,7,7,7,7,7
482408,2,1,1991,0,0,0,0,0,0,0,8,0,0
482409,0,1,1991,0,0,0,0,19,19,18,0,0,10
482409,1,1,1991,0,0,0,0,0,0,15,0,0,0
482410,0,1,1991,13,13,13,13,13,13,13,13,13,13
482410,2,1,1991,10,10,10,10,10,10,10,10,10,10
482411,0,1,1991,0,0,0,0,0,0,7,35,0,0
482411,1,1,1991,0,0,15,0,0,0,0,0,35,0
482412,1,1,1991,6,0,12,8,26,15,0,0,48,0
482413,1,1,1991,34,34,34,34,34,34,34,34,34,34
482414,0,1,1991,0,0,13,0,0,32,10,0,0,0
482414,1,1,1991,10,10,10,10,10,10,10,10,10,10
482415,1,1,1991,13,13,13,13,13,13,13,13,13,13
482415,2,1,1991,0,0,0,0,0,0,0,0,0,0
482416,1,1,1991,0,15,29,8,46,14,0,19,10,12
482417,1,1,1991,0,0,0,0,0,0,0,0,0,0
482417,2,1,1991,3,3,3,3,3,3,3,3,3,3
482418,1,1,1991,0,0,0,0,0,0,0,0,0,0
482418,2,1,1991,0,0,0,0,0,0,0,0,0,0
482419,1,1,1991,19,19,19,19,19,19,19,19,19,19
482420,1,1,1991,0,0,0,0,0,0,0,0,0,0
482420,2,1,1991,16,0,0,0,0,0,0,0,0,0
482421,1,1,1991,23,23,23,23,23,23,23,23,23,23
482421,2,1,1991,0,0,0,0,0,0,0,0,0,0
482421,3,1,1991,0,0,0,0,0,0,0,0,0,0
482422,1,1,1991,11,11,11,11,11,11,11,11,11,11
482422,2,1,1991,0,0,0,0,0,0,0,0,0,0
482423,1,1,1991,17,17,17,17,17,17,17,17,17,17
482424,1,1,1991,0,0,0,0,0,0,0,0,0,0
482424,2,1,1991,0,0,0,5,0,0,0,0,0,0
482425,1,1,1991,19,19,19,19,19,19,19,19,19,19
482426,1,1,1991,0,0,0,0,0,0,0,0,24,0
482427,1,1,1991,20,20,20,20,20,20,20,20,20,20
482428,1,1,1991,10,10,10,10,10,10,10,10,10,10
482428,2,1,1991,0,17,0,0,7,0,0,4,0,3
482429,1,1,1991,0,0,0,0,0,14,0,6,23,0
482429,2,1,1991,0,0,0,0,0,0,0,0,0,0
482430,1,1,1991,0,0,0,0,20,0,0,0,27,0
482430,2,1,1991,0,0,0,0,0,0,0,0,0,0
482431,1,1,1991,26,26,26,26,26,26,26,26,26,26
482431,2,1,1991,0,0,0,0,0,0,0,0,0,0
482431,3,1,1991,0,0,0,0,0,0,0,0,0,0
482431,4,1,1991,0,0,0,0,0,0,0,0,0,0
482432,1,1,1991,0,0,0,0,0,0,0,0,16,0
482432,2,1,1991,0,0,0,0,0,0,0,0,0,0
482432,3,1,1991,0,0,0,0,0,0,0,11,0,0
482432,4,1,1991,0,0,0,18,0,0,0,0,0,0
482433,1,1,1991,24,24,24,24,24,24,24,24,24,24
482434,1,1,1991,15,15,15,15,15,15,15,15,15,15
482435,1,1,1991,0,0,0,0,0,0,0,0,0,0
482435,2,1,1991,0,0,0,0,0,0,0,0,0,0
482436,1,1,1991,14,7,39,0,28,22,0,0,23,0
482437,1,1,1991,16,16,16,16,16,16,16,16,16,16
482438,1,1,1991,0,0,24,0,0,4,0,13,17,0
482439,1,1,1991,0,0,0,0,0,0,0,0,0,0
482439,2,1,1991,22,22,22,22,22,22,22,22,22,22
482440,1,1,1991,21,21,21,21,21,21,21,21,21,21
482441,1,1,1991,0,0,0,0,0,0,0,0,0,0
482441,2,1,1991,0,0,0,0,0,0,0,0,0,0
482442,1,1,1991,0,16,0,0,15,0,30,0,0,0
482443,0,1,1991,7,0,0,38,0,9,0,15,14,0
482443,1,1,1991,16,16,16,16,16,16,16,16,16,16
482444,1,1,1991,0,14,0,0,6,22,24,0,20,0
482444,2,1,1991,0,0,0,0,0,0,0,0,0,0
482444,3,1,1991,0,0,0,0,0,0,0,0,0,0
482444,4,1,1991,0,0,0,0,0,0,0,0,0,0
482445,1,1,1991,0,0,0,0,0,0,0,0,0,0
482446,1,1,1991,0,0,0,0,0,0,0,0,0,0
482447,0,1,1991,0,0,0,0,0,0,0,0,0,0
482447,1,1,1991,0,0,16,0,0,0,0,0,0,0
482448,1,1,1991,23,23,23,23,23,23,23,23,23,23
482448,2,1,1991,0,0,0,0,0,0,0,15,16,0
482449,1,1,1991,0,0,0,0,0,0,0,0,0,0
482450,1,1,1991,25,25,25,25,25,25,25,25,25,25
482451,1,1,1991,0,0,0,0,0,0,0,0,0,0
482451,2,1,1991,0,0,0,0,0,0,0,0,0,24
482452,1,1,1991,0,0,0,0,0,0,0,0,0,0
482452,2,1,1991,0,0,0,0,0,0,0,0,0,0
482453,1,1,1991,0,15,19,18,17,18,18,0,14,24
482454,1,1,1991,16,26,21,0,11,0,0,24,23,12
482455,1,1,1991,0,0,0,0,0,0,0,0,0,0
482455,2,1,1991,0,0,0,0,0,0,15,0,0,0
482456,1,1,1991,22,22,22,22,22,22,22,22,22,22
482456,2,1,1991,0,0,0,0,0,0,0,0,0,6
482457,1,1,1991,0,0,0,0,0,0,0,0,9,0
482457,2,1,1991,0,0,0,0,0,0,0,0,0,0
482458,1,1,1991,22,26,47,15,11,28,13,22,32,18
482459,1,1,1991,0,0,0,0,0,0,0,0,0,0
482460,0,1,1991,0,25,20,0,16,0,0,0,26,37
482460,1,1,1991,18,0,0,15,0,0,0,0,12,0
482461,1,1,1991,0,0,0,0,0,0,0,0,0,0
482461,2,1,1991,0,0,0,0,0,0,0,0,0,0
482462,0,1,1991,23,23,23,23,23,23,23,23,23,23
482462,1,1,1991,0,0,0,0,0,0,0,0,0,0
482463,1,1,1991,22,22,22,22,22,22,22,22,22,22
482464,1,1,1991,0,0,0,0,0,0,14,0,0,0
482464,2,1,1991,0,0,0,0,0,0,0,18,0,0
482465,1,1,1991,27,15,6,17,3,9,9,12,7,16
482465,2,1,1991,16,0,20,0,33,15,18,13,0,21
482466,2,1,1991,0,0,0,0,0,0,0,0,0,0
482467,1,1,1991,0,0,0,0,0,0,0,0,0,0
482467,2,1,1991,0,0,0,0,0,0,0,0,0,0
482468,1,1,1991,27,27,27,27,27,27,27,27,27,27
482469,1,1,1991,16,16,16,16,16,16,16,16,16,16
482469,2,1,1991,0,0,0,0,0,0,0,0,0,0
482470,1,1,1991,21,0,0,0,0,12,0,0,0,0
482471,1,1,1991,10,0,0,0,0,0,0,0,0,0
482471,2,1,1991,0,0,0,0,0,0,0,0,0,0
482472,1,1,1991,0,0,0,0,0,0,0,0,0,0
482473,1,1,1991,0,0,0,0,0,0,8,0,0,0
482473,2,1,1991,0,0,0,0,0,0,0,0,0,0
482474,0,1,1991,29,29,29,29,29,29,29,29,29,29
482474,1,1,1991,0,0,0,0,0,0,0,0,0,0
482475,1,1,1991,25,25,25,25,25,25,25,25,25,25
482476,1,1,1991,23,0,11,27,8,23,13,9,17,4
482477,1,1,1991,0,0,0,0,0,0,0,0,0,0
482478,0,1,1991,13,13,13,13,13,13,13,13,13,13
482478,1,1,1991,0,0,24,0,0,0,0,0,0,0
482479,1,1,1991,18,0,8,0,0,0,25,18,7,0
482480,0,1,1991,30,30,30,30,30,30,30,30,30,30
482480,1,1,1991,13,0,8,0,16,4,15,0,0,5
482481,0,1,1991,23,23,23,23,23,23,23,23,23,23
482481,1,1,1991,0,0,11,17,0,0,10,13,0,7
482482,1,1,1991,20,20,20,20,20,20,20,20,20,20
482483,1,1,1991,24,18,11,12,20,0,0,12,28,26
482483,2,1,1991,0,0,0,0,0,0,0,0,0,0
482484,0,1,1991,0,0,0,0,0,0,0,0,0,0
482484,1,1,1991,0,0,14,0,0,0,17,0,0,0
482485,1,1,1991,6,6,6,6,6,6,6,6,6,6
482485,2,1,1991,0,0,0,0,0,0,21,0,0,0
482486,1,1,1991,0,0,0,0,6,0,0,0,0,0
482487,1,1,1991,15,26,0,0,11,0,0,0,0,0
482487,2,1,1991,0,0,7,0,21,0,0,0,0,0
482488,1,1,1991,0,0,0,0,0,4,0,0,0,0
482488,2,1,1991,0,0,0,0,0,0,0,0,0,0
482489,0,1,1991,0,0,0,0,0,0,0,0,0,0
482489,1,1,1991,0,0,0,0,0,0,0,0,0,0
482490,1,1,1991,23,23,23,23,23,23,23,23,23,23
482490,2,1,1991,0,18,0,20,0,9,0,0,21,0
482491,1,1,1991,0,0,0,0,0,0,0,0,0,0
482491,2,1,1991,0,0,0,0,0,0,0,0,0,0
482492,0,1,1991,25,37,0,0,0,0,0,0,0,0
482492,1,1,1991,0,0,0,0,0,0,0,0,0,0
482493,1,1,1991,22,22,22,22,22,22,22,22,22,22
482493,2,1,1991,0,0,0,0,0,0,0,0,0,24
482494,0,1,1991,0,0,0,0,0,0,0,0,0,0
482494,1,1,1991,0,0,0,0,0,0,0,0,0,0
482495,1,1,1991,0,0,0,0,0,0,0,0,0,0
482495,2,1,1991,0,0,0,0,10,0,0,0,0,0
482496,1,1,1991,5,5,5,5,5,5,5,5,5,5
482496,2,1,1991,31,0,16,0,0,20,35,19,25,15
482497,0,1,1991,0,0,0,0,0,0,0,0,0,0
482497,1,1,1991,0,0,0,0,0,0,0,0,0,0
482498,1,1,1991,0,18,11,0,19,31,22,18,0,21