ST_CASE,VEH_NO,PER_NO,YEAR,P1,P2,P3,P4,P5,P6,P7,P8,P9,P10
63713,2,1,1991,0,0,0,0,0,0,0,0,0,0
63714,1,1,1991,11,11,11,11,11,11,11,11,11,11
63714,2,1,1991,0,0,0,0,0,0,0,0,0,0
63715,1,1,1991,16,16,16,16,16,16,16,16,16,16
63716,0,1,1991,0,0,0,0,0,0,0,0,0,0
63716,1,1,1991,0,0,0,0,0,0,0,0,0,0
63717,0,1,1991,0,0,0,0,0,0,0,0,0,0
63717,1,1,1991,0,0,0,0,0,0,0,0,0,0
63718,1,1,1991,0,0,0,0,21,13,0,0,0,0
63719,1,1,1991,18,18,18,18,18,18,18,18,18,18
63720,1,1,1991,0,0,0,0,0,0,0,0,0,0
63721,1,1,1991,10,0,15,9,9,13,5,23,7,10
63722,1,1,1991,0,0,19,8,14,0,3,0,0,0
63722,2,1,1991,16,16,16,16,16,16,16,16,16,16
63723,0,1,1991,0,0,0,0,0,0,0,0,0,0
63723,1,1,1991,17,18,0,11,0,7,9,8,0,15
63724,1,1,1991,0,0,0,0,0,0,0,0,0,0
63725,1,1,1991,0,0,0,0,0,0,0,0,0,0
63725,2,1,1991,0,0,0,0,0,0,0,0,0,0
63726,0,1,1991,0,0,17,0,16,0,0,0,0,0
63726,1,1,1991,0,0,0,0,0,0,0,0,0,0
63727,1,1,1991,23,23,23,23,23,23,23,23,23,23
63728,1,1,1991,0,0,0,0,0,0,0,0,0,0
63728,2,1,1991,0,0,0,0,0,0,0,0,0,0
63729,1,1,1991,22,22,22,22,22,22,22,22,22,22
63730,1,1,1991,3,3,3,3,3,3,3,3,3,3
63731,1,1,1991,0,0,0,0,0,0,0,0,0,0
63731,2,1,1991,0,0,0,0,0,0,0,21,0,0
63732,0,1,1991,0,0,0,0,0,0,0,0,0,0
63732,0,2,1991,23,14,17,27,20,25,16,20,33,12
63732,1,1,1991,12,12,12,12,12,12,12,12,12,12
63733,0,1,1991,0,0,0,0,0,0,0,0,0,0
63733,1,1,1991,0,0,0,0,0,0,0,0,0,0
63734,1,1,1991,0,0,0,0,0,0,0,0,0,0
63734,2,1,1991,0,0,0,0,0,0,0,0,0,0
63735,1,1,1991,15,15,15,15,15,15,15,15,15,15
63735,2,1,1991,0,0,0,0,0,0,0,0,0,0
63736,0,1,1991,0,0,15,0,0,0,0,0,0,17
63736,1,1,1991,7,0,0,0,0,0,0,0,0,0
63737,0,1,1991,0,0,0,0,0,0,0,0,0,0
63737,1,1,1991,0,0,17,0,0,0,0,0,0,11
63737,2,1,1991,0,0,0,0,27,9,0,0,10,0
63738,1,1,1991,0,0,0,0,0,0,20,7,0,0
63739,1,1,1991,0,0,0,0,0,0,0,0,0,0
63739,2,1,1991,0,0,0,0,0,0,0,0,0,0
63740,1,1,1991,0,0,0,0,0,0,0,0,0,0
63740,2,1,1991,0,0,0,0,0,0,0,0,0,0
63741,1,1,1991,20,20,20,20,20,20,20,20,20,20
63742,1,1,1991,0,0,0,0,0,0,0,0,0,0
63742,2,1,1991,0,0,0,0,0,0,0,0,0,0
63743,1,1,1991,0,0,0,0,0,0,0,0,0,0
63744,1,1,1991,12,12,12,12,12,12,12,12,12,12
63745,1,1,1991,15,15,15,15,15,15,15,15,15,15
63745,2,1,1991,0,0,0,0,0,0,0,0,0,0
63746,1,1,1991,0,0,0,0,0,0,0,0,0,0
63747,1,1,1991,0,0,0,0,0,0,0,0,0,0
63748,1,1,1991,0,0,0,0,0,0,0,0,0,0
63748,2,1,1991,0,0,0,0,0,0,0,0,0,0
63749,1,1,1991,0,0,0,0,0,0,0,0,0,0
63749,2,1,1991,0,0,0,0,0,0,0,0,0,0
63750,1,1,1991,0,0,0,0,0,0,0,0,0,0
63750,2,1,1991,0,0,0,0,0,0,0,0,0,0
63751,0,1,1991,0,0,0,0,0,0,0,0,0,0
63751,1,1,1991,0,0,0,0,0,0,0,0,0,0
63752,0,1,1991,0,0,0,0,0,0,0,0,0,0
63752,1,1,1991,0,0,0,0,0,12,0,0,0,0
63753,1,1,1991,0,0,27,22,0,0,0,0,0,3
63753,2,1,1991,0,0,0,0,11,0,0,0,0,0
63754,1,1,1991,8,8,8,8,8,8,8,8,8,8
63754,2,1,1991,0,0,0,0,0,0,0,0,0,0
63754,3,1,1991,0,0,0,0,0,0,0,0,0,0
63755,0,1,1991,17,17,17,17,17,17,17,17,17,17
63755,1,1,1991,0,20,0,0,0,0,0,0,0,0
63756,1,1,1991,4,4,4,4,4,4,4,4,4,4
63756,2,1,1991,0,0,0,0,0,0,0,0,0,0
63757,1,1,1991,0,0,0,30,0,0,0,0,0,0
63757,2,1,1991,0,0,0,0,0,0,0,0,0,0
63758,0,1,1991,0,0,0,0,0,0,0,0,0,0
63758,1,1,1991,0,0,0,0,0,0,0,0,0,0
63759,1,1,1991,0,0,0,0,0,0,0,0,0,0
63760,1,1,1991,0,0,0,0,0,0,0,0,0,0
63761,1,1,1991,17,17,17,17,17,17,17,17,17,17
63762,0,1,1991,18,18,18,18,18,18,18,18,18,18
63762,1,1,1991,10,0,0,12,0,5,9,0,0,14
63763,1,1,1991,26,26,26,26,26,26,26,26,26,26
63763,2,1,1991,0,0,0,10,0,0,0,0,0,31
63764,1,1,1991,0,0,0,0,0,0,0,0,0,0
63765,1,1,1991,26,26,26,26,26,26,26,26,26,26
63765,2,1,1991,0,0,0,0,0,0,0,0,0,0
63766,0,1,1991,0,0,0,0,0,0,0,0,0,0
63766,1,1,1991,0,13,13,0,0,0,28,14,20,0
63766,2,1,1991,0,6,0,0,0,0,0,0,0,0
63767,1,1,1991,0,0,0,0,0,0,0,0,0,0
63767,2,1,1991,0,0,0,15,0,0,13,0,0,0
63768,0,1,1991,0,0,0,0,0,0,0,0,0,0
63768,1,1,1991,0,0,0,0,0,0,0,0,0,0
63769,0,1,1991,0,0,0,0,0,0,0,0,0,0
63769,1,1,1991,0,24,0,0,0,0,0,0,10,0
63770,0,1,1991,0,0,0,0,0,0,0,0,0,0
63770,1,1,1991,0,0,0,0,0,0,0,0,0,0
63771,0,1,1991,0,0,0,0,0,0,0,0,0,0
63771,1,1,1991,0,0,0,0,0,0,0,0,0,0
63772,0,1,1991,0,0,0,0,0,0,0,0,0,0
63772,1,1,1991,0,0,0,0,0,0,0,0,0,0
63773,0,1,1991,24,24,24,24,24,24,24,24,24,24
63773,1,1,1991,0,0,0,0,0,0,0,0,0,0
63774,0,1,1991,33,33,33,33,33,33,33,33,33,33
63774,1,1,1991,0,24,0,0,0,0,0,0,0,12
63775,0,1,1991,27,15,17,0,0,8,25,0,0,0
63775,1,1,1991,0,0,0,0,0,0,0,0,0,0
63776,0,1,1991,28,28,28,28,28,28,28,28,28,28
63776,1,1,1991,0,0,0,0,0,0,0,0,0,0
63777,0,1,1991,0,0,0,0,0,0,0,0,0,0
63777,1,1,1991,0,0,0,0,0,0,0,0,0,0
63778,1,1,1991,8,8,8,8,8,8,8,8,8,8
63779,0,1,1991,0,0,0,0,0,0,0,0,0,0
63779,0,2,1991,0,0,0,16,0,0,20,23,0,31
63779,1,1,1991,20,0,0,0,18,4,0,0,13,13
63780,1,1,1991,30,30,30,30,30,30,30,30,30,30
63781,1,1,1991,21,21,21,21,21,21,21,21,21,21
63782,1,1,1991,14,14,14,14,14,14,14,14,14,14
63783,1,1,1991,0,0,0,0,0,0,0,0,0,0
63783,2,1,1991,0,0,0,0,0,0,0,0,0,0
63783,3,1,1991,0,0,0,0,0,0,0,0,0,0
63784,1,1,1991,26,26,26,26,26,26,26,26,26,26
63784,2,1,1991,0,0,0,16,0,0,8,0,0,7
63784,3,1,1991,0,24,0,0,0,0,0,0,0,0
63784,4,1,1991,0,0,0,0,0,0,0,0,0,0
63784,5,1,1991,0,0,0,0,0,0,0,0,0,0
63784,6,1,1991,0,0,0,0,0,0,0,0,0,0
63785,1,1,1991,26,26,26,26,26,26,26,26,26,26
63786,1,1,1991,0,0,0,0,0,0,0,0,0,0
63787,1,1,1991,7,7,7,7,7,7,7,7,7,7
63788,1,1,1991,0,0,0,0,0,0,0,0,0,0
63789,1,1,1991,0,0,0,0,0,0,0,0,0,0
63790,1,1,1991,0,0,0,0,0,0,0,0,0,0
63790,2,1,1991,0,0,0,0,0,0,0,0,0,0
63790,3,1,1991,0,0,0,0,0,0,0,0,0,0
63791,1,1,1991,20,20,20,20,20,20,20,20,20,20
63791,2,1,1991,0,0,0,0,0,0,0,0,0,0
63791,3,1,1991,0,0,0,0,0,0,0,0,0,0
63792,0,1,1991,31,31,31,31,31,31,31,31,31,31
63792,1,1,1991,0,0,0,0,0,0,0,0,0,0
63793,1,1,1991,3,3,3,3,3,3,3,3,3,3
63793,2,1,1991,0,0,0,0,0,0,0,0,0,0
63794,1,1,1991,10,10,10,10,10,10,10,10,10,10
63795,0,1,1991,35,35,35,35,35,35,35,35,35,35
63795,1,1,1991,0,0,0,0,0,0,0,0,0,0
63796,0,1,1991,0,0,0,0,0,0,0,0,0,0
63796,1,1,1991,0,0,0,0,0,0,0,0,0,0
63797,1,1,1991,0,0,0,0,0,0,0,0,0,0
63798,0,1,1991,0,0,0,0,0,0,0,0,0,0
63798,1,1,1991,0,0,0,21,0,0,0,0,0,0
63799,1,1,1991,0,0,0,0,0,0,0,0,0,0
63800,1,1,1991,0,0,0,0,0,0,0,0,0,0
63800,2,1,1991,0,0,0,0,0,0,5,0,0,0
63801,0,1,1991,0,0,0,0,0,0,0,0,0,0
63801,1,1,1991,0,0,0,0,0,0,0,0,0,0
63802,0,1,1991,22,22,22,22,22,22,22,22,22,22
63802,1,1,1991,0,10,11,11,17,9,0,0,0,0
63803,1,1,1991,0,0,0,0,0,0,0,0,0,0
63803,2,1,1991,16,19,9,30,11,8,22,2,4,26
63803,3,1,1991,0,0,0,0,0,0,0,0,0,0
63804,1,1,1991,0,0,0,0,0,0,0,0,0,0
63805,0,1,1991,0,0,0,0,0,0,0,0,0,0
63805,1,1,1991,0,0,0,0,0,0,0,0,15,0
63806,1,1,1991,11,29,0,11,20,11,9,11,0,0
63807,0,1,1991,26,26,26,26,26,26,26,26,26,26
63807,1,1,1991,0,0,0,0,0,0,0,0,0,0
63808,0,1,1991,0,0,0,0,0,0,0,0,0,0
63808,1,1,1991,0,0,0,0,0,0,0,0,0,0
63809,1,1,1991,9,9,9,9,9,9,9,9,9,9
63810,1,1,1991,19,19,19,19,19,19,19,19,19,19
63810,2,1,1991,0,0,0,0,0,0,0,0,0,0
63811,1,1,1991,0,0,0,0,0,0,0,0,0,0
63812,1,1,1991,30,30,30,30,30,30,30,30,30,30
63813,1,1,1991,25,25,25,25,25,25,25,25,25,25
63814,1,1,1991,0,0,0,0,0,0,0,0,0,0
63814,2,1,1991,0,0,0,0,0,0,0,0,0,0
63814,3,1,1991,0,0,0,0,0,0,0,0,0,0
63815,0,1,1991,0,0,0,0,0,0,0,0,0,0
63815,1,1,1991,16,16,16,16,16,16,16,16,16,16
63816,1,1,1991,8,8,8,8,8,8,8,8,8,8
63816,2,1,1991,0,0,0,0,0,0,0,0,0,0
63817,1,1,1991,0,0,0,0,0,0,0,0,0,0
63817,2,1,1991,0,0,0,0,0,0,0,0,0,0
63818,1,1,1991,0,0,0,0,0,0,0,0,0,0
63818,2,1,1991,0,0,0,0,0,0,0,0,0,0
63819,0,1,1991,0,0,0,0,0,0,0,0,0,0
63819,1,1,1991,0,0,0,0,0,0,22,0,0,0
63820,1,1,1991,4,4,4,4,4,4,4,4,4,4
63821,0,1,1991,0,5,4,0,4,0,0,0,0,0
63821,1,1,1991,0,0,0,0,0,0,0,0,0,0
63822,0,1,1991,14,14,14,14,14,14,14,14,14,14
63822,1,1,1991,0,0,0,18,12,0,0,0,0,8
63823,1,1,1991,0,0,0,0,0,0,0,0,0,0
63824,0,1,1991,0,0,0,0,0,0,0,0,0,0
63824,1,1,1991,0,0,0,0,0,0,0,0,0,0
63825,1,1,1991,23,23,23,23,23,23,23,23,23,23
63826,0,1,1991,26,26,26,26,26,26,26,26,26,26
63826,1,1,1991,0,0,0,0,0,0,0,0,0,0
63827,1,1,1991,26,26,26,26,26,26,26,26,26,26
63828,1,1,1991,25,25,25,25,25,25,25,25,25,25
63828,2,1,1991,0,0,0,0,0,0,0,0,0,0
63829,1,1,1991,0,0,0,0,0,0,0,0,0,0
63830,1,1,1991,0,0,0,0,0,0,0,0,0,0
63831,1,1,1991,0,0,0,0,0,0,0,0,0,0
63832,1,1,1991,0,0,0,0,0,0,0,0,0,0
63832,2,1,1991,0,0,0,0,0,0,0,0,0,0
63833,1,1,1991,7,7,7,7,7,7,7,7,7,7
63833,2,1,1991,0,0,0,0,0,0,0,0,0,0
63834,1,1,1991,0,0,0,0,0,0,0,0,0,0
63835,1,1,1991,24,19,9,7,12,4,8,9,0,23
63836,0,1,1991,11,11,11,11,11,11,11,11,11,11
63836,0,2,1991,26,26,0,18,22,13,14,0,27,19
63836,1,1,1991,8,8,8,8,8,8,8,8,8,8
63837,0,1,1991,0,0,0,0,0,0,0,0,0,0
63837,1,1,1991,0,0,0,0,0,0,0,0,0,0
63838,1,1,1991,10,10,10,10,10,10,10,10,10,10
63839,1,1,1991,9,9,9,9,9,9,9,9,9,9
63840,1,1,1991,0,0,0,0,0,0,0,0,0,0
63841,1,1,1991,19,17,5,12,23,17,0,11,0,17
63841,2,1,1991,0,0,0,0,0,0,0,0,0,0
63842,1,1,1991,16,16,16,16,16,16,16,16,16,16
63842,2,1,1991,0,0,0,0,0,0,12,0,0,0
63843,1,1,1991,0,0,0,0,0,0,0,0,0,0
63843,2,1,1991,0,18,0,0,0,11,0,11,0,22
63844,1,1,1991,18,18,18,18,18,18,18,18,18,18
63845,1,1,1991,0,0,0,0,0,9,0,0,0,0
63845,2,1,1991,8,8,8,8,8,8,8,8,8,8
63846,1,1,1991,24,24,24,24,24,24,24,24,24,24
63847,1,1,1991,30,30,30,30,30,30,30,30,30,30
63848,1,1,1991,0,0,0,0,0,0,0,0,0,0
63848,2,1,1991,0,0,0,0,0,0,0,0,0,0
63849,1,1,1991,5,5,5,5,5,5,5,5,5,5
63849,2,1,1991,0,0,0,0,0,0,0,0,0,0
63850,1,1,1991,0,0,0,0,0,0,4,0,0,0
63850,2,1,1991,9,9,9,9,9,9,9,9,9,9
63851,1,1,1991,10,10,10,10,10,10,10,10,10,10
63852,1,1,1991,0,9,0,0,0,13,0,0,0,23
63853,0,1,1991,0,0,0,0,0,0,14,0,0,14
63853,0,2,1991,0,0,0,0,0,0,0,0,0,0
63853,0,3,1991,0,0,0,0,0,0,0,0,0,0
63853,1,1,1991,0,0,0,0,0,0,0,0,0,0
63854,1,1,1991,2,2,2,2,2,2,2,2,2,2
63854,2,1,1991,0,0,0,0,0,0,0,0,0,0
63854,3,1,1991,0,0,0,0,0,0,0,0,0,0
63855,0,1,1991,25,26,24,21,18,35,32,20,39,31
63855,1,1,1991,0,0,0,0,0,0,0,0,22,0
63856,0,1,1991,0,0,0,0,0,0,0,0,0,0
63856,1,1,1991,0,0,0,0,0,0,0,0,0,0
63857,1,1,1991,23,18,37,30,18,17,11,17,22,10
63858,1,1,1991,4,4,4,4,4,4,4,4,4,4
63859,0,1,1991,0,0,0,0,0,0,0,0,0,0
63859,0,2,1991,0,0,0,0,0,0,0,0,0,0
63859,0,3,1991,0,0,0,0,0,0,0,0,0,0
63859,0,4,1991,0,0,7,0,0,0,24,20,3,9
63859,1,1,1991,0,0,0,0,0,0,0,0,0,0
63860,1,1,1991,0,0,0,0,0,0,0,0,0,0
63860,2,1,1991,0,0,0,0,0,0,0,0,0,0
63861,0,1,1991,0,15,0,0,0,0,0,0,0,0
63861,1,1,1991,0,0,0,0,0,0,0,0,0,0
63862,0,1,1991,0,0,0,0,0,0,0,0,0,0
63862,1,1,1991,0,0,0,0,0,18,0,0,0,0
63862,2,1,1991,0,0,0,0,0,0,0,6,0,0
63862,3,1,1991,0,7,0,0,0,0,0,0,0,0
63863,1,1,1991,9,9,9,9,9,9,9,9,9,9
63863,2,1,1991,0,0,0,0,0,0,0,0,0,0
63864,0,1,1991,0,0,0,0,0,0,0,0,0,20
63864,0,2,1991,0,0,0,0,24,0,12,0,13,6
63864,1,1,1991,0,0,0,0,0,0,0,0,0,0
63865,0,1,1991,19,19,19,19,19,19,19,19,19,19
63865,1,1,1991,0,0,0,0,9,0,0,0,10,0
63866,1,1,1991,0,0,0,0,0,0,0,0,0,0
63866,2,1,1991,0,0,0,0,0,0,0,0,0,0
63866,3,1,1991,0,0,0,0,0,0,0,0,0,0
63866,4,1,1991,0,0,0,0,0,0,0,0,0,0
63867,1,1,1991,0,0,0,0,0,0,0,0,0,0
63867,2,1,1991,0,0,0,0,0,0,0,0,0,0
63868,0,1,1991,0,0,0,0,0,0,0,0,0,0
63868,1,1,1991,0,0,0,0,0,22,0,0,0,0
63869,1,1,1991,0,0,0,0,0,0,0,0,0,0
63870,1,1,1991,0,0,14,0,0,16,0,0,19,0
63871,1,1,1991,0,0,0,0,0,0,0,0,0,0
63871,2,1,1991,0,0,0,0,0,0,0,0,0,0
63872,0,1,1991,0,0,0,0,0,0,0,0,0,0
63872,1,1,1991,0,0,0,0,0,0,0,0,0,0
63873,1,1,1991,0,0,0,0,0,0,0,0,0,0
63873,2,1,1991,0,0,0,0,0,0,0,0,0,0
63874,0,1,1991,0,0,0,0,0,0,0,0,0,0
63874,1,1,1991,0,0,0,0,0,0,0,0,0,0
63875,0,1,1991,0,0,27,27,0,0,7,21,0,17
63875,1,1,1991,2,0,0,0,0,0,0,0,0,0
63876,0,1,1991,0,0,0,0,0,0,0,0,0,0
63876,0,2,1991,0,0,0,0,0,0,0,0,0,0
63876,1,1,1991,0,0,0,0,0,0,0,0,0,0
63877,1,1,1991,24,24,24,24,24,24,24,24,24,24
63878,1,1,1991,0,0,0,0,0,16,0,0,0,0
63878,2,1,1991,0,0,0,0,0,0,0,0,0,0
63879,0,1,1991,0,0,0,0,0,0,0,0,0,0
63879,1,1,1991,0,0,0,0,0,0,0,0,0,0
63880,1,1,1991,0,0,0,0,0,0,0,0,0,0
63880,2,1,1991,0,0,0,0,0,0,0,17,0,0
63880,3,1,1991,0,0,0,0,0,0,0,0,0,0
63881,1,1,1991,0,0,0,0,0,0,0,0,0,0
63881,2,1,1991,0,0,0,0,0,0,0,0,0,0
63882,1,1,1991,28,28,28,28,28,28,28,28,28,28
63882,2,1,1991,0,0,9,0,0,0,0,0,0,0
63883,1,1,1991,0,0,0,0,0,0,0,0,0,0
63884,0,1,1991,0,0,0,0,0,0,0,0,0,0
63884,1,1,1991,0,0,0,0,0,0,0,0,0,0
63885,1,1,1991,14,14,14,14,14,14,14,14,14,14
63885,2,1,1991,0,0,0,0,0,0,0,0,0,0
63886,1,1,1991,0,6,0,0,16,32,0,0,13,14
63886,2,1,1991,3,3,3,3,3,3,3,3,3,3
63887,1,1,1991,0,0,0,0,0,0,0,0,0,0
63888,1,1,1991,0,0,0,0,0,0,0,0,0,0
63889,1,1,1991,0,0,0,0,0,0,0,0,0,0
63890,1,1,1991,0,0,0,0,0,0,0,0,0,0
63890,2,1,1991,0,0,0,0,15,0,0,0,0,0
63891,1,1,1991,3,3,3,3,3,3,3,3,3,3
63892,0,1,1991,0,0,0,0,0,0,0,0,0,0
63893,1,1,1991,43,43,43,43,43,43,43,43,43,43
63893,2,1,1991,0,0,0,0,0,0,0,0,0,0
63894,0,1,1991,14,14,14,14,14,14,14,14,14,14
63894,1,1,1991,0,0,0,0,0,0,0,0,0,0
63895,0,1,1991,5,0,38,14,25,18,15,25,16,22
63895,1,1,1991,0,0,0,13,10,10,0,0,12,18
63896,1,1,1991,0,0,0,0,0,0,0,0,0,0
63897,0,1,1991,22,23,37,17,12,23,28,15,13,21
63897,1,1,1991,0,0,0,29,0,0,0,7,0,0
63897,2,1,1991,0,0,0,0,0,0,0,0,0,0
63897,3,1,1991,0,0,0,0,0,0,0,0,0,0
63898,1,1,1991,24,24,24,24,24,24,24,24,24,24
63899,1,1,1991,18,18,18,18,18,18,18,18,18,18
63900,1,1,1991,0,0,0,0,0,0,0,0,0,0
63901,0,1,1991,16,16,16,16,16,16,16,16,16,16
63901,1,1,1991,0,0,0,0,21,0,18,0,0,0
63902,1,1,1991,0,0,0,0,0,0,0,0,0,0
63903,1,1,1991,0,0,0,0,0,0,0,0,0,0
63903,2,1,1991,0,0,0,0,0,0,0,0,0,0
63904,0,1,1991,0,0,0,0,0,0,0,0,0,0
63904,1,1,1991,14,0,0,0,0,0,0,0,0,0
63904,2,1,1991,0,0,10,0,15,16,8,0,0,0
63904,3,1,1991,0,0,0,0,0,0,11,0,0,16
63904,4,1,1991,0,0,14,3,9,0,0,0,0,16
63905,1,1,1991,19,19,19,19,19,19,19,19,19,19
63906,1,1,1991,0,0,0,0,0,0,0,0,0,0
63906,2,1,1991,0,0,0,0,0,0,0,0,0,0
63907,1,1,1991,0,0,0,0,0,0,0,0,0,0
63907,2,1,1991,8,8,8,8,8,8,8,8,8,8
63908,1,1,1991,24,24,24,24,24,24,24,24,24,24
63909,1,1,1991,13,13,13,13,13,13,13,13,13,13
63909,2,1,1991,0,0,0,0,0,18,0,0,0,0
63910,0,1,1991,0,0,0,0,0,0,0,0,0,0
63910,0,2,1991,0,0,0,0,0,0,0,0,10,0
63910,1,1,1991,0,0,0,0,0,0,0,0,0,0
63911,1,1,1991,0,0,0,0,0,0,0,0,0,0
63911,2,1,1991,0,0,0,0,0,0,0,0,0,0
63912,1,1,1991,0,0,0,0,7,0,0,8,0,0
63913,1,1,1991,0,0,0,0,0,0,0,0,0,0
63914,0,1,1991,16,16,16,16,16,16,16,16,16,16
63914,1,1,1991,12,14,8,13,15,0,12,0,30,4
63914,2,1,1991,0,0,0,0,0,0,0,0,0,0
63915,0,1,1991,0,0,0,0,0,0,0,0,0,0
63915,1,1,1991,0,0,0,0,0,0,0,0,0,0
63916,1,1,1991,0,0,0,0,0,0,0,0,0,0
63916,2,1,1991,0,0,0,0,0,0,0,0,0,0
63917,1,1,1991,21,21,21,21,21,21,21,21,21,21
63917,2,1,1991,0,0,0,0,0,0,0,0,0,0
63917,3,1,1991,0,0,0,0,0,0,0,0,0,0
63918,1,1,1991,23,23,23,23,23,23,23,23,23,23
63918,2,1,1991,0,0,0,0,0,0,0,0,0,0
63919,0,1,1991,33,33,33,33,33,33,33,33,33,33
63919,1,1,1991,0,0,0,0,0,0,0,0,0,0
63920,1,1,1991,0,0,0,0,0,0,0,0,0,0
63920,2,1,1991,0,0,0,0,0,0,0,0,0,0
63921,1,1,1991,26,26,26,26,26,26,26,26,26,26
63922,1,1,1991,0,0,0,0,0,0,0,0,0,0
63923,0,1,1991,0,0,0,0,0,0,0,0,0,0
63923,1,1,1991,0,0,0,0,0,0,0,0,0,0
63924,1,1,1991,0,0,0,0,0,0,0,0,0,0
63925,1,1,1991,0,0,0,0,0,0,0,0,0,0
63925,2,1,1991,9,0,0,0,0,0,0,0,0,0
63926,1,1,1991,27,27,27,27,27,27,27,27,27,27
63926,2,1,1991,0,0,0,0,24,0,0,0,17,0
63927,1,1,1991,9,9,9,9,9,9,9,9,9,9
63928,2,1,1991,11,11,11,11,11,11,11,11,11,11
63929,1,1,1991,0,0,0,0,0,0,0,0,0,0
63929,2,1,1991,0,0,0,0,0,0,0,0,0,0
63929,3,1,1991,0,0,0,0,0,0,0,0,0,0
63930,0,1,1991,0,0,0,0,0,0,0,0,0,0
63930,1,1,1991,0,0,0,0,0,0,0,0,0,0
63931,1,1,1991,13,13,13,13,13,13,13,13,13,13
63931,2,1,1991,0,0,0,0,0,0,0,0,0,0
63932,1,1,1991,0,0,0,0,0,0,0,0,0,0
63933,0,1,1991,39,39,39,39,39,39,39,39,39,39
63933,1,1,1991,0,0,0,0,0,0,0,0,0,0
63934,1,1,1991,17,17,17,17,17,17,17,17,17,17
63934,2,1,1991,3,3,3,3,3,3,3,3,3,3
63935,1,1,1991,0,0,0,0,0,0,0,0,0,0
63936,0,1,1991,2,2,2,2,2,2,2,2,2,2
63936,1,1,1991,0,0,0,0,17,0,0,0,0,0
63937,0,1,1991,0,0,0,0,0,0,0,0,0,0
63937,1,1,1991,0,0,0,0,0,0,0,0,0,0
63938,1,1,1991,0,0,0,0,0,0,0,0,0,0
63939,0,1,1991,32,32,32,32,32,32,32,32,32,32
63939,1,1,1991,0,9,21,0,19,0,0,14,0,0
63940,0,1,1991,29,29,29,29,29,29,29,29,29,29
63940,1,1,1991,0,0,0,0,0,32,0,0,0,0
63941,1,1,1991,21,21,21,21,21,21,21,21,21,21
63942,0,1,1991,0,0,0,0,0,0,0,0,0,0
63942,1,1,1991,0,0,0,0,0,0,0,0,0,0
63943,1,1,1991,0,0,0,0,0,0,0,0,0,0
63943,2,1,1991,0,0,0,0,0,0,0,0,0,0
63944,0,1,1991,0,0,0,0,0,0,0,0,0,0
63944,1,1,1991,0,0,0,0,0,0,0,0,0,0
63944,2,1,1991,0,11,0,0,0,0,0,0,0,0
63945,1,1,1991,0,0,0,0,0,0,10,0,0,0
63945,2,1,1991,0,0,0,0,0,0,0,0,0,0
63946,0,1,1991,0,0,0,0,0,0,0,0,0,0
63946,1,1,1991,0,0,0,0,0,0,0,0,0,0
63947,0,1,1991,0,0,0,0,0,0,0,0,0,0
63947,1,1,1991,0,0,0,0,0,0,0,0,12,0
63948,0,1,1991,0,0,0,0,0,0,0,0,0,0
63948,1,1,1991,0,0,0,0,0,0,0,0,0,0
63949,1,1,1991,23,23,23,23,23,23,23,23,23,23
63949,2,1,1991,0,0,0,0,0,0,0,0,0,0
63950,0,1,1991,34,34,34,34,34,34,34,34,34,34
63950,1,1,1991,0,0,0,0,0,0,0,0,0,0
63951,0,1,1991,22,8,43,23,37,32,34,13,21,16
63951,1,1,1991,0,0,0,0,0,0,0,0,0,0
63952,0,1,1991,0,0,0,0,0,0,0,0,0,0
63952,1,1,1991,0,0,0,0,0,0,0,6,0,0
63953,1,1,1991,13,13,13,13,13,13,13,13,13,13
63954,1,1,1991,16,16,16,16,16,16,16,16,16,16
63954,2,1,1991,0,0,0,0,0,0,0,0,0,0
63955,0,1,1991,8,8,8,8,8,8,8,8,8,8
63955,1,1,1991,8,8,8,8,8,8,8,8,8,8
63956,1,1,1991,20,20,20,20,20,20,20,20,20,20
63957,0,1,1991,19,19,19,19,19,19,19,19,19,19
63957,1,1,1991,0,0,9,0,0,0,13,0,0,0
63958,0,1,1991,24,24,24,24,24,24,24,24,24,24
63958,1,1,1991,0,0,0,0,0,0,0,0,0,0
63959,1,1,1991,20,20,20,20,20,20,20,20,20,20
63959,2,1,1991,0,0,0,0,0,0,0,0,0,0
63960,0,1,1991,0,0,0,0,0,0,0,0,0,0
63960,1,1,1991,15,0,0,0,9,8,0,19,0,0
63961,1,1,1991,18,0,17,15,15,17,15,9,12,19
63962,1,1,1991,0,0,0,0,0,0,0,0,0,0
63962,2,1,1991,0,0,0,0,0,0,0,0,0,0
63963,1,1,1991,0,0,0,20,15,0,7,0,0,0
63964,1,1,1991,0,0,0,0,0,0,0,0,0,0
63964,2,1,1991,0,0,0,0,0,0,0,0,0,0
63965,1,1,1991,0,0,0,0,0,0,0,0,0,0
63965,2,1,1991,0,0,0,0,0,0,0,0,0,0
63966,1,1,1991,0,0,0,0,0,0,0,0,0,0
63967,1,1,1991,29,29,29,29,29,29,29,29,29,29
63967,2,1,1991,0,0,0,0,0,0,0,0,0,0
63967,3,1,1991,0,0,0,0,0,0,0,0,0,0
63968,1,1,1991,6,6,6,6,6,6,6,6,6,6
63968,2,1,1991,0,0,0,0,0,0,0,0,0,0
63968,3,1,1991,35,15,8,14,16,23,15,26,0,4
63969,0,1,1991,24,18,20,13,12,8,8,21,30,17